INSERT INTO Creature VALUES(1, 'Aboleth', 'Large', 'aberration', NULL, 'lawful evil', 21, 9, 15, 18, 15, 18, '10', 0); 
INSERT INTO Speed(creatureId, name) VALUES(1, '10 ft.'); 
INSERT INTO Speed(creatureId, name) VALUES(1, ' swim 40 ft.'); 
INSERT INTO SavingThrow (creatureId, name, modifier) VALUES(1, 'constitution_save', 6); 
INSERT INTO SavingThrow (creatureId, name, modifier) VALUES(1, 'intelligence_save', 8); 
INSERT INTO SavingThrow (creatureId, name, modifier) VALUES(1, 'wisdom_save', 6); 
INSERT INTO Skill (creatureId, name, modifier) VALUES(1, 'history', 12); 
INSERT INTO Skill (creatureId, name, modifier) VALUES(1, 'perception', 10); 
INSERT INTO Sense(creatureId, description) VALUES(1, 'darkvision 120 ft.'); 
INSERT INTO Sense(creatureId, description) VALUES(1, ' passive Perception 20'); 
INSERT INTO Language(creatureId, name) VALUES(1, 'Deep Speech'); 
INSERT INTO Language(creatureId, name) VALUES(1, ' telepathy 120 ft.'); 
INSERT INTO ArmorClass(creatureId, value) VALUES(1, 17); 
INSERT INTO HitPoint(creatureId, value, hitDice) VALUES(1, 135, '18d10'); 
INSERT INTO Action(creatureId, name, description, attackBonus, damageDice, damageBonus, actionCategory) VALUES(1, 'Amphibious', 'The aboleth can breathe air and water.', 0, NULL, NULL, 'SpecialAbility'); 
INSERT INTO Action(creatureId, name, description, attackBonus, damageDice, damageBonus, actionCategory) VALUES(1, 'Mucous Cloud', 'While underwater, the aboleth is surrounded by transformative mucus. A creature that touches the aboleth or that hits it with a melee attack while within 5 ft. of it must make a DC 14 Constitution saving throw. On a failure, the creature is diseased for 1d4 hours. The diseased creature can breathe only underwater.', 0, NULL, NULL, 'SpecialAbility'); 
INSERT INTO Action(creatureId, name, description, attackBonus, damageDice, damageBonus, actionCategory) VALUES(1, 'Probing Telepathy', 'If a creature communicates telepathically with the aboleth, the aboleth learns the creature''s greatest desires if the aboleth can see the creature.', 0, NULL, NULL, 'SpecialAbility'); 
INSERT INTO Action(creatureId, name, description, attackBonus, damageDice, damageBonus, actionCategory) VALUES(1, 'Multiattack', 'The aboleth makes three tentacle attacks.', 0, NULL, NULL, 'Action'); 
INSERT INTO Action(creatureId, name, description, attackBonus, damageDice, damageBonus, actionCategory) VALUES(1, 'Tentacle', 'Melee Weapon Attack: +9 to hit, reach 10 ft., one target. Hit: 12 (2d6 + 5) bludgeoning damage. If the target is a creature, it must succeed on a DC 14 Constitution saving throw or become diseased. The disease has no effect for 1 minute and can be removed by any magic that cures disease. After 1 minute, the diseased creature''s skin becomes translucent and slimy, the creature can''t regain hit points unless it is underwater, and the disease can be removed only by heal or another disease-curing spell of 6th level or higher. When the creature is outside a body of water, it takes 6 (1d12) acid damage every 10 minutes unless moisture is applied to the skin before 10 minutes have passed.', 9, '2d6', 5, 'Action'); 
INSERT INTO Action(creatureId, name, description, attackBonus, damageDice, damageBonus, actionCategory) VALUES(1, 'Tail', 'Melee Weapon Attack: +9 to hit, reach 10 ft. one target. Hit: 15 (3d6 + 5) bludgeoning damage.', 9, '3d6', 5, 'Action'); 
INSERT INTO Action(creatureId, name, description, attackBonus, damageDice, damageBonus, actionCategory) VALUES(1, 'Enslave (3/day)', 'The aboleth targets one creature it can see within 30 ft. of it. The target must succeed on a DC 14 Wisdom saving throw or be magically charmed by the aboleth until the aboleth dies or until it is on a different plane of existence from the target. The charmed target is under the aboleth''s control and can''t take reactions, and the aboleth and the target can communicate telepathically with each other over any distance.
Whenever the charmed target takes damage, the target can repeat the saving throw. On a success, the effect ends. No more than once every 24 hours, the target can also repeat the saving throw when it is at least 1 mile away from the aboleth.', 0, NULL, NULL, 'Action'); 
INSERT INTO Action(creatureId, name, description, attackBonus, damageDice, damageBonus, actionCategory) VALUES(1, 'Detect', 'The aboleth makes a Wisdom (Perception) check.', 0, NULL, NULL, 'LegendaryAction'); 
INSERT INTO Action(creatureId, name, description, attackBonus, damageDice, damageBonus, actionCategory) VALUES(1, 'Tail Swipe', 'The aboleth makes one tail attack.', 0, NULL, NULL, 'LegendaryAction'); 
INSERT INTO Action(creatureId, name, description, attackBonus, damageDice, damageBonus, actionCategory) VALUES(1, 'Psychic Drain (Costs 2 Actions)', 'One creature charmed by the aboleth takes 10 (3d6) psychic damage, and the aboleth regains hit points equal to the damage the creature takes.', 0, NULL, NULL, 'LegendaryAction'); 
INSERT INTO Creature VALUES(2, 'Acolyte', 'Medium', 'humanoid', 'any race', 'any alignment', 10, 10, 10, 10, 14, 11, '1/4', 0); 
INSERT INTO Speed(creatureId, name) VALUES(2, '30 ft.'); 
INSERT INTO Skill (creatureId, name, modifier) VALUES(2, 'medicine', 4); 
INSERT INTO Skill (creatureId, name, modifier) VALUES(2, 'religion', 2); 
INSERT INTO Sense(creatureId, description) VALUES(2, 'passive Perception 12'); 
INSERT INTO Language(creatureId, name) VALUES(2, 'any one language (usually Common)'); 
INSERT INTO ArmorClass(creatureId, value) VALUES(2, 10); 
INSERT INTO HitPoint(creatureId, value, hitDice) VALUES(2, 9, '2d8'); 
INSERT INTO Action(creatureId, name, description, attackBonus, damageDice, damageBonus, actionCategory) VALUES(2, 'Spellcasting', 'The acolyte is a 1st-level spellcaster. Its spellcasting ability is Wisdom (spell save DC 12, +4 to hit with spell attacks). The acolyte has following cleric spells prepared:

• Cantrips (at will): light, sacred flame, thaumaturgy
• 1st level (3 slots): bless, cure wounds, sanctuary', 0, NULL, NULL, 'SpecialAbility'); 
INSERT INTO Action(creatureId, name, description, attackBonus, damageDice, damageBonus, actionCategory) VALUES(2, 'Club', 'Melee Weapon Attack: +2 to hit, reach 5 ft., one target. Hit: 2 (1d4) bludgeoning damage.', 2, '1d4', NULL, 'Action'); 
INSERT INTO Creature VALUES(3, 'Adult Black Dragon', 'Huge', 'dragon', NULL, 'chaotic evil', 23, 14, 21, 14, 13, 17, '14', 0); 
INSERT INTO Speed(creatureId, name) VALUES(3, '40 ft.'); 
INSERT INTO Speed(creatureId, name) VALUES(3, ' fly 80 ft.'); 
INSERT INTO Speed(creatureId, name) VALUES(3, ' swim 40 ft.'); 
INSERT INTO SavingThrow (creatureId, name, modifier) VALUES(3, 'dexterity_save', 7); 
INSERT INTO SavingThrow (creatureId, name, modifier) VALUES(3, 'constitution_save', 10); 
INSERT INTO SavingThrow (creatureId, name, modifier) VALUES(3, 'wisdom_save', 6); 
INSERT INTO SavingThrow (creatureId, name, modifier) VALUES(3, 'charisma_save', 8); 
INSERT INTO Skill (creatureId, name, modifier) VALUES(3, 'perception', 11); 
INSERT INTO Skill (creatureId, name, modifier) VALUES(3, 'stealth', 7); 
INSERT INTO DamageImmunity(creatureId, name) VALUES(3, 'acid'); 
INSERT INTO Sense(creatureId, description) VALUES(3, 'blindsight 60 ft.'); 
INSERT INTO Sense(creatureId, description) VALUES(3, ' darkvision 120 ft.'); 
INSERT INTO Sense(creatureId, description) VALUES(3, ' passive Perception 21'); 
INSERT INTO Language(creatureId, name) VALUES(3, 'Common'); 
INSERT INTO Language(creatureId, name) VALUES(3, ' Draconic'); 
INSERT INTO ArmorClass(creatureId, value) VALUES(3, 19); 
INSERT INTO HitPoint(creatureId, value, hitDice) VALUES(3, 195, '17d12'); 
INSERT INTO Action(creatureId, name, description, attackBonus, damageDice, damageBonus, actionCategory) VALUES(3, 'Amphibious', 'The dragon can breathe air and water.', 0, NULL, NULL, 'SpecialAbility'); 
INSERT INTO Action(creatureId, name, description, attackBonus, damageDice, damageBonus, actionCategory) VALUES(3, 'Legendary Resistance (3/Day)', 'If the dragon fails a saving throw, it can choose to succeed instead.', 0, NULL, NULL, 'SpecialAbility'); 
INSERT INTO Action(creatureId, name, description, attackBonus, damageDice, damageBonus, actionCategory) VALUES(3, 'Multiattack', 'The dragon can use its Frightful Presence. It then makes three attacks: one with its bite and two with its claws.', 0, NULL, NULL, 'Action'); 
INSERT INTO Action(creatureId, name, description, attackBonus, damageDice, damageBonus, actionCategory) VALUES(3, 'Bite', 'Melee Weapon Attack: +11 to hit, reach 10 ft., one target. Hit: 17 (2d10 + 6) piercing damage plus 4 (1d8) acid damage.', 11, '2d10 + 1d8', 6, 'Action'); 
INSERT INTO Action(creatureId, name, description, attackBonus, damageDice, damageBonus, actionCategory) VALUES(3, 'Claw', 'Melee Weapon Attack: +11 to hit, reach 5 ft., one target. Hit: 13 (2d6 + 6) slashing damage.', 11, '2d6', 6, 'Action'); 
INSERT INTO Action(creatureId, name, description, attackBonus, damageDice, damageBonus, actionCategory) VALUES(3, 'Tail', 'Melee Weapon Attack: +11 to hit, reach 15 ft., one target. Hit: 15 (2d8 + 6) bludgeoning damage.', 11, '2d8', 6, 'Action'); 
INSERT INTO Action(creatureId, name, description, attackBonus, damageDice, damageBonus, actionCategory) VALUES(3, 'Frightful Presence', 'Each creature of the dragon''s choice that is within 120 feet of the dragon and aware of it must succeed on a DC 16 Wisdom saving throw or become frightened for 1 minute. A creature can repeat the saving throw at the end of each of its turns, ending the effect on itself on a success. If a creature''s saving throw is successful or the effect ends for it, the creature is immune to the dragon''s Frightful Presence for the next 24 hours.', 0, NULL, NULL, 'Action'); 
INSERT INTO Action(creatureId, name, description, attackBonus, damageDice, damageBonus, actionCategory) VALUES(3, 'Acid Breath (Recharge 5-6)', 'The dragon exhales acid in a 60-foot line that is 5 feet wide. Each creature in that line must make a DC 18 Dexterity saving throw, taking 54 (12d8) acid damage on a failed save, or half as much damage on a successful one.', 0, '12d8', NULL, 'Action'); 
INSERT INTO Action(creatureId, name, description, attackBonus, damageDice, damageBonus, actionCategory) VALUES(3, 'Detect', 'The dragon makes a Wisdom (Perception) check.', 0, NULL, NULL, 'LegendaryAction'); 
INSERT INTO Action(creatureId, name, description, attackBonus, damageDice, damageBonus, actionCategory) VALUES(3, 'Tail Attack', 'The dragon makes a tail attack.', 0, NULL, NULL, 'LegendaryAction'); 
INSERT INTO Action(creatureId, name, description, attackBonus, damageDice, damageBonus, actionCategory) VALUES(3, 'Wing Attack (Costs 2 Actions)', 'The dragon beats its wings. Each creature within 10 ft. of the dragon must succeed on a DC 19 Dexterity saving throw or take 13 (2d6 + 6) bludgeoning damage and be knocked prone. The dragon can then fly up to half its flying speed.', 0, NULL, NULL, 'LegendaryAction'); 
INSERT INTO Creature VALUES(4, 'Adult Blue Dracolich', 'Huge', 'undead', NULL, 'lawful evil', 25, 10, 23, 16, 15, 19, '17', 0); 
INSERT INTO Speed(creatureId, name) VALUES(4, '40 ft.'); 
INSERT INTO Speed(creatureId, name) VALUES(4, ' burrow 30 ft.'); 
INSERT INTO Speed(creatureId, name) VALUES(4, ' fly 80 ft.'); 
INSERT INTO Skill (creatureId, name, modifier) VALUES(4, 'perception', 12); 
INSERT INTO DamageResistance(creatureId, name) VALUES(4, 'necrotic'); 
INSERT INTO DamageImmunity(creatureId, name) VALUES(4, 'lightning, poison'); 
INSERT INTO ConditionImmunity(creatureId, name) VALUES(4, 'charmed, exhaustion, frightened, paralyzed, poisoned'); 
INSERT INTO Sense(creatureId, description) VALUES(4, 'blindsight 60 ft.'); 
INSERT INTO Sense(creatureId, description) VALUES(4, ' darkvision 120 ft.'); 
INSERT INTO Sense(creatureId, description) VALUES(4, ' passive Perception 22'); 
INSERT INTO Language(creatureId, name) VALUES(4, 'Common'); 
INSERT INTO Language(creatureId, name) VALUES(4, ' Draconic'); 
INSERT INTO ArmorClass(creatureId, value) VALUES(4, 19); 
INSERT INTO HitPoint(creatureId, value, hitDice) VALUES(4, 225, '18d12'); 
INSERT INTO Action(creatureId, name, description, attackBonus, damageDice, damageBonus, actionCategory) VALUES(4, 'Legendary Resistance (3/Day)', 'If the dracolich fails a saving throw, it can choose to succeed instead.', 0, NULL, NULL, 'SpecialAbility'); 
INSERT INTO Action(creatureId, name, description, attackBonus, damageDice, damageBonus, actionCategory) VALUES(4, 'Magic Resistance', 'The dracolich has advantage on saving throws against spells and other magical effects.', 0, NULL, NULL, 'SpecialAbility'); 
INSERT INTO Action(creatureId, name, description, attackBonus, damageDice, damageBonus, actionCategory) VALUES(4, 'Multiattack', 'The dracolich can use its Frightful Presence. It then makes three attacks: one with its bite and two with its claws.', 0, NULL, NULL, 'Action'); 
INSERT INTO Action(creatureId, name, description, attackBonus, damageDice, damageBonus, actionCategory) VALUES(4, 'Bite', 'Melee Weapon Attack: +12 to hit, reach 10 ft., one target. Hit: 18 (2d10 + 7) piercing damage plus 5 (1d10) lightning damage.', 12, '2d10 + 1d10', 7, 'Action'); 
INSERT INTO Action(creatureId, name, description, attackBonus, damageDice, damageBonus, actionCategory) VALUES(4, 'Claw', 'Melee Weapon Attack: +12 to hit, reach 5 ft., one target. Hit: 14 (2d6 + 7) slashing damage.', 12, '2d6', 7, 'Action'); 
INSERT INTO Action(creatureId, name, description, attackBonus, damageDice, damageBonus, actionCategory) VALUES(4, 'Tail', 'Melee Weapon Attack: +12 to hit, reach 15 ft., one target. Hit: 16 (2d8 + 7) bludgeoning damage.', 12, '2d8', 7, 'Action'); 
INSERT INTO Action(creatureId, name, description, attackBonus, damageDice, damageBonus, actionCategory) VALUES(4, 'Frightful Presence', 'Each creature of the dracolich''s choice that is within 120 feet of the dracolich and aware of it must succeed on a DC 18 Wisdom saving throw or become frightened for 1 minute. A creature can repeat the saving throw at the end of each of its turns, ending the effect on itself on a success. If a creature''s saving throw is successful or the effect ends for it, the creature is immune to the dracolich''s Frightful Presence for the next 24 hours.', 0, NULL, NULL, 'Action'); 
INSERT INTO Action(creatureId, name, description, attackBonus, damageDice, damageBonus, actionCategory) VALUES(4, 'Lightning Breath (Recharge 5-6)', 'The dracolich exhales lightning in a 90-foot line that is 5 feet wide. Each creature in that line must make a DC 20 Dexterity saving throw, taking 66 (12d10) lightning damage on a failed save, or half as much damage on a successful one.', 0, '12d10', NULL, 'Action'); 
INSERT INTO Action(creatureId, name, description, attackBonus, damageDice, damageBonus, actionCategory) VALUES(4, 'Detect', 'The dracolich makes a Wisdom (Perception) check.', 0, NULL, NULL, 'LegendaryAction'); 
INSERT INTO Action(creatureId, name, description, attackBonus, damageDice, damageBonus, actionCategory) VALUES(4, 'Tail Attack', 'The dracolich makes a tail attack.', 0, NULL, NULL, 'LegendaryAction'); 
INSERT INTO Action(creatureId, name, description, attackBonus, damageDice, damageBonus, actionCategory) VALUES(4, 'Wing Attack (Costs 2 Actions)', 'The dracolich beats its tattered wings. Each creature within 10 ft. of the dracolich must succeed on a DC 21 Dexterity saving throw or take 14 (2d6 + 7) bludgeoning damage and be knocked prone. After beating its wings this way, the dracolich can fly up to half its flying speed.', 0, NULL, NULL, 'LegendaryAction'); 
INSERT INTO Creature VALUES(5, 'Adult Blue Dragon', 'Huge', 'dragon', NULL, 'lawful evil', 25, 10, 23, 16, 15, 19, '16', 0); 
INSERT INTO Speed(creatureId, name) VALUES(5, '40 ft.'); 
INSERT INTO Speed(creatureId, name) VALUES(5, ' burrow 30 ft.'); 
INSERT INTO Speed(creatureId, name) VALUES(5, ' fly 80 ft.'); 
INSERT INTO SavingThrow (creatureId, name, modifier) VALUES(5, 'dexterity_save', 5); 
INSERT INTO SavingThrow (creatureId, name, modifier) VALUES(5, 'constitution_save', 11); 
INSERT INTO SavingThrow (creatureId, name, modifier) VALUES(5, 'wisdom_save', 7); 
INSERT INTO SavingThrow (creatureId, name, modifier) VALUES(5, 'charisma_save', 9); 
INSERT INTO Skill (creatureId, name, modifier) VALUES(5, 'perception', 12); 
INSERT INTO Skill (creatureId, name, modifier) VALUES(5, 'stealth', 5); 
INSERT INTO DamageImmunity(creatureId, name) VALUES(5, 'lightning'); 
INSERT INTO Sense(creatureId, description) VALUES(5, 'blindsight 60 ft.'); 
INSERT INTO Sense(creatureId, description) VALUES(5, ' darkvision 120 ft.'); 
INSERT INTO Sense(creatureId, description) VALUES(5, ' passive Perception 22'); 
INSERT INTO Language(creatureId, name) VALUES(5, 'Common'); 
INSERT INTO Language(creatureId, name) VALUES(5, ' Draconic'); 
INSERT INTO ArmorClass(creatureId, value) VALUES(5, 19); 
INSERT INTO HitPoint(creatureId, value, hitDice) VALUES(5, 225, '18d12'); 
INSERT INTO Action(creatureId, name, description, attackBonus, damageDice, damageBonus, actionCategory) VALUES(5, 'Legendary Resistance (3/Day)', 'If the dragon fails a saving throw, it can choose to succeed instead.', 0, NULL, NULL, 'SpecialAbility'); 
INSERT INTO Action(creatureId, name, description, attackBonus, damageDice, damageBonus, actionCategory) VALUES(5, 'Multiattack', 'The dragon can use its Frightful Presence. It then makes three attacks: one with its bite and two with its claws.', 0, NULL, NULL, 'Action'); 
INSERT INTO Action(creatureId, name, description, attackBonus, damageDice, damageBonus, actionCategory) VALUES(5, 'Bite', 'Melee Weapon Attack: +12 to hit, reach 10 ft., one target. Hit: 18 (2d10 + 7) piercing damage plus 5 (1d10) lightning damage.', 12, '2d10 + 1d10', 7, 'Action'); 
INSERT INTO Action(creatureId, name, description, attackBonus, damageDice, damageBonus, actionCategory) VALUES(5, 'Claw', 'Melee Weapon Attack: +12 to hit, reach 5 ft., one target. Hit: 14 (2d6 + 7) slashing damage.', 12, '2d6', 7, 'Action'); 
INSERT INTO Action(creatureId, name, description, attackBonus, damageDice, damageBonus, actionCategory) VALUES(5, 'Tail', 'Melee Weapon Attack: +12 to hit, reach 15 ft., one target. Hit: 16 (2d8 + 7) bludgeoning damage.', 12, '2d8', 7, 'Action'); 
INSERT INTO Action(creatureId, name, description, attackBonus, damageDice, damageBonus, actionCategory) VALUES(5, 'Frightful Presence', 'Each creature of the dragon''s choice that is within 120 ft. of the dragon and aware of it must succeed on a DC 17 Wisdom saving throw or become frightened for 1 minute. A creature can repeat the saving throw at the end of each of its turns, ending the effect on itself on a success. If a creature''s saving throw is successful or the effect ends for it, the creature is immune to the dragon''s Frightful Presence for the next 24 hours.', 0, NULL, NULL, 'Action'); 
INSERT INTO Action(creatureId, name, description, attackBonus, damageDice, damageBonus, actionCategory) VALUES(5, 'Lightning Breath (Recharge 5-6)', 'The dragon exhales lightning in a 90-foot line that is 5 ft. wide. Each creature in that line must make a DC 19 Dexterity saving throw, taking 66 (12d10) lightning damage on a failed save, or half as much damage on a successful one.', 0, '12d10', NULL, 'Action'); 
INSERT INTO Action(creatureId, name, description, attackBonus, damageDice, damageBonus, actionCategory) VALUES(5, 'Detect', 'The dragon makes a Wisdom (Perception) check.', 0, NULL, NULL, 'LegendaryAction'); 
INSERT INTO Action(creatureId, name, description, attackBonus, damageDice, damageBonus, actionCategory) VALUES(5, 'Tail Attack', 'The dragon makes a tail attack.', 0, NULL, NULL, 'LegendaryAction'); 
INSERT INTO Action(creatureId, name, description, attackBonus, damageDice, damageBonus, actionCategory) VALUES(5, 'Wing Attack (Costs 2 Actions)', 'The dragon beats its wings. Each creature within 10 ft. of the dragon must succeed on a DC 20 Dexterity saving throw or take 14 (2d6 + 7) bludgeoning damage and be knocked prone. The dragon can then fly up to half its flying speed.', 0, NULL, NULL, 'LegendaryAction'); 
INSERT INTO Creature VALUES(6, 'Adult Brass Dragon', 'Huge', 'dragon', NULL, 'chaotic good', 23, 10, 21, 14, 13, 17, '13', 0); 
INSERT INTO Speed(creatureId, name) VALUES(6, '40 ft.'); 
INSERT INTO Speed(creatureId, name) VALUES(6, ' burrow 40 ft.'); 
INSERT INTO Speed(creatureId, name) VALUES(6, ' fly 80 ft.'); 
INSERT INTO SavingThrow (creatureId, name, modifier) VALUES(6, 'dexterity_save', 5); 
INSERT INTO SavingThrow (creatureId, name, modifier) VALUES(6, 'constitution_save', 10); 
INSERT INTO SavingThrow (creatureId, name, modifier) VALUES(6, 'wisdom_save', 6); 
INSERT INTO SavingThrow (creatureId, name, modifier) VALUES(6, 'charisma_save', 8); 
INSERT INTO Skill (creatureId, name, modifier) VALUES(6, 'history', 7); 
INSERT INTO Skill (creatureId, name, modifier) VALUES(6, 'perception', 11); 
INSERT INTO Skill (creatureId, name, modifier) VALUES(6, 'persuasion', 8); 
INSERT INTO Skill (creatureId, name, modifier) VALUES(6, 'stealth', 5); 
INSERT INTO DamageImmunity(creatureId, name) VALUES(6, 'fire'); 
INSERT INTO Sense(creatureId, description) VALUES(6, 'blindsight 60 ft.'); 
INSERT INTO Sense(creatureId, description) VALUES(6, ' darkvision 120 ft.'); 
INSERT INTO Sense(creatureId, description) VALUES(6, ' passive Perception 21'); 
INSERT INTO Language(creatureId, name) VALUES(6, 'Common'); 
INSERT INTO Language(creatureId, name) VALUES(6, ' Draconic'); 
INSERT INTO ArmorClass(creatureId, value) VALUES(6, 18); 
INSERT INTO HitPoint(creatureId, value, hitDice) VALUES(6, 172, '15d12'); 
INSERT INTO Action(creatureId, name, description, attackBonus, damageDice, damageBonus, actionCategory) VALUES(6, 'Legendary Resistance (3/Day)', 'If the dragon fails a saving throw, it can choose to succeed instead.', 0, NULL, NULL, 'SpecialAbility'); 
INSERT INTO Action(creatureId, name, description, attackBonus, damageDice, damageBonus, actionCategory) VALUES(6, 'Multiattack', 'The dragon can use its Frightful Presence. It then makes three attacks: one with its bite and two with its claws.', 0, NULL, NULL, 'Action'); 
INSERT INTO Action(creatureId, name, description, attackBonus, damageDice, damageBonus, actionCategory) VALUES(6, 'Bite', 'Melee Weapon Attack: +11 to hit, reach,.0 ft., one target. Hit: 17 (2d10 + 6) piercing damage.', 11, '2d10', 6, 'Action'); 
INSERT INTO Action(creatureId, name, description, attackBonus, damageDice, damageBonus, actionCategory) VALUES(6, 'Claw', 'Melee Weapon Attack: +11 to hit, reach 5 ft., one target. Hit: 13 (2d6 + 6) slashing damage.', 11, '2d6', 6, 'Action'); 
INSERT INTO Action(creatureId, name, description, attackBonus, damageDice, damageBonus, actionCategory) VALUES(6, 'Tail', 'Melee Weapon Attack: +11 to hit, reach 15 ft., one target. Hit: 15 (2d8 + 6) bludgeoning damage.', 11, '2d8', 6, 'Action'); 
INSERT INTO Action(creatureId, name, description, attackBonus, damageDice, damageBonus, actionCategory) VALUES(6, 'Frightful Presence', 'Each creature of the dragon''s choice that is within 120 feet of the dragon and aware of it must succeed on a DC 16 Wisdom saving throw or become frightened for 1 minute. A creature can repeat the saving throw at the end of each of its turns, ending the effect on itself on a success. If a creature''s saving throw is successful or the effect ends for it, the creature is immune to the dragon''s Frightful Presence for the next 24 hours.', 0, NULL, NULL, 'Action'); 
INSERT INTO Action(creatureId, name, description, attackBonus, damageDice, damageBonus, actionCategory) VALUES(6, 'Breath Weapons (Recharge 5-6)', 'The dragon uses one of the following breath weapons.
Fire Breath. The dragon exhales fire in an 60-foot line that is 5 feet wide. Each creature in that line must make a DC 18 Dexterity saving throw, taking 45 (13d6) fire damage on a failed save, or half as much damage on a successful one.
Sleep Breath. The dragon exhales sleep gas in a 60-foot cone. Each creature in that area must succeed on a DC 18 Constitution saving throw or fall unconscious for 10 minutes. This effect ends for a creature if the creature takes damage or someone uses an action to wake it.', 0, '13d6', NULL, 'Action'); 
INSERT INTO Creature VALUES(7, 'Adult Bronze Dragon', 'Huge', 'dragon', NULL, 'lawful good', 25, 10, 23, 16, 15, 19, '15', 0); 
INSERT INTO Speed(creatureId, name) VALUES(7, '40 ft.'); 
INSERT INTO Speed(creatureId, name) VALUES(7, ' fly 80 ft.'); 
INSERT INTO Speed(creatureId, name) VALUES(7, ' swim 40 ft.'); 
INSERT INTO SavingThrow (creatureId, name, modifier) VALUES(7, 'dexterity_save', 5); 
INSERT INTO SavingThrow (creatureId, name, modifier) VALUES(7, 'constitution_save', 11); 
INSERT INTO SavingThrow (creatureId, name, modifier) VALUES(7, 'wisdom_save', 7); 
INSERT INTO SavingThrow (creatureId, name, modifier) VALUES(7, 'charisma_save', 9); 
INSERT INTO Skill (creatureId, name, modifier) VALUES(7, 'insight', 7); 
INSERT INTO Skill (creatureId, name, modifier) VALUES(7, 'perception', 12); 
INSERT INTO Skill (creatureId, name, modifier) VALUES(7, 'stealth', 5); 
INSERT INTO DamageImmunity(creatureId, name) VALUES(7, 'lightning'); 
INSERT INTO Sense(creatureId, description) VALUES(7, 'blindsight 60 ft.'); 
INSERT INTO Sense(creatureId, description) VALUES(7, ' darkvision 120 ft.'); 
INSERT INTO Sense(creatureId, description) VALUES(7, ' passive Perception 22'); 
INSERT INTO Language(creatureId, name) VALUES(7, 'Common'); 
INSERT INTO Language(creatureId, name) VALUES(7, ' Draconic'); 
INSERT INTO ArmorClass(creatureId, value) VALUES(7, 19); 
INSERT INTO HitPoint(creatureId, value, hitDice) VALUES(7, 212, '17d12'); 
INSERT INTO Action(creatureId, name, description, attackBonus, damageDice, damageBonus, actionCategory) VALUES(7, 'Amphibious', 'The dragon can breathe air and water.', 0, NULL, NULL, 'SpecialAbility'); 
INSERT INTO Action(creatureId, name, description, attackBonus, damageDice, damageBonus, actionCategory) VALUES(7, 'Legendary Resistance (3/Day)', 'If the dragon fails a saving throw, it can choose to succeed instead.', 0, NULL, NULL, 'SpecialAbility'); 
INSERT INTO Action(creatureId, name, description, attackBonus, damageDice, damageBonus, actionCategory) VALUES(7, 'Multiattack', 'The dragon can use its Frightful Presence. It then makes three attacks: one with its bite and two with its claws.', 0, NULL, NULL, 'Action'); 
INSERT INTO Action(creatureId, name, description, attackBonus, damageDice, damageBonus, actionCategory) VALUES(7, 'Bite', 'Melee Weapon Attack: +12 to hit, reach 10 ft., one target. Hit: 18 (2d10 + 7) piercing damage.', 12, '2d10', 7, 'Action'); 
INSERT INTO Action(creatureId, name, description, attackBonus, damageDice, damageBonus, actionCategory) VALUES(7, 'Claw', 'Melee Weapon Attack: +12 to hit, reach 5 ft., one target. Hit: 14 (2d6 + 7) slashing damage.', 12, '2d6', 7, 'Action'); 
INSERT INTO Action(creatureId, name, description, attackBonus, damageDice, damageBonus, actionCategory) VALUES(7, 'Tail', 'Melee Weapon Attack: +12 to hit, reach 15 ft., one target. Hit: 16 (2d8 + 7) bludgeoning damage.', 12, '2d8', 7, 'Action'); 
INSERT INTO Action(creatureId, name, description, attackBonus, damageDice, damageBonus, actionCategory) VALUES(7, 'Frightful Presence', 'Each creature of the dragon''s choice that is within 120 feet of the dragon and aware of it must succeed on a DC 17 Wisdom saving throw or become frightened for 1 minute. A creature can repeat the saving throw at the end of each of its turns, ending the effect on itself on a success. If a creature''s saving throw is successful or the effect ends for it, the creature is immune to the dragon''s Frightful Presence for the next 24 hours.', 0, NULL, NULL, 'Action'); 
INSERT INTO Action(creatureId, name, description, attackBonus, damageDice, damageBonus, actionCategory) VALUES(7, 'Breath Weapons (Recharge 5-6)', 'The dragon uses one of the following breath weapons.
Lightning Breath. The dragon exhales lightning in a 90-foot line that is 5 feet wide. Each creature in that line must make a DC 19 Dexterity saving throw, taking 66 (12d10) lightning damage on a failed save, or half as much damage on a successful one.
Repulsion Breath. The dragon exhales repulsion energy in a 30-foot cone. Each creature in that area must succeed on a DC 19 Strength saving throw. On a failed save, the creature is pushed 60 feet away from the dragon.', 0, '12d10', NULL, 'Action'); 
INSERT INTO Action(creatureId, name, description, attackBonus, damageDice, damageBonus, actionCategory) VALUES(7, 'Detect', 'The dragon makes a Wisdom (Perception) check.', 0, NULL, NULL, 'LegendaryAction'); 
INSERT INTO Action(creatureId, name, description, attackBonus, damageDice, damageBonus, actionCategory) VALUES(7, 'Tail Attack', 'The dragon makes a tail attack.', 0, NULL, NULL, 'LegendaryAction'); 
INSERT INTO Action(creatureId, name, description, attackBonus, damageDice, damageBonus, actionCategory) VALUES(7, 'Wing Attack (Costs 2 Actions)', 'The dragon beats its wings. Each creature within 10 ft. of the dragon must succeed on a DC 20 Dexterity saving throw or take 14 (2d6 + 7) bludgeoning damage and be knocked prone. The dragon can then fly up to half its flying speed.', 0, NULL, NULL, 'LegendaryAction'); 
INSERT INTO Creature VALUES(8, 'Adult Copper Dragon', 'Huge', 'dragon', NULL, 'chaotic good', 23, 12, 21, 18, 15, 17, '14', 0); 
INSERT INTO Speed(creatureId, name) VALUES(8, '40 ft.'); 
INSERT INTO Speed(creatureId, name) VALUES(8, ' climb 40 ft.'); 
INSERT INTO Speed(creatureId, name) VALUES(8, ' fly 80 ft.'); 
INSERT INTO SavingThrow (creatureId, name, modifier) VALUES(8, 'dexterity_save', 6); 
INSERT INTO SavingThrow (creatureId, name, modifier) VALUES(8, 'constitution_save', 10); 
INSERT INTO SavingThrow (creatureId, name, modifier) VALUES(8, 'wisdom_save', 7); 
INSERT INTO SavingThrow (creatureId, name, modifier) VALUES(8, 'charisma_save', 8); 
INSERT INTO Skill (creatureId, name, modifier) VALUES(8, 'deception', 8); 
INSERT INTO Skill (creatureId, name, modifier) VALUES(8, 'perception', 12); 
INSERT INTO Skill (creatureId, name, modifier) VALUES(8, 'stealth', 6); 
INSERT INTO DamageImmunity(creatureId, name) VALUES(8, 'acid'); 
INSERT INTO Sense(creatureId, description) VALUES(8, 'blindsight 60 ft.'); 
INSERT INTO Sense(creatureId, description) VALUES(8, ' darkvision 120 ft.'); 
INSERT INTO Sense(creatureId, description) VALUES(8, ' passive Perception 22'); 
INSERT INTO Language(creatureId, name) VALUES(8, 'Common'); 
INSERT INTO Language(creatureId, name) VALUES(8, ' Draconic'); 
INSERT INTO ArmorClass(creatureId, value) VALUES(8, 18); 
INSERT INTO HitPoint(creatureId, value, hitDice) VALUES(8, 184, '16d12'); 
INSERT INTO Action(creatureId, name, description, attackBonus, damageDice, damageBonus, actionCategory) VALUES(8, 'Legendary Resistance (3/Day)', 'If the dragon fails a saving throw, it can choose to succeed instead.', 0, NULL, NULL, 'SpecialAbility'); 
INSERT INTO Action(creatureId, name, description, attackBonus, damageDice, damageBonus, actionCategory) VALUES(8, 'Multiattack', 'The dragon can use its Frightful Presence. It then makes three attacks: one with its bite and two with its claws.', 0, NULL, NULL, 'Action'); 
INSERT INTO Action(creatureId, name, description, attackBonus, damageDice, damageBonus, actionCategory) VALUES(8, 'Bite', 'Melee Weapon Attack: +11 to hit, reach 10 ft., one target. Hit: 17 (2d10 + 6) piercing damage.', 11, '2d10', 6, 'Action'); 
INSERT INTO Action(creatureId, name, description, attackBonus, damageDice, damageBonus, actionCategory) VALUES(8, 'Claw', 'Melee Weapon Attack: +11 to hit, reach 5 ft., one target. Hit: 13 (2d6 + 6) slashing damage.', 11, '2d6', 6, 'Action'); 
INSERT INTO Action(creatureId, name, description, attackBonus, damageDice, damageBonus, actionCategory) VALUES(8, 'Tail', 'Melee Weapon Attack: +11 to hit, reach 15 ft., one target. Hit: 15 (2d8 + 6) bludgeoning damage.', 11, '2d8', 6, 'Action'); 
INSERT INTO Action(creatureId, name, description, attackBonus, damageDice, damageBonus, actionCategory) VALUES(8, 'Frightful Presence', 'Each creature of the dragon''s choice that is within 120 feet of the dragon and aware of it must succeed on a DC 16 Wisdom saving throw or become frightened for 1 minute. A creature can repeat the saving throw at the end of each of its turns, ending the effect on itself on a success. If a creature''s saving throw is successful or the effect ends for it, the creature is immune to the dragon''s Frightful Presence for the next 24 hours.', 0, NULL, NULL, 'Action'); 
INSERT INTO Action(creatureId, name, description, attackBonus, damageDice, damageBonus, actionCategory) VALUES(8, 'Breath Weapons (Recharge 5-6)', 'The dragon uses one of the following breath weapons.
Acid Breath. The dragon exhales acid in an 60-foot line that is 5 feet wide. Each creature in that line must make a DC 18 Dexterity saving throw, taking 54 (12d8) acid damage on a failed save, or half as much damage on a successful one.
Slowing Breath. The dragon exhales gas in a 60-foot cone. Each creature in that area must succeed on a DC 18 Constitution saving throw. On a failed save, the creature can''t use reactions, its speed is halved, and it can''t make more than one attack on its turn. In addition, the creature can use either an action or a bonus action on its turn, but not both. These effects last for 1 minute. The creature can repeat the saving throw at the end of each of its turns, ending the effect on itself with a successful save.', 0, '12d8', NULL, 'Action'); 
INSERT INTO Action(creatureId, name, description, attackBonus, damageDice, damageBonus, actionCategory) VALUES(8, 'Detect', 'The dragon makes a Wisdom (Perception) check.', 0, NULL, NULL, 'LegendaryAction'); 
INSERT INTO Action(creatureId, name, description, attackBonus, damageDice, damageBonus, actionCategory) VALUES(8, 'Tail Attack', 'The dragon makes a tail attack.', 0, NULL, NULL, 'LegendaryAction'); 
INSERT INTO Action(creatureId, name, description, attackBonus, damageDice, damageBonus, actionCategory) VALUES(8, 'Wing Attack (Costs 2 Actions)', 'The dragon beats its wings. Each creature within 10 ft. of the dragon must succeed on a DC 19 Dexterity saving throw or take 13 (2d6 + 6) bludgeoning damage and be knocked prone. The dragon can then fly up to half its flying speed.', 0, NULL, NULL, 'LegendaryAction'); 
INSERT INTO Creature VALUES(9, 'Adult Gold Dragon', 'Huge', 'dragon', NULL, 'lawful good', 27, 14, 25, 16, 15, 24, '17', 0); 
INSERT INTO Speed(creatureId, name) VALUES(9, '40 ft.'); 
INSERT INTO Speed(creatureId, name) VALUES(9, ' fly 80 ft.'); 
INSERT INTO Speed(creatureId, name) VALUES(9, ' swim 40 ft.'); 
INSERT INTO SavingThrow (creatureId, name, modifier) VALUES(9, 'dexterity_save', 8); 
INSERT INTO SavingThrow (creatureId, name, modifier) VALUES(9, 'constitution_save', 13); 
INSERT INTO SavingThrow (creatureId, name, modifier) VALUES(9, 'wisdom_save', 8); 
INSERT INTO SavingThrow (creatureId, name, modifier) VALUES(9, 'charisma_save', 13); 
INSERT INTO Skill (creatureId, name, modifier) VALUES(9, 'insight', 8); 
INSERT INTO Skill (creatureId, name, modifier) VALUES(9, 'perception', 14); 
INSERT INTO Skill (creatureId, name, modifier) VALUES(9, 'persuasion', 13); 
INSERT INTO Skill (creatureId, name, modifier) VALUES(9, 'stealth', 8); 
INSERT INTO DamageImmunity(creatureId, name) VALUES(9, 'fire'); 
INSERT INTO Sense(creatureId, description) VALUES(9, 'blindsight 60 ft.'); 
INSERT INTO Sense(creatureId, description) VALUES(9, ' darkvision 120 ft.'); 
INSERT INTO Sense(creatureId, description) VALUES(9, ' passive Perception 24'); 
INSERT INTO Language(creatureId, name) VALUES(9, 'Common'); 
INSERT INTO Language(creatureId, name) VALUES(9, ' Draconic'); 
INSERT INTO ArmorClass(creatureId, value) VALUES(9, 19); 
INSERT INTO HitPoint(creatureId, value, hitDice) VALUES(9, 256, '19d12'); 
INSERT INTO Action(creatureId, name, description, attackBonus, damageDice, damageBonus, actionCategory) VALUES(9, 'Amphibious', 'The dragon can breathe air and water.', 0, NULL, NULL, 'SpecialAbility'); 
INSERT INTO Action(creatureId, name, description, attackBonus, damageDice, damageBonus, actionCategory) VALUES(9, 'Legendary Resistance (3/Day)', 'If the dragon fails a saving throw, it can choose to succeed instead.', 0, NULL, NULL, 'SpecialAbility'); 
INSERT INTO Action(creatureId, name, description, attackBonus, damageDice, damageBonus, actionCategory) VALUES(9, 'Multiattack', 'The dragon can use its Frightful Presence. It then makes three attacks: one with its bite and two with its claws.', 0, NULL, NULL, 'Action'); 
INSERT INTO Action(creatureId, name, description, attackBonus, damageDice, damageBonus, actionCategory) VALUES(9, 'Bite', 'Melee Weapon Attack: +14 to hit, reach 10 ft., one target. Hit: 19 (2d10 + 8) piercing damage.', 14, '2d10', 8, 'Action'); 
INSERT INTO Action(creatureId, name, description, attackBonus, damageDice, damageBonus, actionCategory) VALUES(9, 'Claw', 'Melee Weapon Attack: +14 to hit, reach 5 ft., one target. Hit: 15 (2d6 + 8) slashing damage.', 14, '2d6', 8, 'Action'); 
INSERT INTO Action(creatureId, name, description, attackBonus, damageDice, damageBonus, actionCategory) VALUES(9, 'Tail', 'Melee Weapon Attack: +14 to hit, reach 15 ft., one target. Hit: 17 (2d8 + 8) bludgeoning damage.', 14, '2d8', 8, 'Action'); 
INSERT INTO Action(creatureId, name, description, attackBonus, damageDice, damageBonus, actionCategory) VALUES(9, 'Frightful Presence', 'Each creature of the dragon''s choice that is within 120 feet of the dragon and aware of it must succeed on a DC 21 Wisdom saving throw or become frightened for 1 minute. A creature can repeat the saving throw at the end of each of its turns, ending the effect on itself on a success. If a creature''s saving throw is successful or the effect ends for it, the creature is immune to the dragon''s Frightful Presence for the next 24 hours.', 0, NULL, NULL, 'Action'); 
INSERT INTO Action(creatureId, name, description, attackBonus, damageDice, damageBonus, actionCategory) VALUES(9, 'Breath Weapons (Recharge 5-6)', 'The dragon uses one of the following breath weapons.
Fire Breath. The dragon exhales fire in a 60-foot cone. Each creature in that area must make a DC 21 Dexterity saving throw, taking 66 (12d10) fire damage on a failed save, or half as much damage on a successful one.
Weakening Breath. The dragon exhales gas in a 60-foot cone. Each creature in that area must succeed on a DC 21 Strength saving throw or have disadvantage on Strength-based attack rolls, Strength checks, and Strength saving throws for 1 minute. A creature can repeat the saving throw at the end of each of its turns, ending the effect on itself on a success.', 0, '12d10', NULL, 'Action'); 
INSERT INTO Action(creatureId, name, description, attackBonus, damageDice, damageBonus, actionCategory) VALUES(9, 'Detect', 'The dragon makes a Wisdom (Perception) check.', 0, NULL, NULL, 'LegendaryAction'); 
INSERT INTO Action(creatureId, name, description, attackBonus, damageDice, damageBonus, actionCategory) VALUES(9, 'Tail Attack', 'The dragon makes a tail attack.', 0, NULL, NULL, 'LegendaryAction'); 
INSERT INTO Action(creatureId, name, description, attackBonus, damageDice, damageBonus, actionCategory) VALUES(9, 'Wing Attack (Costs 2 Actions)', 'The dragon beats its wings. Each creature within 10 ft. of the dragon must succeed on a DC 22 Dexterity saving throw or take 15 (2d6 + 8) bludgeoning damage and be knocked prone. The dragon can then fly up to half its flying speed.', 0, NULL, NULL, 'LegendaryAction'); 
INSERT INTO Creature VALUES(10, 'Adult Green Dragon', 'Huge', 'dragon', NULL, 'lawful evil', 23, 12, 21, 18, 15, 17, '15', 0); 
INSERT INTO Speed(creatureId, name) VALUES(10, '40 ft.'); 
INSERT INTO Speed(creatureId, name) VALUES(10, ' fly 80 ft.'); 
INSERT INTO Speed(creatureId, name) VALUES(10, ' swim 40 ft.'); 
INSERT INTO SavingThrow (creatureId, name, modifier) VALUES(10, 'dexterity_save', 6); 
INSERT INTO SavingThrow (creatureId, name, modifier) VALUES(10, 'constitution_save', 10); 
INSERT INTO SavingThrow (creatureId, name, modifier) VALUES(10, 'wisdom_save', 7); 
INSERT INTO SavingThrow (creatureId, name, modifier) VALUES(10, 'charisma_save', 8); 
INSERT INTO Skill (creatureId, name, modifier) VALUES(10, 'deception', 8); 
INSERT INTO Skill (creatureId, name, modifier) VALUES(10, 'insight', 7); 
INSERT INTO Skill (creatureId, name, modifier) VALUES(10, 'perception', 12); 
INSERT INTO Skill (creatureId, name, modifier) VALUES(10, 'persuasion', 8); 
INSERT INTO Skill (creatureId, name, modifier) VALUES(10, 'stealth', 6); 
INSERT INTO DamageImmunity(creatureId, name) VALUES(10, 'poison'); 
INSERT INTO ConditionImmunity(creatureId, name) VALUES(10, 'poisoned'); 
INSERT INTO Sense(creatureId, description) VALUES(10, 'blindsight 60 ft.'); 
INSERT INTO Sense(creatureId, description) VALUES(10, ' darkvision 120 ft.'); 
INSERT INTO Sense(creatureId, description) VALUES(10, ' passive Perception 22'); 
INSERT INTO Language(creatureId, name) VALUES(10, 'Common'); 
INSERT INTO Language(creatureId, name) VALUES(10, ' Draconic'); 
INSERT INTO ArmorClass(creatureId, value) VALUES(10, 19); 
INSERT INTO HitPoint(creatureId, value, hitDice) VALUES(10, 207, '18d12'); 
INSERT INTO Action(creatureId, name, description, attackBonus, damageDice, damageBonus, actionCategory) VALUES(10, 'Amphibious', 'The dragon can breathe air and water.', 0, NULL, NULL, 'SpecialAbility'); 
INSERT INTO Action(creatureId, name, description, attackBonus, damageDice, damageBonus, actionCategory) VALUES(10, 'Legendary Resistance (3/Day)', 'If the dragon fails a saving throw, it can choose to succeed instead.', 0, NULL, NULL, 'SpecialAbility'); 
INSERT INTO Action(creatureId, name, description, attackBonus, damageDice, damageBonus, actionCategory) VALUES(10, 'Multiattack', 'The dragon can use its Frightful Presence. It then makes three attacks: one with its bite and two with its claws.', 0, NULL, NULL, 'Action'); 
INSERT INTO Action(creatureId, name, description, attackBonus, damageDice, damageBonus, actionCategory) VALUES(10, 'Bite', 'Melee Weapon Attack: +11 to hit, reach 10 ft., one target. Hit: 17 (2d10 + 6) piercing damage plus 7 (2d6) poison damage.', 11, '2d10 + 2d6', 6, 'Action'); 
INSERT INTO Action(creatureId, name, description, attackBonus, damageDice, damageBonus, actionCategory) VALUES(10, 'Claw', 'Melee Weapon Attack: +11 to hit, reach 5 ft., one target. Hit: 13 (2d6 + 6) slashing damage.', 11, '2d6', 6, 'Action'); 
INSERT INTO Action(creatureId, name, description, attackBonus, damageDice, damageBonus, actionCategory) VALUES(10, 'Tail', 'Melee Weapon Attack: +11 to hit, reach 15 ft., one target. Hit: 15 (2d8 + 6) bludgeoning damage.', 11, '2d8', 6, 'Action'); 
INSERT INTO Action(creatureId, name, description, attackBonus, damageDice, damageBonus, actionCategory) VALUES(10, 'Frightful Presence', 'Each creature of the dragon''s choice that is within 120 feet of the dragon and aware of it must succeed on a DC 16 Wisdom saving throw or become frightened for 1 minute. A creature can repeat the saving throw at the end of each of its turns, ending the effect on itself on a success. If a creature''s saving throw is successful or the effect ends for it, the creature is immune to the dragon''s Frightful Presence for the next 24 hours .', 0, NULL, NULL, 'Action'); 
INSERT INTO Action(creatureId, name, description, attackBonus, damageDice, damageBonus, actionCategory) VALUES(10, 'Poison Breath (Recharge 5-6)', 'The dragon exhales poisonous gas in a 60-foot cone. Each creature in that area must make a DC 18 Constitution saving throw, taking 56 (16d6) poison damage on a failed save, or half as much damage on a successful one.', 0, '16d6', NULL, 'Action'); 
INSERT INTO Action(creatureId, name, description, attackBonus, damageDice, damageBonus, actionCategory) VALUES(10, 'Detect', 'The dragon makes a Wisdom (Perception) check.', 0, NULL, NULL, 'LegendaryAction'); 
INSERT INTO Action(creatureId, name, description, attackBonus, damageDice, damageBonus, actionCategory) VALUES(10, 'Tail Attack', 'The dragon makes a tail attack.', 0, NULL, NULL, 'LegendaryAction'); 
INSERT INTO Action(creatureId, name, description, attackBonus, damageDice, damageBonus, actionCategory) VALUES(10, 'Wing Attack (Costs 2 Actions)', 'The dragon beats its wings. Each creature within 10 ft. of the dragon must succeed on a DC 19 Dexterity saving throw or take 13 (2d6 + 6) bludgeoning damage and be knocked prone. The dragon can then fly up to half its flying speed.', 0, NULL, NULL, 'LegendaryAction'); 
INSERT INTO Creature VALUES(11, 'Adult Red Dragon', 'Huge', 'dragon', NULL, 'chaotic evil', 27, 10, 25, 16, 13, 21, '17', 0); 
INSERT INTO Speed(creatureId, name) VALUES(11, '40 ft.'); 
INSERT INTO Speed(creatureId, name) VALUES(11, ' climb 40 ft.'); 
INSERT INTO Speed(creatureId, name) VALUES(11, ' fly 80 ft.'); 
INSERT INTO SavingThrow (creatureId, name, modifier) VALUES(11, 'dexterity_save', 6); 
INSERT INTO SavingThrow (creatureId, name, modifier) VALUES(11, 'constitution_save', 13); 
INSERT INTO SavingThrow (creatureId, name, modifier) VALUES(11, 'wisdom_save', 7); 
INSERT INTO SavingThrow (creatureId, name, modifier) VALUES(11, 'charisma_save', 11); 
INSERT INTO Skill (creatureId, name, modifier) VALUES(11, 'perception', 13); 
INSERT INTO Skill (creatureId, name, modifier) VALUES(11, 'stealth', 6); 
INSERT INTO DamageImmunity(creatureId, name) VALUES(11, 'fire'); 
INSERT INTO Sense(creatureId, description) VALUES(11, 'blindsight 60 ft.'); 
INSERT INTO Sense(creatureId, description) VALUES(11, ' darkvision 120 ft.'); 
INSERT INTO Sense(creatureId, description) VALUES(11, ' passive Perception 23'); 
INSERT INTO Language(creatureId, name) VALUES(11, 'Common'); 
INSERT INTO Language(creatureId, name) VALUES(11, ' Draconic'); 
INSERT INTO ArmorClass(creatureId, value) VALUES(11, 19); 
INSERT INTO HitPoint(creatureId, value, hitDice) VALUES(11, 256, '19d12'); 
INSERT INTO Action(creatureId, name, description, attackBonus, damageDice, damageBonus, actionCategory) VALUES(11, 'Legendary Resistance (3/Day)', 'If the dragon fails a saving throw, it can choose to succeed instead.', 0, NULL, NULL, 'SpecialAbility'); 
INSERT INTO Action(creatureId, name, description, attackBonus, damageDice, damageBonus, actionCategory) VALUES(11, 'Multiattack', 'The dragon can use its Frightful Presence. It then makes three attacks: one with its bite and two with its claws.', 0, NULL, NULL, 'Action'); 
INSERT INTO Action(creatureId, name, description, attackBonus, damageDice, damageBonus, actionCategory) VALUES(11, 'Bite', 'Melee Weapon Attack: +14 to hit, reach 10 ft., one target. Hit: 19 (2d10 + 8) piercing damage plus 7 (2d6) fire damage.', 14, '2d10 + 2d6', 8, 'Action'); 
INSERT INTO Action(creatureId, name, description, attackBonus, damageDice, damageBonus, actionCategory) VALUES(11, 'Claw', 'Melee Weapon Attack: +14 to hit, reach 5 ft., one target. Hit: 15 (2d6 + 8) slashing damage.', 14, '2d6', 8, 'Action'); 
INSERT INTO Action(creatureId, name, description, attackBonus, damageDice, damageBonus, actionCategory) VALUES(11, 'Tail', 'Melee Weapon Attack: +14 to hit, reach 15 ft., one target. Hit: 17 (2d8 + 8) bludgeoning damage.', 14, '2d8', 8, 'Action'); 
INSERT INTO Action(creatureId, name, description, attackBonus, damageDice, damageBonus, actionCategory) VALUES(11, 'Frightful Presence', 'Each creature of the dragon''s choice that is within 120 ft. of the dragon and aware of it must succeed on a DC 19 Wisdom saving throw or become frightened for 1 minute. A creature can repeat the saving throw at the end of each of its turns, ending the effect on itself on a success. If a creature''s saving throw is successful or the effect ends for it, the creature is immune to the dragon''s Frightful Presence for the next 24 hours.', 0, NULL, NULL, 'Action'); 
INSERT INTO Action(creatureId, name, description, attackBonus, damageDice, damageBonus, actionCategory) VALUES(11, 'Fire Breath (Recharge 5-6)', 'The dragon exhales fire in a 60-foot cone. Each creature in that area must make a DC 21 Dexterity saving throw, taking 63 (18d6) fire damage on a failed save, or half as much damage on a successful one.', 0, '18d6', NULL, 'Action'); 
INSERT INTO Action(creatureId, name, description, attackBonus, damageDice, damageBonus, actionCategory) VALUES(11, 'Lair Actions', 'On initiative count 20 (losing initiative ties), the dragon takes a lair action to cause one of the following effects: the dragon can''t use the same effect two rounds in a row:
• Magma erupts from a point on the ground the dragon can see within 120 feet of it, creating a 20-foot-high, 5-foot-radius geyser. Each creature in the geyser''s area must make a DC 15 Dexterity saving throw, taking 21 (6d6) fire damage on a failed save, or half as much damage on a successful one.
• A tremor shakes the lair in a 60-foot-radius around the dragon. Each creature other than the dragon on the ground in that area must succeed on a DC 15 Dexterity saving throw or be knocked prone.
• Volcanic gases form a cloud in a 20-foot-radius sphere centered on a point the dragon can see within 120 feet of it. The sphere spreads around corners, and its area is lightly obscured. It lasts until initiative count 20 on the next round. Each creature that starts its turn in the cloud must succeed on a DC 13 Constitution saving throw or be poisoned until the end of its turn. While poisoned in this way, a creature is incapacitated.', 0, '6d6', NULL, 'Action'); 
INSERT INTO Action(creatureId, name, description, attackBonus, damageDice, damageBonus, actionCategory) VALUES(11, 'Detect', 'The dragon makes a Wisdom (Perception) check.', 0, NULL, NULL, 'LegendaryAction'); 
INSERT INTO Action(creatureId, name, description, attackBonus, damageDice, damageBonus, actionCategory) VALUES(11, 'Tail Attack', 'The dragon makes a tail attack.', 0, NULL, NULL, 'LegendaryAction'); 
INSERT INTO Action(creatureId, name, description, attackBonus, damageDice, damageBonus, actionCategory) VALUES(11, 'Wing Attack (Costs 2 Actions)', 'The dragon beats its wings. Each creature within 10 ft. of the dragon must succeed on a DC 22 Dexterity saving throw or take 15 (2d6 + 8) bludgeoning damage and be knocked prone. The dragon can then fly up to half its flying speed.', 0, NULL, NULL, 'LegendaryAction'); 
INSERT INTO Creature VALUES(12, 'Adult Silver Dragon', 'Huge', 'dragon', NULL, 'lawful good', 27, 10, 25, 16, 13, 21, '16', 0); 
INSERT INTO Speed(creatureId, name) VALUES(12, '40 ft.'); 
INSERT INTO Speed(creatureId, name) VALUES(12, ' fly 80 ft.'); 
INSERT INTO SavingThrow (creatureId, name, modifier) VALUES(12, 'dexterity_save', 5); 
INSERT INTO SavingThrow (creatureId, name, modifier) VALUES(12, 'constitution_save', 12); 
INSERT INTO SavingThrow (creatureId, name, modifier) VALUES(12, 'wisdom_save', 6); 
INSERT INTO SavingThrow (creatureId, name, modifier) VALUES(12, 'charisma_save', 10); 
INSERT INTO Skill (creatureId, name, modifier) VALUES(12, 'arcana', 8); 
INSERT INTO Skill (creatureId, name, modifier) VALUES(12, 'history', 8); 
INSERT INTO Skill (creatureId, name, modifier) VALUES(12, 'perception', 11); 
INSERT INTO Skill (creatureId, name, modifier) VALUES(12, 'stealth', 5); 
INSERT INTO DamageImmunity(creatureId, name) VALUES(12, 'cold'); 
INSERT INTO Sense(creatureId, description) VALUES(12, 'blindsight 60 ft.'); 
INSERT INTO Sense(creatureId, description) VALUES(12, ' darkvision 120 ft.'); 
INSERT INTO Sense(creatureId, description) VALUES(12, ' passive Perception 21'); 
INSERT INTO Language(creatureId, name) VALUES(12, 'Common'); 
INSERT INTO Language(creatureId, name) VALUES(12, ' Draconic'); 
INSERT INTO ArmorClass(creatureId, value) VALUES(12, 19); 
INSERT INTO HitPoint(creatureId, value, hitDice) VALUES(12, 243, '18d12'); 
INSERT INTO Action(creatureId, name, description, attackBonus, damageDice, damageBonus, actionCategory) VALUES(12, 'Legendary Resistance (3/Day)', 'If the dragon fails a saving throw, it can choose to succeed instead.', 0, NULL, NULL, 'SpecialAbility'); 
INSERT INTO Action(creatureId, name, description, attackBonus, damageDice, damageBonus, actionCategory) VALUES(12, 'Multiattack', 'The dragon can use its Frightful Presence. It then makes three attacks: one with its bite and two with its claws.', 0, NULL, NULL, 'Action'); 
INSERT INTO Action(creatureId, name, description, attackBonus, damageDice, damageBonus, actionCategory) VALUES(12, 'Bite', 'Melee Weapon Attack: +13 to hit, reach 10 ft., one target. Hit: 19 (2d10 + 8) piercing damage.', 13, '2d10', 8, 'Action'); 
INSERT INTO Action(creatureId, name, description, attackBonus, damageDice, damageBonus, actionCategory) VALUES(12, 'Claw', 'Melee Weapon Attack: +13 to hit, reach 5 ft., one target. Hit: 15 (2d6 + 8) slashing damage.', 13, '2d6', 8, 'Action'); 
INSERT INTO Action(creatureId, name, description, attackBonus, damageDice, damageBonus, actionCategory) VALUES(12, 'Tail', 'Melee Weapon Attack: +13 to hit, reach 15 ft., one target. Hit: 17 (2d8 + 8) bludgeoning damage.', 13, '2d8', 8, 'Action'); 
INSERT INTO Action(creatureId, name, description, attackBonus, damageDice, damageBonus, actionCategory) VALUES(12, 'Frightful Presence', 'Each creature of the dragon''s choice that is within 120 feet of the dragon and aware of it must succeed on a DC 18 Wisdom saving throw or become frightened for 1 minute. A creature can repeat the saving throw at the end of each of its turns, ending the effect on itself on a success. If a creature''s saving throw is successful or the effect ends for it, the creature is immune to the dragon''s Frightful Presence for the next 24 hours.', 0, NULL, NULL, 'Action'); 
INSERT INTO Action(creatureId, name, description, attackBonus, damageDice, damageBonus, actionCategory) VALUES(12, 'Breath Weapons (Recharge 5-6)', 'The dragon uses one of the following breath weapons.
Cold Breath. The dragon exhales an icy blast in a 60-foot cone. Each creature in that area must make a DC 20 Constitution saving throw, taking 58 (13d8) cold damage on a failed save, or half as much damage on a successful one.
Paralyzing Breath. The dragon exhales paralyzing gas in a 60-foot cone. Each creature in that area must succeed on a DC 20 Constitution saving throw or be paralyzed for 1 minute. A creature can repeat the saving throw at the end of each of its turns, ending the effect on itself on a success.', 0, '13d8', NULL, 'Action'); 
INSERT INTO Action(creatureId, name, description, attackBonus, damageDice, damageBonus, actionCategory) VALUES(12, 'Detect', 'The dragon makes a Wisdom (Perception) check.', 0, NULL, NULL, 'LegendaryAction'); 
INSERT INTO Action(creatureId, name, description, attackBonus, damageDice, damageBonus, actionCategory) VALUES(12, 'Tail Attack', 'The dragon makes a tail attack.', 0, NULL, NULL, 'LegendaryAction'); 
INSERT INTO Action(creatureId, name, description, attackBonus, damageDice, damageBonus, actionCategory) VALUES(12, 'Wing Attack (Costs 2 Actions)', 'The dragon beats its wings. Each creature within 10 ft. of the dragon must succeed on a DC 22 Dexterity saving throw or take 15 (2d6 + 8) bludgeoning damage and be knocked prone. The dragon can then fly up to half its flying speed.', 0, NULL, NULL, 'LegendaryAction'); 
INSERT INTO Creature VALUES(13, 'Adult White Dragon', 'Huge', 'dragon', NULL, 'chaotic evil', 22, 10, 22, 8, 12, 12, '13', 0); 
INSERT INTO Speed(creatureId, name) VALUES(13, '40 ft.'); 
INSERT INTO Speed(creatureId, name) VALUES(13, ' burrow 30 ft.'); 
INSERT INTO Speed(creatureId, name) VALUES(13, ' fly 80 ft.'); 
INSERT INTO Speed(creatureId, name) VALUES(13, ' swim 40 ft.'); 
INSERT INTO SavingThrow (creatureId, name, modifier) VALUES(13, 'dexterity_save', 5); 
INSERT INTO SavingThrow (creatureId, name, modifier) VALUES(13, 'constitution_save', 11); 
INSERT INTO SavingThrow (creatureId, name, modifier) VALUES(13, 'wisdom_save', 6); 
INSERT INTO SavingThrow (creatureId, name, modifier) VALUES(13, 'charisma_save', 6); 
INSERT INTO Skill (creatureId, name, modifier) VALUES(13, 'perception', 11); 
INSERT INTO Skill (creatureId, name, modifier) VALUES(13, 'stealth', 5); 
INSERT INTO DamageImmunity(creatureId, name) VALUES(13, 'cold'); 
INSERT INTO Sense(creatureId, description) VALUES(13, 'blindsight 60 ft.'); 
INSERT INTO Sense(creatureId, description) VALUES(13, ' darkvision 120 ft.'); 
INSERT INTO Sense(creatureId, description) VALUES(13, ' passive Perception 21'); 
INSERT INTO Language(creatureId, name) VALUES(13, 'Common'); 
INSERT INTO Language(creatureId, name) VALUES(13, ' Draconic'); 
INSERT INTO ArmorClass(creatureId, value) VALUES(13, 18); 
INSERT INTO HitPoint(creatureId, value, hitDice) VALUES(13, 200, '16d12'); 
INSERT INTO Action(creatureId, name, description, attackBonus, damageDice, damageBonus, actionCategory) VALUES(13, 'Ice Walk', 'The dragon can move across and climb icy surfaces without needing to make an ability check. Additionally, difficult terrain composed of ice or snow doesn''t cost it extra moment.', 0, NULL, NULL, 'SpecialAbility'); 
INSERT INTO Action(creatureId, name, description, attackBonus, damageDice, damageBonus, actionCategory) VALUES(13, 'Legendary Resistance (3/Day)', 'If the dragon fails a saving throw, it can choose to succeed instead.', 0, NULL, NULL, 'SpecialAbility'); 
INSERT INTO Action(creatureId, name, description, attackBonus, damageDice, damageBonus, actionCategory) VALUES(13, 'Multiattack', 'The dragon can use its Frightful Presence. It then makes three attacks: one with its bite and two with its claws.', 0, NULL, NULL, 'Action'); 
INSERT INTO Action(creatureId, name, description, attackBonus, damageDice, damageBonus, actionCategory) VALUES(13, 'Bite', 'Melee Weapon Attack: +11 to hit, reach 10 ft., one target. Hit: 17 (2d10 + 6) piercing damage plus 4 (1d8) cold damage.', 11, '2d10 + 1d8', 6, 'Action'); 
INSERT INTO Action(creatureId, name, description, attackBonus, damageDice, damageBonus, actionCategory) VALUES(13, 'Claw', 'Melee Weapon Attack: +11 to hit, reach 5 ft., one target. Hit: 13 (2d6 + 6) slashing damage.', 11, '2d6', 6, 'Action'); 
INSERT INTO Action(creatureId, name, description, attackBonus, damageDice, damageBonus, actionCategory) VALUES(13, 'Tail', 'Melee Weapon Attack: +11 to hit, reach 15 ft., one target. Hit: 15 (2d8 + 6) bludgeoning damage.', 11, '2d8', 6, 'Action'); 
INSERT INTO Action(creatureId, name, description, attackBonus, damageDice, damageBonus, actionCategory) VALUES(13, 'Frightful Presence', 'Each creature of the dragon''s choice that is within 120 ft. of the dragon and aware of it must succeed on a DC 14 Wisdom saving throw or become frightened for 1 minute. A creature can repeat the saving throw at the end of each of its turns, ending the effect on itself on a success. If a creature''s saving throw is successful or the effect ends for it, the creature is immune to the dragon''s Frightful Presence for the next 24 hours.', 0, NULL, NULL, 'Action'); 
INSERT INTO Action(creatureId, name, description, attackBonus, damageDice, damageBonus, actionCategory) VALUES(13, 'Cold Breath (Recharge 5-6)', 'The dragon exhales an icy blast in a 60-foot cone. Each creature in that area must make a DC 19 Constitution saving throw, taking 54 (12d8) cold damage on a failed save, or half as much damage on a successful one.', 0, '12d8', NULL, 'Action'); 
INSERT INTO Action(creatureId, name, description, attackBonus, damageDice, damageBonus, actionCategory) VALUES(13, 'Detect', 'The dragon makes a Wisdom (Perception) check.', 0, NULL, NULL, 'LegendaryAction'); 
INSERT INTO Action(creatureId, name, description, attackBonus, damageDice, damageBonus, actionCategory) VALUES(13, 'Tail Attack', 'The dragon makes a tail attack.', 0, NULL, NULL, 'LegendaryAction'); 
INSERT INTO Action(creatureId, name, description, attackBonus, damageDice, damageBonus, actionCategory) VALUES(13, 'Wing Attack (Costs 2 Actions)', 'The dragon beats its wings. Each creature within 10 ft. of the dragon must succeed on a DC 19 Dexterity saving throw or take 13 (2d6 + 6) bludgeoning damage and be knocked prone. The dragon can then fly up to half its flying speed.', 0, NULL, NULL, 'LegendaryAction'); 
INSERT INTO Creature VALUES(14, 'Air Elemental', 'Large', 'elemental', NULL, 'neutral', 14, 20, 14, 6, 10, 6, '5', 0); 
INSERT INTO Speed(creatureId, name) VALUES(14, 'fly 90 ft. (hover)'); 
INSERT INTO DamageResistance(creatureId, name) VALUES(14, 'lightning; thunder; bludgeoning, piercing, and slashing from nonmagical weapons'); 
INSERT INTO DamageImmunity(creatureId, name) VALUES(14, 'poison'); 
INSERT INTO ConditionImmunity(creatureId, name) VALUES(14, 'exhaustion, grappled, paralyzed, petrified, poisoned, prone, restrained, unconscious'); 
INSERT INTO Sense(creatureId, description) VALUES(14, 'darkvision 60 ft.'); 
INSERT INTO Sense(creatureId, description) VALUES(14, ' passive Perception 10'); 
INSERT INTO Language(creatureId, name) VALUES(14, 'Auran'); 
INSERT INTO ArmorClass(creatureId, value) VALUES(14, 15); 
INSERT INTO HitPoint(creatureId, value, hitDice) VALUES(14, 90, '12d10'); 
INSERT INTO Action(creatureId, name, description, attackBonus, damageDice, damageBonus, actionCategory) VALUES(14, 'Air Form', 'The elemental can enter a hostile creature''s space and stop there. It can move through a space as narrow as 1 inch wide without squeezing.', 0, NULL, NULL, 'SpecialAbility'); 
INSERT INTO Action(creatureId, name, description, attackBonus, damageDice, damageBonus, actionCategory) VALUES(14, 'Multiattack', 'The elemental makes two slam attacks.', 0, NULL, NULL, 'Action'); 
INSERT INTO Action(creatureId, name, description, attackBonus, damageDice, damageBonus, actionCategory) VALUES(14, 'Slam', 'Melee Weapon Attack: +8 to hit, reach 5 ft., one target. Hit: 14 (2d8 + 5) bludgeoning damage.', 8, '2d8', 5, 'Action'); 
INSERT INTO Action(creatureId, name, description, attackBonus, damageDice, damageBonus, actionCategory) VALUES(14, 'Whirlwind (Recharge 4-6)', 'Each creature in the elemental''s space must make a DC 13 Strength saving throw. On a failure, a target takes 15 (3d8 + 2) bludgeoning damage and is flung up 20 feet away from the elemental in a random direction and knocked prone. If a thrown target strikes an object, such as a wall or floor, the target takes 3 (1d6) bludgeoning damage for every 10 feet it was thrown. If the target is thrown at another creature, that creature must succeed on a DC 13 Dexterity saving throw or take the same damage and be knocked prone.
If the saving throw is successful, the target takes half the bludgeoning damage and isn''t flung away or knocked prone.', 0, NULL, NULL, 'Action'); 
INSERT INTO Creature VALUES(15, 'Ancient Black Dragon', 'Gargantuan', 'dragon', NULL, 'chaotic evil', 27, 14, 25, 16, 15, 19, '21', 0); 
INSERT INTO Speed(creatureId, name) VALUES(15, '40 ft.'); 
INSERT INTO Speed(creatureId, name) VALUES(15, ' fly 80 ft.'); 
INSERT INTO Speed(creatureId, name) VALUES(15, ' swim 40 ft.'); 
INSERT INTO SavingThrow (creatureId, name, modifier) VALUES(15, 'dexterity_save', 9); 
INSERT INTO SavingThrow (creatureId, name, modifier) VALUES(15, 'constitution_save', 14); 
INSERT INTO SavingThrow (creatureId, name, modifier) VALUES(15, 'wisdom_save', 9); 
INSERT INTO SavingThrow (creatureId, name, modifier) VALUES(15, 'charisma_save', 11); 
INSERT INTO Skill (creatureId, name, modifier) VALUES(15, 'perception', 16); 
INSERT INTO Skill (creatureId, name, modifier) VALUES(15, 'stealth', 9); 
INSERT INTO DamageImmunity(creatureId, name) VALUES(15, 'acid'); 
INSERT INTO Sense(creatureId, description) VALUES(15, 'blindsight 60 ft.'); 
INSERT INTO Sense(creatureId, description) VALUES(15, ' darkvision 120 ft.'); 
INSERT INTO Sense(creatureId, description) VALUES(15, ' passive Perception 26'); 
INSERT INTO Language(creatureId, name) VALUES(15, 'Common'); 
INSERT INTO Language(creatureId, name) VALUES(15, ' Draconic'); 
INSERT INTO ArmorClass(creatureId, value) VALUES(15, 22); 
INSERT INTO HitPoint(creatureId, value, hitDice) VALUES(15, 367, '21d20'); 
INSERT INTO Action(creatureId, name, description, attackBonus, damageDice, damageBonus, actionCategory) VALUES(15, 'Amphibious', 'The dragon can breathe air and water.', 0, NULL, NULL, 'SpecialAbility'); 
INSERT INTO Action(creatureId, name, description, attackBonus, damageDice, damageBonus, actionCategory) VALUES(15, 'Legendary Resistance (3/Day)', 'If the dragon fails a saving throw, it can choose to succeed instead.', 0, NULL, NULL, 'SpecialAbility'); 
INSERT INTO Action(creatureId, name, description, attackBonus, damageDice, damageBonus, actionCategory) VALUES(15, 'Legendary Resistance (3/Day)', 'If the dragon fails a saving throw, it can choose to succeed instead.', 0, NULL, NULL, 'SpecialAbility'); 
INSERT INTO Action(creatureId, name, description, attackBonus, damageDice, damageBonus, actionCategory) VALUES(15, 'Multiattack', 'The dragon can use its Frightful Presence. It then makes three attacks: one with its bite and two with its claws.', 0, NULL, NULL, 'Action'); 
INSERT INTO Action(creatureId, name, description, attackBonus, damageDice, damageBonus, actionCategory) VALUES(15, 'Bite', 'Melee Weapon Attack:+ 15 to hit, reach 15 ft., one target. Hit: 19 (2d10 + 8) piercing damage plus 9 (2d8) acid damage.', 15, '2d10 + 2d8', 8, 'Action'); 
INSERT INTO Action(creatureId, name, description, attackBonus, damageDice, damageBonus, actionCategory) VALUES(15, 'Claw', 'Melee Weapon Attack: +15 to hit, reach 10 ft., one target. Hit: 15 (2d6 + 8) slashing damage.', 15, '2d6', 8, 'Action'); 
INSERT INTO Action(creatureId, name, description, attackBonus, damageDice, damageBonus, actionCategory) VALUES(15, 'Tail', 'Melee Weapon Attack: +15 to hit, reach 20 ft ., one target. Hit: 17 (2d8 + 8) bludgeoning damage.', 15, '2d8', 8, 'Action'); 
INSERT INTO Action(creatureId, name, description, attackBonus, damageDice, damageBonus, actionCategory) VALUES(15, 'Frightful Presence', 'Each creature of the dragon''s choice that is within 120 feet of the dragon and aware of it must succeed on a DC 19 Wisdom saving throw or become frightened for 1 minute. A creature can repeat the saving throw at the end of each of its turns, ending the effect on itself on a success. If a creature''s saving throw is successful or the effect ends for it, the creature is immune to the dragon''s Frightful Presence for the next 24 hours.', 0, NULL, NULL, 'Action'); 
INSERT INTO Action(creatureId, name, description, attackBonus, damageDice, damageBonus, actionCategory) VALUES(15, 'Acid Breath (Recharge 5-6)', 'The dragon exhales acid in a 90-foot line that is 10 feet wide. Each creature in that line must make a DC 22 Dexterity saving throw, taking 67 (15d8) acid damage on a failed save, or half as much damage on a successful one.', 0, NULL, NULL, 'Action'); 
INSERT INTO Action(creatureId, name, description, attackBonus, damageDice, damageBonus, actionCategory) VALUES(15, 'Detect', 'The dragon makes a Wisdom (Perception) check.', 0, NULL, NULL, 'LegendaryAction'); 
INSERT INTO Action(creatureId, name, description, attackBonus, damageDice, damageBonus, actionCategory) VALUES(15, 'Tail Attack', 'The dragon makes a tail attack.', 0, NULL, NULL, 'LegendaryAction'); 
INSERT INTO Action(creatureId, name, description, attackBonus, damageDice, damageBonus, actionCategory) VALUES(15, 'Wing Attack (Costs 2 Actions)', 'The dragon beats its wings. Each creature within 15 ft. of the dragon must succeed on a DC 23 Dexterity saving throw or take 15 (2d6 + 8) bludgeoning damage and be knocked prone. The dragon can then fly up to half its flying speed.', 0, NULL, NULL, 'LegendaryAction'); 
INSERT INTO Creature VALUES(16, 'Ancient Blue Dragon', 'Gargantuan', 'dragon', NULL, 'lawful evil', 29, 10, 27, 18, 17, 21, '23', 0); 
INSERT INTO Speed(creatureId, name) VALUES(16, '40 ft.'); 
INSERT INTO Speed(creatureId, name) VALUES(16, ' burrow 40 ft.'); 
INSERT INTO Speed(creatureId, name) VALUES(16, ' fly 80 ft.'); 
INSERT INTO SavingThrow (creatureId, name, modifier) VALUES(16, 'dexterity_save', 7); 
INSERT INTO SavingThrow (creatureId, name, modifier) VALUES(16, 'constitution_save', 15); 
INSERT INTO SavingThrow (creatureId, name, modifier) VALUES(16, 'wisdom_save', 10); 
INSERT INTO SavingThrow (creatureId, name, modifier) VALUES(16, 'charisma_save', 12); 
INSERT INTO Skill (creatureId, name, modifier) VALUES(16, 'perception', 17); 
INSERT INTO Skill (creatureId, name, modifier) VALUES(16, 'stealth', 7); 
INSERT INTO DamageImmunity(creatureId, name) VALUES(16, 'lightning'); 
INSERT INTO Sense(creatureId, description) VALUES(16, 'blindsight 60 ft.'); 
INSERT INTO Sense(creatureId, description) VALUES(16, ' darkvision 120 ft.'); 
INSERT INTO Sense(creatureId, description) VALUES(16, ' passive Perception 27'); 
INSERT INTO Language(creatureId, name) VALUES(16, 'Common'); 
INSERT INTO Language(creatureId, name) VALUES(16, ' Draconic'); 
INSERT INTO ArmorClass(creatureId, value) VALUES(16, 22); 
INSERT INTO HitPoint(creatureId, value, hitDice) VALUES(16, 481, '26d20'); 
INSERT INTO Action(creatureId, name, description, attackBonus, damageDice, damageBonus, actionCategory) VALUES(16, 'Multiattack', 'The dragon can use its Frightful Presence. It then makes three attacks: one with its bite and two with its claws.', 0, NULL, NULL, 'Action'); 
INSERT INTO Action(creatureId, name, description, attackBonus, damageDice, damageBonus, actionCategory) VALUES(16, 'Bite', 'Melee Weapon Attack: +16 to hit, reach 15 ft., one target. Hit: 20 (2d10 + 9) piercing damage plus 11 (2d10) lightning damage.', 16, '2d10 + 2d10', 9, 'Action'); 
INSERT INTO Action(creatureId, name, description, attackBonus, damageDice, damageBonus, actionCategory) VALUES(16, 'Claw', 'Melee Weapon Attack: +16 to hit, reach 10 ft., one target. Hit: 16 (2d6 + 9) slashing damage.', 16, '2d6', 9, 'Action'); 
INSERT INTO Action(creatureId, name, description, attackBonus, damageDice, damageBonus, actionCategory) VALUES(16, 'Tail', 'Melee Weapon Attack: +16 to hit, reach 20 ft., one target. Hit: 18 (2d8 + 9) bludgeoning damage.', 16, '2d8', 9, 'Action'); 
INSERT INTO Action(creatureId, name, description, attackBonus, damageDice, damageBonus, actionCategory) VALUES(16, 'Frightful Presence', 'Each creature of the dragon''s choice that is within 120 feet of the dragon and aware of it must succeed on a DC 20 Wisdom saving throw or become frightened for 1 minute. A creature can repeat the saving throw at the end of each of its turns, ending the effect on itself on a success. If a creature''s saving throw is successful or the effect ends for it, the creature is immune to the dragon''s Frightful Presence for the next 24 hours.', 0, NULL, NULL, 'Action'); 
INSERT INTO Action(creatureId, name, description, attackBonus, damageDice, damageBonus, actionCategory) VALUES(16, 'Lightning Breath (Recharge 5-6)', 'The dragon exhales lightning in a 120-foot line that is 10 feet wide. Each creature in that line must make a DC 23 Dexterity saving throw, taking 88 (16d10) lightning damage on a failed save, or half as much damage on a successful one.', 0, '16d10', NULL, 'Action'); 
INSERT INTO Action(creatureId, name, description, attackBonus, damageDice, damageBonus, actionCategory) VALUES(16, 'Detect', 'The dragon makes a Wisdom (Perception) check.', 0, NULL, NULL, 'LegendaryAction'); 
INSERT INTO Action(creatureId, name, description, attackBonus, damageDice, damageBonus, actionCategory) VALUES(16, 'Tail Attack', 'The dragon makes a tail attack.', 0, NULL, NULL, 'LegendaryAction'); 
INSERT INTO Action(creatureId, name, description, attackBonus, damageDice, damageBonus, actionCategory) VALUES(16, 'Wing Attack (Costs 2 Actions)', 'The dragon beats its wings. Each creature within 15 ft. of the dragon must succeed on a DC 24 Dexterity saving throw or take 16 (2d6 + 9) bludgeoning damage and be knocked prone. The dragon can then fly up to half its flying speed.', 0, NULL, NULL, 'LegendaryAction'); 
INSERT INTO Creature VALUES(17, 'Ancient Brass Dragon', 'Gargantuan', 'dragon', NULL, 'chaotic good', 27, 10, 25, 16, 15, 19, '20', 0); 
INSERT INTO Speed(creatureId, name) VALUES(17, '40 ft.'); 
INSERT INTO Speed(creatureId, name) VALUES(17, ' burrow 40 ft.'); 
INSERT INTO Speed(creatureId, name) VALUES(17, ' fly 80 ft.'); 
INSERT INTO SavingThrow (creatureId, name, modifier) VALUES(17, 'dexterity_save', 6); 
INSERT INTO SavingThrow (creatureId, name, modifier) VALUES(17, 'constitution_save', 13); 
INSERT INTO SavingThrow (creatureId, name, modifier) VALUES(17, 'wisdom_save', 8); 
INSERT INTO SavingThrow (creatureId, name, modifier) VALUES(17, 'charisma_save', 10); 
INSERT INTO Skill (creatureId, name, modifier) VALUES(17, 'history', 9); 
INSERT INTO Skill (creatureId, name, modifier) VALUES(17, 'perception', 14); 
INSERT INTO Skill (creatureId, name, modifier) VALUES(17, 'persuasion', 10); 
INSERT INTO Skill (creatureId, name, modifier) VALUES(17, 'stealth', 6); 
INSERT INTO DamageImmunity(creatureId, name) VALUES(17, 'fire'); 
INSERT INTO Sense(creatureId, description) VALUES(17, 'blindsight 60 ft.'); 
INSERT INTO Sense(creatureId, description) VALUES(17, ' darkvision 120 ft.'); 
INSERT INTO Sense(creatureId, description) VALUES(17, ' passive Perception 24'); 
INSERT INTO Language(creatureId, name) VALUES(17, 'Common'); 
INSERT INTO Language(creatureId, name) VALUES(17, ' Draconic'); 
INSERT INTO ArmorClass(creatureId, value) VALUES(17, 20); 
INSERT INTO HitPoint(creatureId, value, hitDice) VALUES(17, 297, '17d20'); 
INSERT INTO Action(creatureId, name, description, attackBonus, damageDice, damageBonus, actionCategory) VALUES(17, 'Legendary Resistance (3/Day)', 'If the dragon fails a saving throw, it can choose to succeed instead.', 0, NULL, NULL, 'SpecialAbility'); 
INSERT INTO Action(creatureId, name, description, attackBonus, damageDice, damageBonus, actionCategory) VALUES(17, 'Multiattack', 'The dragon can use its Frightful Presence. It then makes three attacks: one with its bite and two with its claws.', 0, NULL, NULL, 'Action'); 
INSERT INTO Action(creatureId, name, description, attackBonus, damageDice, damageBonus, actionCategory) VALUES(17, 'Bite', 'Melee Weapon Attack: +14 to hit, reach 15 ft., one target. Hit: 19 (2d10 + 8) piercing damage.', 14, '2d10', 8, 'Action'); 
INSERT INTO Action(creatureId, name, description, attackBonus, damageDice, damageBonus, actionCategory) VALUES(17, 'Claw', 'Melee Weapon Attack: +14 to hit, reach 10 ft., one target. Hit: 15 (2d6 + 8) slashing damage.', 14, '2d6', 8, 'Action'); 
INSERT INTO Action(creatureId, name, description, attackBonus, damageDice, damageBonus, actionCategory) VALUES(17, 'Tail', 'Melee Weapon Attack: +14 to hit, reach 20 ft., one target. Hit: 17 (2d8 + 8) bludgeoning damage.', 14, '2d8', 8, 'Action'); 
INSERT INTO Action(creatureId, name, description, attackBonus, damageDice, damageBonus, actionCategory) VALUES(17, 'Frightful Presence', 'Each creature of the dragon''s choice that is within 120 feet of the dragon and aware of it must succeed on a DC 18 Wisdom saving throw or become frightened for 1 minute. A creature can repeat the saving throw at the end of each of its turns, ending the effect on itself on a success. If a creature''s saving throw is successful or the effect ends for it, the creature is immune to the dragon''s Frightful Presence for the next 24 hours.', 0, NULL, NULL, 'Action'); 
INSERT INTO Action(creatureId, name, description, attackBonus, damageDice, damageBonus, actionCategory) VALUES(17, 'Breath Weapons (Recharge 5-6)', 'The dragon uses one of the following breath weapons:
Fire Breath. The dragon exhales fire in an 90-foot line that is 10 feet wide. Each creature in that line must make a DC 21 Dexterity saving throw, taking 56 (16d6) fire damage on a failed save, or half as much damage on a successful one.
Sleep Breath. The dragon exhales sleep gas in a 90-foot cone. Each creature in that area must succeed on a DC 21 Constitution saving throw or fall unconscious for 10 minutes. This effect ends for a creature if the creature takes damage or someone uses an action to wake it.', 0, '16d6', NULL, 'Action'); 
INSERT INTO Action(creatureId, name, description, attackBonus, damageDice, damageBonus, actionCategory) VALUES(17, 'Change Shape', 'The dragon magically polymorphs into a humanoid or beast that has a challenge rating no higher than its own, or back into its true form. It reverts to its true form if it dies. Any equipment it is wearing or carrying is absorbed or borne by the new form (the dragon''s choice).
In a new form, the dragon retains its alignment, hit points, Hit Dice, ability to speak, proficiencies, Legendary Resistance, lair actions, and Intelligence, Wisdom, and Charisma scores, as well as this action. Its statistics and capabilities are otherwise replaced by those of the new form, except any class features or legendary actions of that form.', 0, NULL, NULL, 'Action'); 
INSERT INTO Action(creatureId, name, description, attackBonus, damageDice, damageBonus, actionCategory) VALUES(17, 'Detect', 'The dragon makes a Wisdom (Perception) check.', 0, NULL, NULL, 'LegendaryAction'); 
INSERT INTO Action(creatureId, name, description, attackBonus, damageDice, damageBonus, actionCategory) VALUES(17, 'Tail Attack', 'The dragon makes a tail attack.', 0, NULL, NULL, 'LegendaryAction'); 
INSERT INTO Action(creatureId, name, description, attackBonus, damageDice, damageBonus, actionCategory) VALUES(17, 'Wing Attack (Costs 2 Actions)', 'The dragon beats its wings. Each creature within 15 ft. of the dragon must succeed on a DC 22 Dexterity saving throw or take 15 (2d6 + 8) bludgeoning damage and be knocked prone. The dragon can then fly up to half its flying speed.', 0, NULL, NULL, 'LegendaryAction'); 
INSERT INTO Creature VALUES(18, 'Ancient Bronze Dragon', 'Gargantuan', 'dragon', NULL, 'lawful good', 29, 10, 27, 18, 17, 21, '22', 0); 
INSERT INTO Speed(creatureId, name) VALUES(18, '40 ft.'); 
INSERT INTO Speed(creatureId, name) VALUES(18, ' fly 80 ft.'); 
INSERT INTO Speed(creatureId, name) VALUES(18, ' swim 40 ft.'); 
INSERT INTO SavingThrow (creatureId, name, modifier) VALUES(18, 'dexterity_save', 7); 
INSERT INTO SavingThrow (creatureId, name, modifier) VALUES(18, 'constitution_save', 15); 
INSERT INTO SavingThrow (creatureId, name, modifier) VALUES(18, 'wisdom_save', 10); 
INSERT INTO SavingThrow (creatureId, name, modifier) VALUES(18, 'charisma_save', 12); 
INSERT INTO Skill (creatureId, name, modifier) VALUES(18, 'insight', 10); 
INSERT INTO Skill (creatureId, name, modifier) VALUES(18, 'perception', 17); 
INSERT INTO Skill (creatureId, name, modifier) VALUES(18, 'stealth', 7); 
INSERT INTO DamageImmunity(creatureId, name) VALUES(18, 'lightning'); 
INSERT INTO Sense(creatureId, description) VALUES(18, 'blindsight 60 ft.'); 
INSERT INTO Sense(creatureId, description) VALUES(18, ' darkvision 120 ft.'); 
INSERT INTO Sense(creatureId, description) VALUES(18, ' passive Perception 27'); 
INSERT INTO Language(creatureId, name) VALUES(18, 'Common'); 
INSERT INTO Language(creatureId, name) VALUES(18, ' Draconic'); 
INSERT INTO ArmorClass(creatureId, value) VALUES(18, 22); 
INSERT INTO HitPoint(creatureId, value, hitDice) VALUES(18, 444, '24d20'); 
INSERT INTO Action(creatureId, name, description, attackBonus, damageDice, damageBonus, actionCategory) VALUES(18, 'Amphibious', 'The dragon can breathe air and water.', 0, NULL, NULL, 'SpecialAbility'); 
INSERT INTO Action(creatureId, name, description, attackBonus, damageDice, damageBonus, actionCategory) VALUES(18, 'Legendary Resistance (3/Day)', 'If the dragon fails a saving throw, it can choose to succeed instead.', 0, NULL, NULL, 'SpecialAbility'); 
INSERT INTO Action(creatureId, name, description, attackBonus, damageDice, damageBonus, actionCategory) VALUES(18, 'Multiattack', 'The dragon can use its Frightful Presence. It then makes three attacks: one with its bite and two with its claws.', 0, NULL, NULL, 'Action'); 
INSERT INTO Action(creatureId, name, description, attackBonus, damageDice, damageBonus, actionCategory) VALUES(18, 'Bite', 'Melee Weapon Attack: +16 to hit, reach 15 ft., one target. Hit: 20 (2d10 + 9) piercing damage.', 16, '2d10', 9, 'Action'); 
INSERT INTO Action(creatureId, name, description, attackBonus, damageDice, damageBonus, actionCategory) VALUES(18, 'Claw', 'Melee Weapon Attack: +16 to hit, reach 10 ft., one target. Hit: 16 (2d6 + 9) slashing damage.', 16, '1d6', 9, 'Action'); 
INSERT INTO Action(creatureId, name, description, attackBonus, damageDice, damageBonus, actionCategory) VALUES(18, 'Tail', 'Melee Weapon Attack: +16 to hit, reach 20 ft., one target. Hit: 18 (2d8 + 9) bludgeoning damage.', 0, '2d8', 9, 'Action'); 
INSERT INTO Action(creatureId, name, description, attackBonus, damageDice, damageBonus, actionCategory) VALUES(18, 'Frightful Presence', 'Each creature of the dragon''s choice that is within 120 feet of the dragon and aware of it must succeed on a DC 20 Wisdom saving throw or become frightened for 1 minute. A creature can repeat the saving throw at the end of each of its turns, ending the effect on itself on a success. If a creature''s saving throw is successful or the effect ends for it, the creature is immune to the dragon''s Frightful Presence for the next 24 hours.', 0, NULL, NULL, 'Action'); 
INSERT INTO Action(creatureId, name, description, attackBonus, damageDice, damageBonus, actionCategory) VALUES(18, 'Breath Weapons (Recharge 5-6)', 'The dragon uses one of the following breath weapons.
Lightning Breath. The dragon exhales lightning in a 120-foot line that is 10 feet wide. Each creature in that line must make a DC 23 Dexterity saving throw, taking 88 (16d10) lightning damage on a failed save, or half as much damage on a successful one.
Repulsion Breath. The dragon exhales repulsion energy in a 30-foot cone. Each creature in that area must succeed on a DC 23 Strength saving throw. On a failed save, the creature is pushed 60 feet away from the dragon.', 0, '16d10', NULL, 'Action'); 
INSERT INTO Action(creatureId, name, description, attackBonus, damageDice, damageBonus, actionCategory) VALUES(18, 'Change Shape', 'The dragon magically polymorphs into a humanoid or beast that has a challenge rating no higher than its own, or back into its true form. It reverts to its true form if it dies. Any equipment it is wearing or carrying is absorbed or borne by the new form (the dragon''s choice).
In a new form, the dragon retains its alignment, hit points, Hit Dice, ability to speak, proficiencies, Legendary Resistance, lair actions, and Intelligence, Wisdom, and Charisma scores, as well as this action. Its statistics and capabilities are otherwise replaced by those of the new form, except any class features or legendary actions of that form.', 0, NULL, NULL, 'Action'); 
INSERT INTO Action(creatureId, name, description, attackBonus, damageDice, damageBonus, actionCategory) VALUES(18, 'Detect', 'The dragon makes a Wisdom (Perception) check.', 0, NULL, NULL, 'LegendaryAction'); 
INSERT INTO Action(creatureId, name, description, attackBonus, damageDice, damageBonus, actionCategory) VALUES(18, 'Tail Attack', 'The dragon makes a tail attack.', 0, NULL, NULL, 'LegendaryAction'); 
INSERT INTO Action(creatureId, name, description, attackBonus, damageDice, damageBonus, actionCategory) VALUES(18, 'Wing Attack (Costs 2 Actions)', 'The dragon beats its wings. Each creature within 15 ft. of the dragon must succeed on a DC 24 Dexterity saving throw or take 16 (2d6 + 9) bludgeoning damage and be knocked prone. The dragon can then fly up to half its flying speed.', 0, NULL, NULL, 'LegendaryAction'); 
INSERT INTO Creature VALUES(19, 'Ancient Copper Dragon', 'Gargantuan', 'dragon', NULL, 'chaotic good', 27, 12, 25, 20, 17, 19, '21', 0); 
INSERT INTO Speed(creatureId, name) VALUES(19, '40 ft.'); 
INSERT INTO Speed(creatureId, name) VALUES(19, ' climb 40 ft.'); 
INSERT INTO Speed(creatureId, name) VALUES(19, ' fly 80 ft.'); 
INSERT INTO SavingThrow (creatureId, name, modifier) VALUES(19, 'dexterity_save', 8); 
INSERT INTO SavingThrow (creatureId, name, modifier) VALUES(19, 'constitution_save', 14); 
INSERT INTO SavingThrow (creatureId, name, modifier) VALUES(19, 'wisdom_save', 10); 
INSERT INTO SavingThrow (creatureId, name, modifier) VALUES(19, 'charisma_save', 11); 
INSERT INTO Skill (creatureId, name, modifier) VALUES(19, 'deception', 11); 
INSERT INTO Skill (creatureId, name, modifier) VALUES(19, 'perception', 17); 
INSERT INTO Skill (creatureId, name, modifier) VALUES(19, 'stealth', 8); 
INSERT INTO DamageImmunity(creatureId, name) VALUES(19, 'acid'); 
INSERT INTO Sense(creatureId, description) VALUES(19, 'blindsight 60 ft.'); 
INSERT INTO Sense(creatureId, description) VALUES(19, ' darkvision 120 ft.'); 
INSERT INTO Sense(creatureId, description) VALUES(19, ' passive Perception 27'); 
INSERT INTO Language(creatureId, name) VALUES(19, 'Common'); 
INSERT INTO Language(creatureId, name) VALUES(19, ' Draconic'); 
INSERT INTO ArmorClass(creatureId, value) VALUES(19, 21); 
INSERT INTO HitPoint(creatureId, value, hitDice) VALUES(19, 350, '20d20'); 
INSERT INTO Action(creatureId, name, description, attackBonus, damageDice, damageBonus, actionCategory) VALUES(19, 'Legendary Resistance (3/Day)', 'If the dragon fails a saving throw, it can choose to succeed instead.', 0, NULL, NULL, 'SpecialAbility'); 
INSERT INTO Action(creatureId, name, description, attackBonus, damageDice, damageBonus, actionCategory) VALUES(19, 'Multiattack', 'The dragon can use its Frightful Presence. It then makes three attacks: one with its bite and two with its claws.', 0, NULL, NULL, 'Action'); 
INSERT INTO Action(creatureId, name, description, attackBonus, damageDice, damageBonus, actionCategory) VALUES(19, 'Bite', 'Melee Weapon Attack: +15 to hit, reach 15 ft., one target. Hit: 19 (2d10 + 8) piercing damage.', 15, '2d10', 8, 'Action'); 
INSERT INTO Action(creatureId, name, description, attackBonus, damageDice, damageBonus, actionCategory) VALUES(19, 'Claw', 'Melee Weapon Attack: +15 to hit, reach 10 ft., one target. Hit: 15 (2d6 + 8) slashing damage.', 15, '2d6', 8, 'Action'); 
INSERT INTO Action(creatureId, name, description, attackBonus, damageDice, damageBonus, actionCategory) VALUES(19, 'Tail', 'Melee Weapon Attack: +15 to hit, reach 20 ft., one target. Hit: 17 (2d8 + 8) bludgeoning damage.', 15, '2d8', 8, 'Action'); 
INSERT INTO Action(creatureId, name, description, attackBonus, damageDice, damageBonus, actionCategory) VALUES(19, 'Frightful Presence', 'Each creature of the dragon''s choice that is within 120 feet of the dragon and aware of it must succeed on a DC 19 Wisdom saving throw or become frightened for 1 minute. A creature can repeat the saving throw at the end of each of its turns, ending the effect on itself on a success. If a creature''s saving throw is successful or the effect ends for it, the creature is immune to the dragon''s Frightful Presence for the next 24 hours.', 0, NULL, NULL, 'Action'); 
INSERT INTO Action(creatureId, name, description, attackBonus, damageDice, damageBonus, actionCategory) VALUES(19, 'Breath Weapons (Recharge 5-6)', 'The dragon uses one of the following breath weapons.
Acid Breath. The dragon exhales acid in an 90-foot line that is 10 feet wide. Each creature in that line must make a DC 22 Dexterity saving throw, taking 63 (14d8) acid damage on a failed save, or half as much damage on a successful one.
Slowing Breath. The dragon exhales gas in a 90-foot cone. Each creature in that area must succeed on a DC 22 Constitution saving throw. On a failed save, the creature can''t use reactions, its speed is halved, and it can''t make more than one attack on its turn. In addition, the creature can use either an action or a bonus action on its turn, but not both. These effects last for 1 minute. The creature can repeat the saving throw at the end of each of its turns, ending the effect on itself with a successful save.', 0, '14d8', NULL, 'Action'); 
INSERT INTO Action(creatureId, name, description, attackBonus, damageDice, damageBonus, actionCategory) VALUES(19, 'Change Shape', 'The dragon magically polymorphs into a humanoid or beast that has a challenge rating no higher than its own, or back into its true form. It reverts to its true form if it dies. Any equipment it is wearing or carrying is absorbed or borne by the new form (the dragon''s choice).
In a new form, the dragon retains its alignment, hit points, Hit Dice, ability to speak, proficiencies, Legendary Resistance, lair actions, and Intelligence, Wisdom, and Charisma scores, as well as this action. Its statistics and capabilities are otherwise replaced by those of the new form, except any class features or legendary actions of that form.', 0, NULL, NULL, 'Action'); 
INSERT INTO Action(creatureId, name, description, attackBonus, damageDice, damageBonus, actionCategory) VALUES(19, 'Detect', 'The dragon makes a Wisdom (Perception) check.', 0, NULL, NULL, 'LegendaryAction'); 
INSERT INTO Action(creatureId, name, description, attackBonus, damageDice, damageBonus, actionCategory) VALUES(19, 'Tail Attack', 'The dragon makes a tail attack.', 0, NULL, NULL, 'LegendaryAction'); 
INSERT INTO Action(creatureId, name, description, attackBonus, damageDice, damageBonus, actionCategory) VALUES(19, 'Wing Attack (Costs 2 Actions)', 'The dragon beats its wings. Each creature within 15 ft. of the dragon must succeed on a DC 23 Dexterity saving throw or take 15 (2d6 + 8) bludgeoning damage and be knocked prone. The dragon can then fly up to half its flying speed.', 0, NULL, NULL, 'LegendaryAction'); 
INSERT INTO Creature VALUES(20, 'Ancient Gold Dragon', 'Gargantuan', 'dragon', NULL, 'lawful good', 30, 14, 29, 18, 17, 28, '24', 0); 
INSERT INTO Speed(creatureId, name) VALUES(20, '40 ft.'); 
INSERT INTO Speed(creatureId, name) VALUES(20, ' fly 80 ft.'); 
INSERT INTO Speed(creatureId, name) VALUES(20, ' swim 40 ft.'); 
INSERT INTO SavingThrow (creatureId, name, modifier) VALUES(20, 'dexterity_save', 9); 
INSERT INTO SavingThrow (creatureId, name, modifier) VALUES(20, 'constitution_save', 16); 
INSERT INTO SavingThrow (creatureId, name, modifier) VALUES(20, 'wisdom_save', 10); 
INSERT INTO SavingThrow (creatureId, name, modifier) VALUES(20, 'charisma_save', 16); 
INSERT INTO Skill (creatureId, name, modifier) VALUES(20, 'insight', 10); 
INSERT INTO Skill (creatureId, name, modifier) VALUES(20, 'perception', 17); 
INSERT INTO Skill (creatureId, name, modifier) VALUES(20, 'persuasion', 16); 
INSERT INTO Skill (creatureId, name, modifier) VALUES(20, 'stealth', 9); 
INSERT INTO DamageImmunity(creatureId, name) VALUES(20, 'fire'); 
INSERT INTO Sense(creatureId, description) VALUES(20, 'blindsight 60 ft.'); 
INSERT INTO Sense(creatureId, description) VALUES(20, ' darkvision 120 ft.'); 
INSERT INTO Sense(creatureId, description) VALUES(20, ' passive Perception 27'); 
INSERT INTO Language(creatureId, name) VALUES(20, 'Common'); 
INSERT INTO Language(creatureId, name) VALUES(20, ' Draconic'); 
INSERT INTO ArmorClass(creatureId, value) VALUES(20, 22); 
INSERT INTO HitPoint(creatureId, value, hitDice) VALUES(20, 546, '28d20'); 
INSERT INTO Action(creatureId, name, description, attackBonus, damageDice, damageBonus, actionCategory) VALUES(20, 'Amphibious', 'The dragon can breathe air and water.', 0, NULL, NULL, 'SpecialAbility'); 
INSERT INTO Action(creatureId, name, description, attackBonus, damageDice, damageBonus, actionCategory) VALUES(20, 'Legendary Resistance (3/Day)', 'If the dragon fails a saving throw, it can choose to succeed instead.', 0, NULL, NULL, 'SpecialAbility'); 
INSERT INTO Action(creatureId, name, description, attackBonus, damageDice, damageBonus, actionCategory) VALUES(20, 'Multiattack', 'The dragon can use its Frightful Presence. It then makes three attacks: one with its bite and two with its claws.', 0, NULL, NULL, 'Action'); 
INSERT INTO Action(creatureId, name, description, attackBonus, damageDice, damageBonus, actionCategory) VALUES(20, 'Bite', 'Melee Weapon Attack: +17 to hit, reach 15 ft., one target. Hit: 21 (2d10 + 10) piercing damage.', 17, '2d10', 10, 'Action'); 
INSERT INTO Action(creatureId, name, description, attackBonus, damageDice, damageBonus, actionCategory) VALUES(20, 'Claw', 'Melee Weapon Attack: +17 to hit, reach 10 ft., one target. Hit: 17 (2d6 + 10) slashing damage.', 17, '2d6', 10, 'Action'); 
INSERT INTO Action(creatureId, name, description, attackBonus, damageDice, damageBonus, actionCategory) VALUES(20, 'Tail', 'Melee Weapon Attack: +17 to hit, reach 20 ft., one target. Hit: 19 (2d8 + 10) bludgeoning damage.', 17, '2d8', 10, 'Action'); 
INSERT INTO Action(creatureId, name, description, attackBonus, damageDice, damageBonus, actionCategory) VALUES(20, 'Frightful Presence', 'Each creature of the dragon''s choice that is within 120 feet of the dragon and aware of it must succeed on a DC 24 Wisdom saving throw or become frightened for 1 minute. A creature can repeat the saving throw at the end of each of its turns, ending the effect on itself on a success. If a creature''s saving throw is successful or the effect ends for it, the creature is immune to the dragon''s Frightful Presence for the next 24 hours.', 0, NULL, NULL, 'Action'); 
INSERT INTO Action(creatureId, name, description, attackBonus, damageDice, damageBonus, actionCategory) VALUES(20, 'Breath Weapons (Recharge 5-6)', 'The dragon uses one of the following breath weapons.
Fire Breath. The dragon exhales fire in a 90-foot cone. Each creature in that area must make a DC 24 Dexterity saving throw, taking 71 (13d10) fire damage on a failed save, or half as much damage on a successful one.
Weakening Breath. The dragon exhales gas in a 90-foot cone. Each creature in that area must succeed on a DC 24 Strength saving throw or have disadvantage on Strength-based attack rolls, Strength checks, and Strength saving throws for 1 minute. A creature can repeat the saving throw at the end of each of its turns, ending the effect on itself on a success.', 0, '13d10', NULL, 'Action'); 
INSERT INTO Action(creatureId, name, description, attackBonus, damageDice, damageBonus, actionCategory) VALUES(20, 'Change Shape', 'The dragon magically polymorphs into a humanoid or beast that has a challenge rating no higher than its own, or back into its true form. It reverts to its true form if it dies. Any equipment it is wearing or carrying is absorbed or borne by the new form (the dragon''s choice).
In a new form, the dragon retains its alignment, hit points, Hit Dice, ability to speak, proficiencies, Legendary Resistance, lair actions, and Intelligence, Wisdom, and Charisma scores, as well as this action. Its statistics and capabilities are otherwise replaced by those of the new form, except any class features or legendary actions of that form.', 0, NULL, NULL, 'Action'); 
INSERT INTO Action(creatureId, name, description, attackBonus, damageDice, damageBonus, actionCategory) VALUES(20, 'Detect', 'The dragon makes a Wisdom (Perception) check.', 0, NULL, NULL, 'LegendaryAction'); 
INSERT INTO Action(creatureId, name, description, attackBonus, damageDice, damageBonus, actionCategory) VALUES(20, 'Tail Attack', 'The dragon makes a tail attack.', 0, NULL, NULL, 'LegendaryAction'); 
INSERT INTO Action(creatureId, name, description, attackBonus, damageDice, damageBonus, actionCategory) VALUES(20, 'Wing Attack (Costs 2 Actions)', 'The dragon beats its wings. Each creature within 15 ft. of the dragon must succeed on a DC 25 Dexterity saving throw or take 17 (2d6 + 10) bludgeoning damage and be knocked prone. The dragon can then fly up to half its flying speed.', 0, NULL, NULL, 'LegendaryAction'); 
INSERT INTO Creature VALUES(21, 'Ancient Green Dragon', 'Gargantuan', 'dragon', NULL, 'lawful evil', 27, 12, 25, 20, 17, 19, '22', 0); 
INSERT INTO Speed(creatureId, name) VALUES(21, '40 ft.'); 
INSERT INTO Speed(creatureId, name) VALUES(21, ' fly 80 ft.'); 
INSERT INTO Speed(creatureId, name) VALUES(21, ' swim 40 ft.'); 
INSERT INTO SavingThrow (creatureId, name, modifier) VALUES(21, 'dexterity_save', 8); 
INSERT INTO SavingThrow (creatureId, name, modifier) VALUES(21, 'constitution_save', 14); 
INSERT INTO SavingThrow (creatureId, name, modifier) VALUES(21, 'wisdom_save', 10); 
INSERT INTO SavingThrow (creatureId, name, modifier) VALUES(21, 'charisma_save', 11); 
INSERT INTO Skill (creatureId, name, modifier) VALUES(21, 'deception', 11); 
INSERT INTO Skill (creatureId, name, modifier) VALUES(21, 'insight', 10); 
INSERT INTO Skill (creatureId, name, modifier) VALUES(21, 'perception', 17); 
INSERT INTO Skill (creatureId, name, modifier) VALUES(21, 'persuasion', 11); 
INSERT INTO Skill (creatureId, name, modifier) VALUES(21, 'stealth', 8); 
INSERT INTO DamageImmunity(creatureId, name) VALUES(21, 'poison'); 
INSERT INTO ConditionImmunity(creatureId, name) VALUES(21, 'poisoned'); 
INSERT INTO Sense(creatureId, description) VALUES(21, 'blindsight 60 ft.'); 
INSERT INTO Sense(creatureId, description) VALUES(21, ' darkvision 120 ft.'); 
INSERT INTO Sense(creatureId, description) VALUES(21, ' passive Perception 27'); 
INSERT INTO Language(creatureId, name) VALUES(21, 'Common'); 
INSERT INTO Language(creatureId, name) VALUES(21, ' Draconic'); 
INSERT INTO ArmorClass(creatureId, value) VALUES(21, 21); 
INSERT INTO HitPoint(creatureId, value, hitDice) VALUES(21, 385, '22d20'); 
INSERT INTO Action(creatureId, name, description, attackBonus, damageDice, damageBonus, actionCategory) VALUES(21, 'Amphibious', 'The dragon can breathe air and water.', 0, NULL, NULL, 'SpecialAbility'); 
INSERT INTO Action(creatureId, name, description, attackBonus, damageDice, damageBonus, actionCategory) VALUES(21, 'Legendary Resistance (3/Day)', 'If the dragon fails a saving throw, it can choose to succeed instead.', 0, NULL, NULL, 'SpecialAbility'); 
INSERT INTO Action(creatureId, name, description, attackBonus, damageDice, damageBonus, actionCategory) VALUES(21, 'Multiattack', 'The dragon can use its Frightful Presence. It then makes three attacks: one with its bite and two with its claws.', 0, NULL, NULL, 'Action'); 
INSERT INTO Action(creatureId, name, description, attackBonus, damageDice, damageBonus, actionCategory) VALUES(21, 'Bite', 'Melee Weapon Attack: +15 to hit, reach 15 ft., one target. Hit: 19 (2d10 + 8) piercing damage plus 10 (3d6) poison damage.', 15, '2d10 + 3d6', 9, 'Action'); 
INSERT INTO Action(creatureId, name, description, attackBonus, damageDice, damageBonus, actionCategory) VALUES(21, 'Claw', 'Melee Weapon Attack: +15 to hit, reach 10 ft., one target. Hit: 22 (4d6 + 8) slashing damage.', 15, '4d6', 8, 'Action'); 
INSERT INTO Action(creatureId, name, description, attackBonus, damageDice, damageBonus, actionCategory) VALUES(21, 'Tail', 'Melee Weapon Attack: +15 to hit, reach 20 ft., one target. Hit: 17 (2d8 + 8) bludgeoning damage.', 16, '2d8', 8, 'Action'); 
INSERT INTO Action(creatureId, name, description, attackBonus, damageDice, damageBonus, actionCategory) VALUES(21, 'Frightful Presence', 'Each creature of the dragon''s choice that is within 120 feet of the dragon and aware of it must succeed on a DC 19 Wisdom saving throw or become frightened for 1 minute. A creature can repeat the saving throw at the end of each of its turns, ending the effect on itself on a success. If a creature''s saving throw is successful or the effect ends for it, the creature is immune to the dragon''s Frightful Presence for the next 24 hours.', 0, NULL, NULL, 'Action'); 
INSERT INTO Action(creatureId, name, description, attackBonus, damageDice, damageBonus, actionCategory) VALUES(21, 'Poison Breath (Recharge 5-6)', 'The dragon exhales poisonous gas in a 90-foot cone. Each creature in that area must make a DC 22 Constitution saving throw, taking 77 (22d6) poison damage on a failed save, or half as much damage on a successful one.', 0, '22d6', NULL, 'Action'); 
INSERT INTO Action(creatureId, name, description, attackBonus, damageDice, damageBonus, actionCategory) VALUES(21, 'Detect', 'The dragon makes a Wisdom (Perception) check.', 0, NULL, NULL, 'LegendaryAction'); 
INSERT INTO Action(creatureId, name, description, attackBonus, damageDice, damageBonus, actionCategory) VALUES(21, 'Tail Attack', 'The dragon makes a tail attack.', 0, NULL, NULL, 'LegendaryAction'); 
INSERT INTO Action(creatureId, name, description, attackBonus, damageDice, damageBonus, actionCategory) VALUES(21, 'Wing Attack (Costs 2 Actions)', 'The dragon beats its wings. Each creature within 15 ft. of the dragon must succeed on a DC 23 Dexterity saving throw or take 15 (2d6 + 8) bludgeoning damage and be knocked prone. The dragon can then fly up to half its flying speed.', 0, NULL, NULL, 'LegendaryAction'); 
INSERT INTO Creature VALUES(22, 'Ancient Red Dragon', 'Gargantuan', 'dragon', NULL, 'chaotic evil', 30, 10, 29, 18, 15, 23, '24', 0); 
INSERT INTO Speed(creatureId, name) VALUES(22, '40 ft.'); 
INSERT INTO Speed(creatureId, name) VALUES(22, ' climb 40 ft.'); 
INSERT INTO Speed(creatureId, name) VALUES(22, ' fly 80 ft.'); 
INSERT INTO SavingThrow (creatureId, name, modifier) VALUES(22, 'dexterity_save', 7); 
INSERT INTO SavingThrow (creatureId, name, modifier) VALUES(22, 'constitution_save', 16); 
INSERT INTO SavingThrow (creatureId, name, modifier) VALUES(22, 'wisdom_save', 9); 
INSERT INTO SavingThrow (creatureId, name, modifier) VALUES(22, 'charisma_save', 13); 
INSERT INTO Skill (creatureId, name, modifier) VALUES(22, 'perception', 16); 
INSERT INTO Skill (creatureId, name, modifier) VALUES(22, 'stealth', 7); 
INSERT INTO DamageImmunity(creatureId, name) VALUES(22, 'fire'); 
INSERT INTO Sense(creatureId, description) VALUES(22, 'blindsight 60 ft.'); 
INSERT INTO Sense(creatureId, description) VALUES(22, ' darkvision 120 ft.'); 
INSERT INTO Sense(creatureId, description) VALUES(22, ' passive Perception 26'); 
INSERT INTO Language(creatureId, name) VALUES(22, 'Common'); 
INSERT INTO Language(creatureId, name) VALUES(22, ' Draconic'); 
INSERT INTO ArmorClass(creatureId, value) VALUES(22, 22); 
INSERT INTO HitPoint(creatureId, value, hitDice) VALUES(22, 546, '28d20'); 
INSERT INTO Action(creatureId, name, description, attackBonus, damageDice, damageBonus, actionCategory) VALUES(22, 'Legendary Resistance (3/Day)', 'If the dragon fails a saving throw, it can choose to succeed instead.', 0, NULL, NULL, 'SpecialAbility'); 
INSERT INTO Action(creatureId, name, description, attackBonus, damageDice, damageBonus, actionCategory) VALUES(22, 'Multiattack', 'The dragon can use its Frightful Presence. It then makes three attacks: one with its bite and two with its claws.', 0, NULL, NULL, 'Action'); 
INSERT INTO Action(creatureId, name, description, attackBonus, damageDice, damageBonus, actionCategory) VALUES(22, 'Bite', 'Melee Weapon Attack: +17 to hit, reach 15 ft., one target. Hit: 21 (2d10 + 10) piercing damage plus 14 (4d6) fire damage.', 17, '2d10 + 4d6', 10, 'Action'); 
INSERT INTO Action(creatureId, name, description, attackBonus, damageDice, damageBonus, actionCategory) VALUES(22, 'Claw', 'Melee Weapon Attack: +17 to hit, reach 10 ft., one target. Hit: 17 (2d6 + 10) slashing damage.', 17, '2d6', 10, 'Action'); 
INSERT INTO Action(creatureId, name, description, attackBonus, damageDice, damageBonus, actionCategory) VALUES(22, 'Tail', 'Melee Weapon Attack: +17 to hit, reach 20 ft., one target. Hit: 19 (2d8 + 10) bludgeoning damage.', 17, '2d8', 10, 'Action'); 
INSERT INTO Action(creatureId, name, description, attackBonus, damageDice, damageBonus, actionCategory) VALUES(22, 'Frightful Presence', 'Each creature of the dragon''s choice that is within 120 feet of the dragon and aware of it must succeed on a DC 21 Wisdom saving throw or become frightened for 1 minute. A creature can repeat the saving throw at the end of each of its turns, ending the effect on itself on a success. If a creature''s saving throw is successful or the effect ends for it, the creature is immune to the dragon''s Frightful Presence for the next 24 hours.', 0, NULL, NULL, 'Action'); 
INSERT INTO Action(creatureId, name, description, attackBonus, damageDice, damageBonus, actionCategory) VALUES(22, 'Fire Breath (Recharge 5-6)', 'The dragon exhales fire in a 90-foot cone. Each creature in that area must make a DC 24 Dexterity saving throw, taking 91 (26d6) fire damage on a failed save, or half as much damage on a successful one.', 0, '26d6', NULL, 'Action'); 
INSERT INTO Action(creatureId, name, description, attackBonus, damageDice, damageBonus, actionCategory) VALUES(22, 'Detect', 'The dragon makes a Wisdom (Perception) check.', 0, NULL, NULL, 'LegendaryAction'); 
INSERT INTO Action(creatureId, name, description, attackBonus, damageDice, damageBonus, actionCategory) VALUES(22, 'Tail Attack', 'The dragon makes a tail attack.', 0, NULL, NULL, 'LegendaryAction'); 
INSERT INTO Action(creatureId, name, description, attackBonus, damageDice, damageBonus, actionCategory) VALUES(22, 'Wing Attack (Costs 2 Actions)', 'The dragon beats its wings. Each creature within 15 ft. of the dragon must succeed on a DC 25 Dexterity saving throw or take 17 (2d6 + 10) bludgeoning damage and be knocked prone. The dragon can then fly up to half its flying speed.', 0, NULL, NULL, 'LegendaryAction'); 
INSERT INTO Creature VALUES(23, 'Ancient Silver Dragon', 'Gargantuan', 'dragon', NULL, 'lawful good', 30, 10, 29, 18, 15, 23, '23', 0); 
INSERT INTO Speed(creatureId, name) VALUES(23, '40 ft.'); 
INSERT INTO Speed(creatureId, name) VALUES(23, ' fly 80 ft.'); 
INSERT INTO SavingThrow (creatureId, name, modifier) VALUES(23, 'dexterity_save', 7); 
INSERT INTO SavingThrow (creatureId, name, modifier) VALUES(23, 'constitution_save', 16); 
INSERT INTO SavingThrow (creatureId, name, modifier) VALUES(23, 'wisdom_save', 9); 
INSERT INTO SavingThrow (creatureId, name, modifier) VALUES(23, 'charisma_save', 13); 
INSERT INTO Skill (creatureId, name, modifier) VALUES(23, 'arcana', 11); 
INSERT INTO Skill (creatureId, name, modifier) VALUES(23, 'history', 11); 
INSERT INTO Skill (creatureId, name, modifier) VALUES(23, 'perception', 16); 
INSERT INTO Skill (creatureId, name, modifier) VALUES(23, 'stealth', 7); 
INSERT INTO DamageImmunity(creatureId, name) VALUES(23, 'cold'); 
INSERT INTO Sense(creatureId, description) VALUES(23, 'blindsight 60 ft.'); 
INSERT INTO Sense(creatureId, description) VALUES(23, ' darkvision 120 ft.'); 
INSERT INTO Sense(creatureId, description) VALUES(23, ' passive Perception 26'); 
INSERT INTO Language(creatureId, name) VALUES(23, 'Common'); 
INSERT INTO Language(creatureId, name) VALUES(23, ' Draconic'); 
INSERT INTO ArmorClass(creatureId, value) VALUES(23, 22); 
INSERT INTO HitPoint(creatureId, value, hitDice) VALUES(23, 487, '25d20'); 
INSERT INTO Action(creatureId, name, description, attackBonus, damageDice, damageBonus, actionCategory) VALUES(23, 'Legendary Resistance (3/Day)', 'If the dragon fails a saving throw, it can choose to succeed instead.', 0, NULL, NULL, 'SpecialAbility'); 
INSERT INTO Action(creatureId, name, description, attackBonus, damageDice, damageBonus, actionCategory) VALUES(23, 'Multiattack', 'The dragon can use its Frightful Presence. It then makes three attacks: one with its bite and two with its claws.', 0, NULL, NULL, 'Action'); 
INSERT INTO Action(creatureId, name, description, attackBonus, damageDice, damageBonus, actionCategory) VALUES(23, 'Bite', 'Melee Weapon Attack: +17 to hit, reach 15 ft., one target. Hit: 21 (2d10 + 10) piercing damage.', 17, '2d10', 10, 'Action'); 
INSERT INTO Action(creatureId, name, description, attackBonus, damageDice, damageBonus, actionCategory) VALUES(23, 'Claw', 'Melee Weapon Attack: +17 to hit, reach 10 ft., one target. Hit: 17 (2d6 + 10) slashing damage.', 17, '2d6', 10, 'Action'); 
INSERT INTO Action(creatureId, name, description, attackBonus, damageDice, damageBonus, actionCategory) VALUES(23, 'Tail', 'Melee Weapon Attack: +17 to hit, reach 20 ft., one target. Hit: 19 (2d8 + 10) bludgeoning damage.', 17, '2d8', 10, 'Action'); 
INSERT INTO Action(creatureId, name, description, attackBonus, damageDice, damageBonus, actionCategory) VALUES(23, 'Frightful Presence', 'Each creature of the dragon''s choice that is within 120 feet of the dragon and aware of it must succeed on a DC 21 Wisdom saving throw or become frightened for 1 minute. A creature can repeat the saving throw at the end of each of its turns, ending the effect on itself on a success. If a creature''s saving throw is successful or the effect ends for it, the creature is immune to the dragon''s Frightful Presence for the next 24 hours.', 0, NULL, NULL, 'Action'); 
INSERT INTO Action(creatureId, name, description, attackBonus, damageDice, damageBonus, actionCategory) VALUES(23, 'Breath Weapons (Recharge 5-6)', 'The dragon uses one of the following breath weapons.
Cold Breath. The dragon exhales an icy blast in a 90-foot cone. Each creature in that area must make a DC 24 Constitution saving throw, taking 67 (15d8) cold damage on a failed save, or half as much damage on a successful one.
Paralyzing Breath. The dragon exhales paralyzing gas in a 90- foot cone. Each creature in that area must succeed on a DC 24 Constitution saving throw or be paralyzed for 1 minute. A creature can repeat the saving throw at the end of each of its turns, ending the effect on itself on a success.', 0, '15d8', NULL, 'Action'); 
INSERT INTO Action(creatureId, name, description, attackBonus, damageDice, damageBonus, actionCategory) VALUES(23, 'Change Shape', 'The dragon magically polymorphs into a humanoid or beast that has a challenge rating no higher than its own, or back into its true form. It reverts to its true form if it dies. Any equipment it is wearing or carrying is absorbed or borne by the new form (the dragon''s choice).
In a new form, the dragon retains its alignment, hit points, Hit Dice, ability to speak, proficiencies, Legendary Resistance, lair actions, and Intelligence, Wisdom, and Charisma scores, as well as this action. Its statistics and capabilities are otherwise replaced by those of the new form, except any class features or legendary actions of that form.', 0, NULL, NULL, 'Action'); 
INSERT INTO Action(creatureId, name, description, attackBonus, damageDice, damageBonus, actionCategory) VALUES(23, 'Detect', 'The dragon makes a Wisdom (Perception) check.', 0, NULL, NULL, 'LegendaryAction'); 
INSERT INTO Action(creatureId, name, description, attackBonus, damageDice, damageBonus, actionCategory) VALUES(23, 'Tail Attack', 'The dragon makes a tail attack.', 0, NULL, NULL, 'LegendaryAction'); 
INSERT INTO Action(creatureId, name, description, attackBonus, damageDice, damageBonus, actionCategory) VALUES(23, 'Wing Attack (Costs 2 Actions)', 'The dragon beats its wings. Each creature within 15 ft. of the dragon must succeed on a DC 25 Dexterity saving throw or take 17 (2d6 + 10) bludgeoning damage and be knocked prone. The dragon can then fly up to half its flying speed.', 0, NULL, NULL, 'LegendaryAction'); 
INSERT INTO Creature VALUES(24, 'Ancient White Dragon', 'Gargantuan', 'dragon', NULL, 'chaotic evil', 26, 10, 26, 10, 13, 14, '20', 0); 
INSERT INTO Speed(creatureId, name) VALUES(24, '40 ft.'); 
INSERT INTO Speed(creatureId, name) VALUES(24, ' burrow 40 ft.'); 
INSERT INTO Speed(creatureId, name) VALUES(24, ' fly 80 ft.'); 
INSERT INTO Speed(creatureId, name) VALUES(24, ' swim 40 ft.'); 
INSERT INTO SavingThrow (creatureId, name, modifier) VALUES(24, 'dexterity_save', 6); 
INSERT INTO SavingThrow (creatureId, name, modifier) VALUES(24, 'constitution_save', 14); 
INSERT INTO SavingThrow (creatureId, name, modifier) VALUES(24, 'wisdom_save', 7); 
INSERT INTO SavingThrow (creatureId, name, modifier) VALUES(24, 'charisma_save', 8); 
INSERT INTO Skill (creatureId, name, modifier) VALUES(24, 'perception', 13); 
INSERT INTO Skill (creatureId, name, modifier) VALUES(24, 'stealth', 6); 
INSERT INTO DamageImmunity(creatureId, name) VALUES(24, 'cold'); 
INSERT INTO Sense(creatureId, description) VALUES(24, 'blindsight 60 ft.'); 
INSERT INTO Sense(creatureId, description) VALUES(24, ' darkvision 120 ft.'); 
INSERT INTO Sense(creatureId, description) VALUES(24, ' passive Perception 23'); 
INSERT INTO Language(creatureId, name) VALUES(24, 'Common'); 
INSERT INTO Language(creatureId, name) VALUES(24, ' Draconic'); 
INSERT INTO ArmorClass(creatureId, value) VALUES(24, 20); 
INSERT INTO HitPoint(creatureId, value, hitDice) VALUES(24, 333, '18d20'); 
INSERT INTO Action(creatureId, name, description, attackBonus, damageDice, damageBonus, actionCategory) VALUES(24, 'Ice Walk', 'The dragon can move across and climb icy surfaces without needing to make an ability check. Additionally, difficult terrain composed of ice or snow doesn''t cost it extra moment.', 0, NULL, NULL, 'SpecialAbility'); 
INSERT INTO Action(creatureId, name, description, attackBonus, damageDice, damageBonus, actionCategory) VALUES(24, 'Legendary Resistance (3/Day)', 'If the dragon fails a saving throw, it can choose to succeed instead.', 0, NULL, NULL, 'SpecialAbility'); 
INSERT INTO Action(creatureId, name, description, attackBonus, damageDice, damageBonus, actionCategory) VALUES(24, 'Multiattack', 'The dragon can use its Frightful Presence. It then makes three attacks: one with its bite and two with its claws.', 0, NULL, NULL, 'Action'); 
INSERT INTO Action(creatureId, name, description, attackBonus, damageDice, damageBonus, actionCategory) VALUES(24, 'Bite', 'Melee Weapon Attack: +14 to hit, reach 15 ft., one target. Hit: 19 (2d10 + 8) piercing damage plus 9 (2d8) cold damage.', 14, '2d10 + 2d8', 8, 'Action'); 
INSERT INTO Action(creatureId, name, description, attackBonus, damageDice, damageBonus, actionCategory) VALUES(24, 'Claw', 'Melee Weapon Attack: +14 to hit, reach 10 ft., one target. Hit: 15 (2d6 + 8) slashing damage.', 14, '2d6', 8, 'Action'); 
INSERT INTO Action(creatureId, name, description, attackBonus, damageDice, damageBonus, actionCategory) VALUES(24, 'Tail', 'Melee Weapon Attack: +14 to hit, reach 20 ft., one target. Hit: 17 (2d8 + 8) bludgeoning damage.', 14, '2d8', 8, 'Action'); 
INSERT INTO Action(creatureId, name, description, attackBonus, damageDice, damageBonus, actionCategory) VALUES(24, 'Frightful Presence', 'Each creature of the dragon''s choice that is within 120 feet of the dragon and aware of it must succeed on a DC 16 Wisdom saving throw or become frightened for 1 minute. A creature can repeat the saving throw at the end of each of its turns, ending the effect on itself on a success. If a creature''s saving throw is successful or the effect ends for it, the creature is immune to the dragon''s Frightful Presence for the next 24 hours .', 0, NULL, NULL, 'Action'); 
INSERT INTO Action(creatureId, name, description, attackBonus, damageDice, damageBonus, actionCategory) VALUES(24, 'Cold Breath (Recharge 5-6)', 'The dragon exhales an icy blast in a 90-foot cone. Each creature in that area must make a DC 22 Constitution saving throw, taking 72 (l6d8) cold damage on a failed save, or half as much damage on a successful one.', 0, '16d8', NULL, 'Action'); 
INSERT INTO Creature VALUES(25, 'Androsphinx', 'Large', 'monstrosity', NULL, 'lawful neutral', 22, 10, 20, 16, 18, 23, '17', 0); 
INSERT INTO Speed(creatureId, name) VALUES(25, '40 ft.'); 
INSERT INTO Speed(creatureId, name) VALUES(25, ' fly 60 ft.'); 
INSERT INTO SavingThrow (creatureId, name, modifier) VALUES(25, 'dexterity_save', 6); 
INSERT INTO SavingThrow (creatureId, name, modifier) VALUES(25, 'constitution_save', 11); 
INSERT INTO SavingThrow (creatureId, name, modifier) VALUES(25, 'intelligence_save', 9); 
INSERT INTO SavingThrow (creatureId, name, modifier) VALUES(25, 'wisdom_save', 10); 
INSERT INTO Skill (creatureId, name, modifier) VALUES(25, 'arcana', 9); 
INSERT INTO Skill (creatureId, name, modifier) VALUES(25, 'perception', 10); 
INSERT INTO Skill (creatureId, name, modifier) VALUES(25, 'religion', 15); 
INSERT INTO DamageImmunity(creatureId, name) VALUES(25, 'psychic; bludgeoning, piercing, and slashing from nonmagical weapons'); 
INSERT INTO ConditionImmunity(creatureId, name) VALUES(25, 'charmed, frightened'); 
INSERT INTO Sense(creatureId, description) VALUES(25, 'truesight 120 ft.'); 
INSERT INTO Sense(creatureId, description) VALUES(25, ' passive Perception 20'); 
INSERT INTO Language(creatureId, name) VALUES(25, 'Common'); 
INSERT INTO Language(creatureId, name) VALUES(25, ' Sphinx'); 
INSERT INTO ArmorClass(creatureId, value) VALUES(25, 17); 
INSERT INTO HitPoint(creatureId, value, hitDice) VALUES(25, 199, '19d10'); 
INSERT INTO Action(creatureId, name, description, attackBonus, damageDice, damageBonus, actionCategory) VALUES(25, 'Inscrutable', 'The sphinx is immune to any effect that would sense its emotions or read its thoughts, as well as any divination spell that it refuses. Wisdom (Insight) checks made to ascertain the sphinx''s intentions or sincerity have disadvantage.', 0, NULL, NULL, 'SpecialAbility'); 
INSERT INTO Action(creatureId, name, description, attackBonus, damageDice, damageBonus, actionCategory) VALUES(25, 'Magic Weapons', 'The sphinx''s weapon attacks are magical.', 0, NULL, NULL, 'SpecialAbility'); 
INSERT INTO Action(creatureId, name, description, attackBonus, damageDice, damageBonus, actionCategory) VALUES(25, 'Spellcasting', 'The sphinx is a 12th-level spellcaster. Its spellcasting ability is Wisdom (spell save DC 18, +10 to hit with spell attacks). It requires no material components to cast its spells. The sphinx has the following cleric spells prepared:

• Cantrips (at will): sacred flame, spare the dying, thaumaturgy
• 1st level (4 slots): command, detect evil and good, detect magic
• 2nd level (3 slots): lesser restoration, zone of truth
• 3rd level (3 slots): dispel magic, tongues
• 4th level (3 slots): banishment, freedom of movement
• 5th level (2 slots): flame strike, greater restoration
• 6th level (1 slot): heroes'' feast', 0, NULL, NULL, 'SpecialAbility'); 
INSERT INTO Action(creatureId, name, description, attackBonus, damageDice, damageBonus, actionCategory) VALUES(25, 'Multiattack', 'The sphinx makes two claw attacks.', 0, NULL, NULL, 'Action'); 
INSERT INTO Action(creatureId, name, description, attackBonus, damageDice, damageBonus, actionCategory) VALUES(25, 'Claw', 'Melee Weapon Attack: +12 to hit, reach 5 ft., one target. Hit: 17 (2d10 + 6) slashing damage.', 12, '2d10', 6, 'Action'); 
INSERT INTO Action(creatureId, name, description, attackBonus, damageDice, damageBonus, actionCategory) VALUES(25, 'Roar (3/Day)', 'The sphinx emits a magical roar. Each time it roars before finishing a long rest, the roar is louder and the effect is different, as detailed below. Each creature within 500 feet of the sphinx and able to hear the roar must make a saving throw.

First Roar. Each creature that fails a DC 18 Wisdom saving throw is frightened for 1 minute. A frightened creature can repeat the saving throw at the end of each of its turns, ending the effect on itself on a success.

Second Roar. Each creature that fails a DC 18 Wisdom saving throw is deafened and frightened for 1 minute. A frightened creature is paralyzed and can repeat the saving throw at the end of each of its turns, ending the effect on itself on a success.

Third Roar. Each creature makes a DC 18 Constitution saving throw. On a failed save, a creature takes 44 (8d10) thunder damage and is knocked prone. On a successful save, the creature takes half as much damage and isn''t knocked prone.', 0, NULL, NULL, 'Action'); 
INSERT INTO Action(creatureId, name, description, attackBonus, damageDice, damageBonus, actionCategory) VALUES(25, 'Claw Attack', 'The sphinx makes one claw attack.', 0, NULL, NULL, 'LegendaryAction'); 
INSERT INTO Action(creatureId, name, description, attackBonus, damageDice, damageBonus, actionCategory) VALUES(25, 'Teleport (Costs 2 Actions)', 'The sphinx magically teleports, along with any equipment it is wearing or carrying, up to 120 feet to an unoccupied space it can see.', 0, NULL, NULL, 'LegendaryAction'); 
INSERT INTO Action(creatureId, name, description, attackBonus, damageDice, damageBonus, actionCategory) VALUES(25, 'Cast a Spell (Costs 3 Actions)', 'The sphinx casts a spell from its list of prepared spells, using a spell slot as normal.', 0, NULL, NULL, 'LegendaryAction'); 
INSERT INTO Creature VALUES(26, 'Animated Armor', 'Medium', 'construct', NULL, 'unaligned', 14, 11, 13, 1, 3, 1, '1', 0); 
INSERT INTO Speed(creatureId, name) VALUES(26, '25 ft.'); 
INSERT INTO DamageImmunity(creatureId, name) VALUES(26, 'poison, psychic'); 
INSERT INTO ConditionImmunity(creatureId, name) VALUES(26, 'blinded, charmed, deafened, exhaustion, frightened, paralyzed, petrified, poisoned'); 
INSERT INTO Sense(creatureId, description) VALUES(26, 'blindsight 60 ft. (blind beyond this radius)'); 
INSERT INTO Sense(creatureId, description) VALUES(26, ' passive Perception 6'); 
INSERT INTO Language(creatureId, name) VALUES(26, ''); 
INSERT INTO ArmorClass(creatureId, value) VALUES(26, 18); 
INSERT INTO HitPoint(creatureId, value, hitDice) VALUES(26, 33, '6d8'); 
INSERT INTO Action(creatureId, name, description, attackBonus, damageDice, damageBonus, actionCategory) VALUES(26, 'Antimagic Susceptibility', 'The armor is incapacitated while in the area of an antimagic field. If targeted by dispel magic, the armor must succeed on a Constitution saving throw against the caster''s spell save DC or fall unconscious for 1 minute.', 0, NULL, NULL, 'SpecialAbility'); 
INSERT INTO Action(creatureId, name, description, attackBonus, damageDice, damageBonus, actionCategory) VALUES(26, 'False Appearance', 'While the armor remains motionless, it is indistinguishable from a normal suit of armor.', 0, NULL, NULL, 'SpecialAbility'); 
INSERT INTO Action(creatureId, name, description, attackBonus, damageDice, damageBonus, actionCategory) VALUES(26, 'Multiattack', 'The armor makes two melee attacks.', 0, NULL, NULL, 'Action'); 
INSERT INTO Action(creatureId, name, description, attackBonus, damageDice, damageBonus, actionCategory) VALUES(26, 'Slam', 'Melee Weapon Attack: +4 to hit, reach 5 ft., one target. Hit: 5 (1d6 + 2) bludgeoning damage.', 4, '1d6', 2, 'Action'); 
INSERT INTO Creature VALUES(27, 'Ankheg', 'Large', 'monstrosity', NULL, 'unaligned', 17, 11, 13, 1, 13, 6, '2', 0); 
INSERT INTO Speed(creatureId, name) VALUES(27, '30 ft.'); 
INSERT INTO Speed(creatureId, name) VALUES(27, ' burrow 10 ft.'); 
INSERT INTO Sense(creatureId, description) VALUES(27, 'darkvision 60 ft.'); 
INSERT INTO Sense(creatureId, description) VALUES(27, ' tremorsense 60 ft.'); 
INSERT INTO Sense(creatureId, description) VALUES(27, ' passive Perception 11'); 
INSERT INTO Language(creatureId, name) VALUES(27, ''); 
INSERT INTO ArmorClass(creatureId, value) VALUES(27, 14); 
INSERT INTO HitPoint(creatureId, value, hitDice) VALUES(27, 39, '6d10'); 
INSERT INTO Action(creatureId, name, description, attackBonus, damageDice, damageBonus, actionCategory) VALUES(27, 'Bite', 'Melee Weapon Attack: +5 to hit, reach 5 ft., one target. Hit: 10 (2d6 + 3) slashing damage plus 3 (1d6) acid damage. If the target is a Large or smaller creature, it is grappled (escape DC 13). Until this grapple ends, the ankheg can bite only the grappled creature and has advantage on attack rolls to do so.', 5, '2d6 + 1d6', 3, 'Action'); 
INSERT INTO Action(creatureId, name, description, attackBonus, damageDice, damageBonus, actionCategory) VALUES(27, 'Acid Spray (Recharge 6)', 'The ankheg spits acid in a line that is 30 ft. long and 5 ft. wide, provided that it has no creature grappled. Each creature in that line must make a DC 13 Dexterity saving throw, taking 10 (3d6) acid damage on a failed save, or half as much damage on a successful one.', 0, '3d6', NULL, 'Action'); 
INSERT INTO Creature VALUES(28, 'Ape', 'Medium', 'beast', NULL, 'unaligned', 16, 14, 14, 6, 12, 7, '1/2', 0); 
INSERT INTO Speed(creatureId, name) VALUES(28, '30 ft.'); 
INSERT INTO Speed(creatureId, name) VALUES(28, ' climb 30 ft.'); 
INSERT INTO Skill (creatureId, name, modifier) VALUES(28, 'athletics', 5); 
INSERT INTO Skill (creatureId, name, modifier) VALUES(28, 'perception', 3); 
INSERT INTO Sense(creatureId, description) VALUES(28, 'passive Perception 13'); 
INSERT INTO Language(creatureId, name) VALUES(28, ''); 
INSERT INTO ArmorClass(creatureId, value) VALUES(28, 12); 
INSERT INTO HitPoint(creatureId, value, hitDice) VALUES(28, 19, '3d8'); 
INSERT INTO Action(creatureId, name, description, attackBonus, damageDice, damageBonus, actionCategory) VALUES(28, 'Multiattack', 'The ape makes two fist attacks.', 0, NULL, NULL, 'Action'); 
INSERT INTO Action(creatureId, name, description, attackBonus, damageDice, damageBonus, actionCategory) VALUES(28, 'Fist', 'Melee Weapon Attack: +5 to hit, reach 5 ft., one target. Hit: 6 (1d6 + 3) bludgeoning damage.', 5, '1d6', 3, 'Action'); 
INSERT INTO Action(creatureId, name, description, attackBonus, damageDice, damageBonus, actionCategory) VALUES(28, 'Rock', 'Ranged Weapon Attack: +5 to hit, range 25/50 ft., one target. Hit: 6 (1d6 + 3) bludgeoning damage.', 5, '1d6', 3, 'Action'); 
INSERT INTO Creature VALUES(29, 'Archmage', 'Medium', 'humanoid', 'any race', 'any alignment', 10, 14, 12, 20, 15, 16, '12', 0); 
INSERT INTO Speed(creatureId, name) VALUES(29, '30 ft.'); 
INSERT INTO SavingThrow (creatureId, name, modifier) VALUES(29, 'intelligence_save', 9); 
INSERT INTO SavingThrow (creatureId, name, modifier) VALUES(29, 'wisdom_save', 6); 
INSERT INTO Skill (creatureId, name, modifier) VALUES(29, 'arcana', 13); 
INSERT INTO Skill (creatureId, name, modifier) VALUES(29, 'history', 13); 
INSERT INTO DamageResistance(creatureId, name) VALUES(29, 'damage from spells; non magical bludgeoning, piercing, and slashing (from stoneskin)'); 
INSERT INTO Sense(creatureId, description) VALUES(29, 'passive Perception 12'); 
INSERT INTO Language(creatureId, name) VALUES(29, 'any six languages'); 
INSERT INTO ArmorClass(creatureId, value) VALUES(29, 12); 
INSERT INTO HitPoint(creatureId, value, hitDice) VALUES(29, 99, '18d8'); 
INSERT INTO Action(creatureId, name, description, attackBonus, damageDice, damageBonus, actionCategory) VALUES(29, 'Magic Resistance', 'The archmage has advantage on saving throws against spells and other magical effects.', 0, NULL, NULL, 'SpecialAbility'); 
INSERT INTO Action(creatureId, name, description, attackBonus, damageDice, damageBonus, actionCategory) VALUES(29, 'Spellcasting', 'The archmage is an 18th-level spellcaster. Its spellcasting ability is Intelligence (spell save DC 17, +9 to hit with spell attacks). The archmage can cast disguise self and invisibility at will and has the following wizard spells prepared:

• Cantrips (at will): fire bolt, light, mage hand, prestidigitation, shocking grasp
• 1st level (4 slots): detect magic, identify, mage armor*, magic missile
• 2nd level (3 slots): detect thoughts, mirror image, misty step
• 3rd level (3 slots): counterspell,fly, lightning bolt
• 4th level (3 slots): banishment, fire shield, stoneskin*
• 5th level (3 slots): cone of cold, scrying, wall of force
• 6th level (1 slot): globe of invulnerability
• 7th level (1 slot): teleport
• 8th level (1 slot): mind blank*
• 9th level (1 slot): time stop
* The archmage casts these spells on itself before combat.', 0, NULL, NULL, 'SpecialAbility'); 
INSERT INTO Action(creatureId, name, description, attackBonus, damageDice, damageBonus, actionCategory) VALUES(29, 'Dagger', 'Melee or Ranged Weapon Attack: +6 to hit, reach 5 ft. or range 20/60 ft., one target. Hit: 4 (1d4 + 2) piercing damage.', 6, '1d4', 2, 'Action'); 
INSERT INTO Creature VALUES(30, 'Assassin', 'Medium', 'humanoid', 'any race', 'any non-good alignment', 11, 16, 14, 13, 11, 10, '8', 0); 
INSERT INTO Speed(creatureId, name) VALUES(30, '30 ft.'); 
INSERT INTO SavingThrow (creatureId, name, modifier) VALUES(30, 'dexterity_save', 6); 
INSERT INTO SavingThrow (creatureId, name, modifier) VALUES(30, 'intelligence_save', 4); 
INSERT INTO Skill (creatureId, name, modifier) VALUES(30, 'acrobatics', 6); 
INSERT INTO Skill (creatureId, name, modifier) VALUES(30, 'deception', 3); 
INSERT INTO Skill (creatureId, name, modifier) VALUES(30, 'perception', 3); 
INSERT INTO Skill (creatureId, name, modifier) VALUES(30, 'stealth', 9); 
INSERT INTO DamageResistance(creatureId, name) VALUES(30, 'poison'); 
INSERT INTO Sense(creatureId, description) VALUES(30, 'passive Perception 13'); 
INSERT INTO Language(creatureId, name) VALUES(30, 'Thieves'' cant plus any two languages'); 
INSERT INTO ArmorClass(creatureId, value) VALUES(30, 15); 
INSERT INTO HitPoint(creatureId, value, hitDice) VALUES(30, 78, '12d8'); 
INSERT INTO Action(creatureId, name, description, attackBonus, damageDice, damageBonus, actionCategory) VALUES(30, 'Assassinate', 'During its first turn, the assassin has advantage on attack rolls against any creature that hasn''t taken a turn. Any hit the assassin scores against a surprised creature is a critical hit.', 0, NULL, NULL, 'SpecialAbility'); 
INSERT INTO Action(creatureId, name, description, attackBonus, damageDice, damageBonus, actionCategory) VALUES(30, 'Evasion', 'If the assassin is subjected to an effect that allows it to make a Dexterity saving throw to take only half damage, the assassin instead takes no damage if it succeeds on the saving throw, and only half damage if it fails.', 0, NULL, NULL, 'SpecialAbility'); 
INSERT INTO Action(creatureId, name, description, attackBonus, damageDice, damageBonus, actionCategory) VALUES(30, 'Sneak Attack (1/Turn)', 'The assassin deals an extra 13 (4d6) damage when it hits a target with a weapon attack and has advantage on the attack roll, or when the target is within 5 ft. of an ally of the assassin that isn''t incapacitated and the assassin doesn''t have disadvantage on the attack roll.', 0, '4d6', NULL, 'SpecialAbility'); 
INSERT INTO Action(creatureId, name, description, attackBonus, damageDice, damageBonus, actionCategory) VALUES(30, 'Multiattack', 'The assassin makes two shortsword attacks.', 0, NULL, NULL, 'Action'); 
INSERT INTO Action(creatureId, name, description, attackBonus, damageDice, damageBonus, actionCategory) VALUES(30, 'Shortsword', 'Melee Weapon Attack: +6 to hit, reach 5 ft., one target. Hit: 6 (1d6 + 3) piercing damage, and the target must make a DC 15 Constitution saving throw, taking 24 (7d6) poison damage on a failed save, or half as much damage on a successful one.', 6, '1d6', 3, 'Action'); 
INSERT INTO Action(creatureId, name, description, attackBonus, damageDice, damageBonus, actionCategory) VALUES(30, 'Light Crossbow', 'Ranged Weapon Attack: +6 to hit, range 80/320 ft., one target. Hit: 7 (1d8 + 3) piercing damage, and the target must make a DC 15 Constitution saving throw, taking 24 (7d6) poison damage on a failed save, or half as much damage on a successful one.', 6, '1d8', 3, 'Action'); 
INSERT INTO Creature VALUES(31, 'Awakened Shrub', 'Small', 'plant', NULL, 'unaligned', 3, 8, 11, 10, 10, 6, '0', 0); 
INSERT INTO Speed(creatureId, name) VALUES(31, '20 ft.'); 
INSERT INTO DamageVulnerability(creatureId, name) VALUES(31, 'fire'); 
INSERT INTO DamageResistance(creatureId, name) VALUES(31, 'piercing'); 
INSERT INTO Sense(creatureId, description) VALUES(31, 'passive Perception 10'); 
INSERT INTO Language(creatureId, name) VALUES(31, 'one language known by its creator'); 
INSERT INTO ArmorClass(creatureId, value) VALUES(31, 9); 
INSERT INTO HitPoint(creatureId, value, hitDice) VALUES(31, 10, '3d6'); 
INSERT INTO Action(creatureId, name, description, attackBonus, damageDice, damageBonus, actionCategory) VALUES(31, 'False Appearance', 'While the shrub remains motionless, it is indistinguishable from a normal shrub.', 0, NULL, NULL, 'SpecialAbility'); 
INSERT INTO Action(creatureId, name, description, attackBonus, damageDice, damageBonus, actionCategory) VALUES(31, 'Rake', 'Melee Weapon Attack: +1 to hit, reach 5 ft., one target. Hit: 1 (1d4 — 1) slashing damage.', 1, '1d4', -1, 'Action'); 
INSERT INTO Creature VALUES(32, 'Awakened Tree', 'Huge', 'plant', NULL, 'unaligned', 19, 6, 15, 10, 10, 7, '2', 0); 
INSERT INTO Speed(creatureId, name) VALUES(32, '20 ft.'); 
INSERT INTO DamageVulnerability(creatureId, name) VALUES(32, 'fire'); 
INSERT INTO DamageResistance(creatureId, name) VALUES(32, 'bludgeoning, piercing'); 
INSERT INTO Sense(creatureId, description) VALUES(32, 'passive Perception 10'); 
INSERT INTO Language(creatureId, name) VALUES(32, 'one language known by its creator'); 
INSERT INTO ArmorClass(creatureId, value) VALUES(32, 13); 
INSERT INTO HitPoint(creatureId, value, hitDice) VALUES(32, 59, '7d12'); 
INSERT INTO Action(creatureId, name, description, attackBonus, damageDice, damageBonus, actionCategory) VALUES(32, 'False Appearance', 'While the tree remains motionless, it is indistinguishable from a normal tree.', 0, NULL, NULL, 'SpecialAbility'); 
INSERT INTO Action(creatureId, name, description, attackBonus, damageDice, damageBonus, actionCategory) VALUES(32, 'Slam', 'Melee Weapon Attack: +6 to hit, reach 10 ft., one target. Hit: 14 (3d6 + 4) bludgeoning damage.', 6, '3d6', 4, 'Action'); 
INSERT INTO Creature VALUES(33, 'Axe Beak', 'Large', 'beast', NULL, 'unaligned', 14, 12, 12, 2, 10, 5, '1/4', 0); 
INSERT INTO Speed(creatureId, name) VALUES(33, '50 ft.'); 
INSERT INTO Sense(creatureId, description) VALUES(33, 'passive Perception 10'); 
INSERT INTO Language(creatureId, name) VALUES(33, ''); 
INSERT INTO ArmorClass(creatureId, value) VALUES(33, 11); 
INSERT INTO HitPoint(creatureId, value, hitDice) VALUES(33, 19, '3d10'); 
INSERT INTO Action(creatureId, name, description, attackBonus, damageDice, damageBonus, actionCategory) VALUES(33, 'Beak', 'Melee Weapon Attack: +4 to hit, reach 5 ft., one target. Hit: 6 (1d8 + 2) slashing damage.', 4, '1d8', 2, 'Action'); 
INSERT INTO Creature VALUES(34, 'Azer', 'Medium', 'elemental', NULL, 'lawful neutral', 17, 12, 15, 12, 13, 10, '2', 0); 
INSERT INTO Speed(creatureId, name) VALUES(34, '30 ft.'); 
INSERT INTO SavingThrow (creatureId, name, modifier) VALUES(34, 'constitution_save', 4); 
INSERT INTO DamageImmunity(creatureId, name) VALUES(34, 'fire, poison'); 
INSERT INTO ConditionImmunity(creatureId, name) VALUES(34, 'poisoned'); 
INSERT INTO Sense(creatureId, description) VALUES(34, 'passive Perception 11'); 
INSERT INTO Language(creatureId, name) VALUES(34, 'Ignan'); 
INSERT INTO ArmorClass(creatureId, value) VALUES(34, 17); 
INSERT INTO HitPoint(creatureId, value, hitDice) VALUES(34, 39, '6d8'); 
INSERT INTO Action(creatureId, name, description, attackBonus, damageDice, damageBonus, actionCategory) VALUES(34, 'Heated Body', 'A creature that touches the azer or hits it with a melee attack while within 5 ft. of it takes 5 (1d10) fire damage.', 0, '1d10', NULL, 'SpecialAbility'); 
INSERT INTO Action(creatureId, name, description, attackBonus, damageDice, damageBonus, actionCategory) VALUES(34, 'Heated Weapons', 'When the azer hits with a metal melee weapon, it deals an extra 3 (1d6) fire damage (included in the attack).', 0, NULL, NULL, 'SpecialAbility'); 
INSERT INTO Action(creatureId, name, description, attackBonus, damageDice, damageBonus, actionCategory) VALUES(34, 'Illumination', 'The azer sheds bright light in a 10-foot radius and dim light for an additional 10 ft..', 0, NULL, NULL, 'SpecialAbility'); 
INSERT INTO Action(creatureId, name, description, attackBonus, damageDice, damageBonus, actionCategory) VALUES(34, 'Warhammer', 'Melee Weapon Attack: +5 to hit, reach 5 ft., one target. Hit: 7 (1d8 + 3) bludgeoning damage, or 8 (1d10 + 3) bludgeoning damage if used with two hands to make a melee attack, plus 3 (1d6) fire damage.', 5, '1d8 + 1d6', 3, 'Action'); 
INSERT INTO Creature VALUES(35, 'Baboon', 'Small', 'beast', NULL, 'unaligned', 8, 14, 11, 4, 12, 6, '0', 0); 
INSERT INTO Speed(creatureId, name) VALUES(35, '30 ft.'); 
INSERT INTO Speed(creatureId, name) VALUES(35, ' climb 30 ft.'); 
INSERT INTO Sense(creatureId, description) VALUES(35, 'passive Perception 11'); 
INSERT INTO Language(creatureId, name) VALUES(35, ''); 
INSERT INTO ArmorClass(creatureId, value) VALUES(35, 12); 
INSERT INTO HitPoint(creatureId, value, hitDice) VALUES(35, 3, '1d6'); 
INSERT INTO Action(creatureId, name, description, attackBonus, damageDice, damageBonus, actionCategory) VALUES(35, 'Pack Tactics', 'The baboon has advantage on an attack roll against a creature if at least one of the baboon''s allies is within 5 ft. of the creature and the ally isn''t incapacitated.', 0, NULL, NULL, 'SpecialAbility'); 
INSERT INTO Action(creatureId, name, description, attackBonus, damageDice, damageBonus, actionCategory) VALUES(35, 'Bite', 'Melee Weapon Attack: +1 to hit, reach 5 ft., one target. Hit: 1 (1d4 — 1) piercing damage.', 1, '1d4', -1, 'Action'); 
INSERT INTO Creature VALUES(36, 'Badger', 'Tiny', 'beast', NULL, 'unaligned', 4, 11, 12, 2, 12, 5, '0', 0); 
INSERT INTO Speed(creatureId, name) VALUES(36, '20 ft.'); 
INSERT INTO Speed(creatureId, name) VALUES(36, ' burrow 5 ft.'); 
INSERT INTO Sense(creatureId, description) VALUES(36, 'darkvision 30 ft.'); 
INSERT INTO Sense(creatureId, description) VALUES(36, ' passive Perception 11'); 
INSERT INTO Language(creatureId, name) VALUES(36, ''); 
INSERT INTO ArmorClass(creatureId, value) VALUES(36, 10); 
INSERT INTO HitPoint(creatureId, value, hitDice) VALUES(36, 3, '1d4'); 
INSERT INTO Action(creatureId, name, description, attackBonus, damageDice, damageBonus, actionCategory) VALUES(36, 'Keen Smell', 'The badger has advantage on Wisdom (Perception) checks that rely on smell.', 0, NULL, NULL, 'SpecialAbility'); 
INSERT INTO Action(creatureId, name, description, attackBonus, damageDice, damageBonus, actionCategory) VALUES(36, 'Bite', 'Melee Weapon Attack: +2 to hit, reach 5 ft., one target. Hit: 1 piercing damage.', 2, NULL, 1, 'Action'); 
INSERT INTO Creature VALUES(37, 'Balor', 'Huge', 'fiend', 'demon', 'chaotic evil', 26, 15, 22, 20, 16, 22, '19', 0); 
INSERT INTO Speed(creatureId, name) VALUES(37, '40 ft.'); 
INSERT INTO Speed(creatureId, name) VALUES(37, ' fly 80 ft.'); 
INSERT INTO SavingThrow (creatureId, name, modifier) VALUES(37, 'strength_save', 14); 
INSERT INTO SavingThrow (creatureId, name, modifier) VALUES(37, 'constitution_save', 12); 
INSERT INTO SavingThrow (creatureId, name, modifier) VALUES(37, 'wisdom_save', 9); 
INSERT INTO SavingThrow (creatureId, name, modifier) VALUES(37, 'charisma_save', 12); 
INSERT INTO DamageResistance(creatureId, name) VALUES(37, 'cold, lightning; bludgeoning, piercing, and slashing from nonmagical weapons'); 
INSERT INTO DamageImmunity(creatureId, name) VALUES(37, 'fire, poison'); 
INSERT INTO ConditionImmunity(creatureId, name) VALUES(37, 'poisoned'); 
INSERT INTO Sense(creatureId, description) VALUES(37, 'truesight 120 ft.'); 
INSERT INTO Sense(creatureId, description) VALUES(37, ' passive Perception 13'); 
INSERT INTO Language(creatureId, name) VALUES(37, 'Abyssal'); 
INSERT INTO Language(creatureId, name) VALUES(37, ' telepathy 120 ft.'); 
INSERT INTO ArmorClass(creatureId, value) VALUES(37, 19); 
INSERT INTO HitPoint(creatureId, value, hitDice) VALUES(37, 262, '21d12'); 
INSERT INTO Action(creatureId, name, description, attackBonus, damageDice, damageBonus, actionCategory) VALUES(37, 'Death Throes', 'When the balor dies, it explodes, and each creature within 30 feet of it must make a DC 20 Dexterity saving throw, taking 70 (20d6) fire damage on a failed save, or half as much damage on a successful one. The explosion ignites flammable objects in that area that aren''t being worn or carried, and it destroys the balor''s weapons.', 0, '20d6', NULL, 'SpecialAbility'); 
INSERT INTO Action(creatureId, name, description, attackBonus, damageDice, damageBonus, actionCategory) VALUES(37, 'Fire Aura', 'At the start of each of the balor''s turns, each creature within 5 feet of it takes 10 (3d6) fire damage, and flammable objects in the aura that aren''t being worn or carried ignite. A creature that touches the balor or hits it with a melee attack while within 5 feet of it takes 10 (3d6) fire damage.', 0, '3d6', NULL, 'SpecialAbility'); 
INSERT INTO Action(creatureId, name, description, attackBonus, damageDice, damageBonus, actionCategory) VALUES(37, 'Magic Resistance', 'The balor has advantage on saving throws against spells and other magical effects.', 0, NULL, NULL, 'SpecialAbility'); 
INSERT INTO Action(creatureId, name, description, attackBonus, damageDice, damageBonus, actionCategory) VALUES(37, 'Magic Weapons', 'The balor''s weapon attacks are magical.', 0, NULL, NULL, 'SpecialAbility'); 
INSERT INTO Action(creatureId, name, description, attackBonus, damageDice, damageBonus, actionCategory) VALUES(37, 'Multiattack', 'The balor makes two attacks: one with its longsword and one with its whip.', 0, NULL, NULL, 'Action'); 
INSERT INTO Action(creatureId, name, description, attackBonus, damageDice, damageBonus, actionCategory) VALUES(37, 'Longsword', 'Melee Weapon Attack: +14 to hit, reach 10 ft., one target. Hit: 21 (3d8 + 8) slashing damage plus 13 (3d8) lightning damage. If the balor scores a critical hit, it rolls damage dice three times, instead of twice.', 14, '3d8 + 3d8', 8, 'Action'); 
INSERT INTO Action(creatureId, name, description, attackBonus, damageDice, damageBonus, actionCategory) VALUES(37, 'Whip', 'Melee Weapon Attack: +14 to hit, reach 30 ft., one target. Hit: 15 (2d6 + 8) slashing damage plus 10 (3d6) fire damage, and the target must succeed on a DC 20 Strength saving throw or be pulled up to 25 feet toward the balor.', 14, '2d6 + 3d6', 8, 'Action'); 
INSERT INTO Action(creatureId, name, description, attackBonus, damageDice, damageBonus, actionCategory) VALUES(37, 'Teleport', 'The balor magically teleports, along with any equipment it is wearing or carrying, up to 120 feet to an unoccupied space it can see.', 0, NULL, NULL, 'Action'); 
INSERT INTO Action(creatureId, name, description, attackBonus, damageDice, damageBonus, actionCategory) VALUES(37, 'Variant: Summon Demon (1/Day)', 'The demon chooses what to summon and attempts a magical summoning.
A balor has a 50 percent chance of summoning 1d8 vrocks, 1d6 hezrous, 1d4 glabrezus, 1d3 nalfeshnees, 1d2 mariliths, or one goristro.
A summoned demon appears in an unoccupied space within 60 feet of its summoner, acts as an ally of its summoner, and can''t summon other demons. It remains for 1 minute, until it or its summoner dies, or until its summoner dismisses it as an action.', 0, NULL, NULL, 'Action'); 
INSERT INTO Creature VALUES(38, 'Bandit', 'Medium', 'humanoid', 'any race', 'any non-lawful alignment', 11, 12, 12, 10, 10, 10, '1/8', 0); 
INSERT INTO Speed(creatureId, name) VALUES(38, '30 ft.'); 
INSERT INTO Sense(creatureId, description) VALUES(38, 'passive Perception 10'); 
INSERT INTO Language(creatureId, name) VALUES(38, 'any one language (usually Common)'); 
INSERT INTO ArmorClass(creatureId, value) VALUES(38, 12); 
INSERT INTO HitPoint(creatureId, value, hitDice) VALUES(38, 11, '2d8'); 
INSERT INTO Action(creatureId, name, description, attackBonus, damageDice, damageBonus, actionCategory) VALUES(38, 'Scimitar', 'Melee Weapon Attack: +3 to hit, reach 5 ft., one target. Hit: 4 (1d6 + 1) slashing damage.', 3, '1d6', 1, 'Action'); 
INSERT INTO Action(creatureId, name, description, attackBonus, damageDice, damageBonus, actionCategory) VALUES(38, 'Light Crossbow', 'Ranged Weapon Attack: +3 to hit, range 80 ft./320 ft., one target. Hit: 5 (1d8 + 1) piercing damage.', 3, '1d8', 1, 'Action'); 
INSERT INTO Creature VALUES(39, 'Bandit Captain', 'Medium', 'humanoid', 'any race', 'any non-lawful alignment', 15, 16, 14, 14, 11, 14, '2', 0); 
INSERT INTO Speed(creatureId, name) VALUES(39, '30 ft.'); 
INSERT INTO SavingThrow (creatureId, name, modifier) VALUES(39, 'strength_save', 4); 
INSERT INTO SavingThrow (creatureId, name, modifier) VALUES(39, 'dexterity_save', 5); 
INSERT INTO SavingThrow (creatureId, name, modifier) VALUES(39, 'wisdom_save', 2); 
INSERT INTO Skill (creatureId, name, modifier) VALUES(39, 'athletics', 4); 
INSERT INTO Skill (creatureId, name, modifier) VALUES(39, 'deception', 4); 
INSERT INTO Sense(creatureId, description) VALUES(39, 'passive Perception 10'); 
INSERT INTO Language(creatureId, name) VALUES(39, 'any two languages'); 
INSERT INTO ArmorClass(creatureId, value) VALUES(39, 15); 
INSERT INTO HitPoint(creatureId, value, hitDice) VALUES(39, 65, '10d8'); 
INSERT INTO Action(creatureId, name, description, attackBonus, damageDice, damageBonus, actionCategory) VALUES(39, 'Multiattack', 'The captain makes three melee attacks: two with its scimitar and one with its dagger. Or the captain makes two ranged attacks with its daggers.', 0, NULL, NULL, 'Action'); 
INSERT INTO Action(creatureId, name, description, attackBonus, damageDice, damageBonus, actionCategory) VALUES(39, 'Scimitar', 'Melee Weapon Attack: +5 to hit, reach 5 ft., one target. Hit: 6 (1d6 + 3) slashing damage.', 5, '1d6', 3, 'Action'); 
INSERT INTO Action(creatureId, name, description, attackBonus, damageDice, damageBonus, actionCategory) VALUES(39, 'Dagger', 'Melee or Ranged Weapon Attack: +5 to hit, reach 5 ft. or range 20/60 ft., one target. Hit: 5 (1d4 + 3) piercing damage.', 5, '1d4', 3, 'Action'); 
INSERT INTO Action(creatureId, name, description, attackBonus, damageDice, damageBonus, actionCategory) VALUES(39, 'Parry', 'The captain adds 2 to its AC against one melee attack that would hit it. To do so, the captain must see the attacker and be wielding a melee weapon.', 0, NULL, NULL, 'Reaction'); 
INSERT INTO Creature VALUES(40, 'Barbed Devil', 'Medium', 'fiend', 'devil', 'lawful evil', 16, 17, 18, 12, 14, 14, '5', 0); 
INSERT INTO Speed(creatureId, name) VALUES(40, '30 ft.'); 
INSERT INTO SavingThrow (creatureId, name, modifier) VALUES(40, 'strength_save', 6); 
INSERT INTO SavingThrow (creatureId, name, modifier) VALUES(40, 'constitution_save', 7); 
INSERT INTO SavingThrow (creatureId, name, modifier) VALUES(40, 'wisdom_save', 5); 
INSERT INTO SavingThrow (creatureId, name, modifier) VALUES(40, 'charisma_save', 5); 
INSERT INTO Skill (creatureId, name, modifier) VALUES(40, 'deception', 5); 
INSERT INTO Skill (creatureId, name, modifier) VALUES(40, 'insight', 5); 
INSERT INTO Skill (creatureId, name, modifier) VALUES(40, 'perception', 8); 
INSERT INTO DamageResistance(creatureId, name) VALUES(40, 'cold; bludgeoning, piercing, and slashing from nonmagical weapons that aren''t silvered'); 
INSERT INTO DamageImmunity(creatureId, name) VALUES(40, 'fire, poison'); 
INSERT INTO ConditionImmunity(creatureId, name) VALUES(40, 'poisoned'); 
INSERT INTO Sense(creatureId, description) VALUES(40, 'darkvision 120 ft.'); 
INSERT INTO Sense(creatureId, description) VALUES(40, ' passive Perception 18'); 
INSERT INTO Language(creatureId, name) VALUES(40, 'Infernal'); 
INSERT INTO Language(creatureId, name) VALUES(40, ' telepathy 120 ft.'); 
INSERT INTO ArmorClass(creatureId, value) VALUES(40, 15); 
INSERT INTO HitPoint(creatureId, value, hitDice) VALUES(40, 110, '13d8'); 
INSERT INTO Action(creatureId, name, description, attackBonus, damageDice, damageBonus, actionCategory) VALUES(40, 'Barbed Hide', 'At the start of each of its turns, the barbed devil deals 5 (1d10) piercing damage to any creature grappling it.', 0, '1d10', NULL, 'SpecialAbility'); 
INSERT INTO Action(creatureId, name, description, attackBonus, damageDice, damageBonus, actionCategory) VALUES(40, 'Devil''s Sight', 'Magical darkness doesn''t impede the devil''s darkvision.', 0, NULL, NULL, 'SpecialAbility'); 
INSERT INTO Action(creatureId, name, description, attackBonus, damageDice, damageBonus, actionCategory) VALUES(40, 'Magic Resistance', 'The devil has advantage on saving throws against spells and other magical effects.', 0, NULL, NULL, 'SpecialAbility'); 
INSERT INTO Action(creatureId, name, description, attackBonus, damageDice, damageBonus, actionCategory) VALUES(40, 'Multiattack', 'The devil makes three melee attacks: one with its tail and two with its claws. Alternatively, it can use Hurl Flame twice.', 0, NULL, NULL, 'Action'); 
INSERT INTO Action(creatureId, name, description, attackBonus, damageDice, damageBonus, actionCategory) VALUES(40, 'Claw', 'Melee Weapon Attack: +6 to hit, reach 5 ft ., one target. Hit: 6 (1d6 + 3) piercing damage.', 6, '1d6', 3, 'Action'); 
INSERT INTO Action(creatureId, name, description, attackBonus, damageDice, damageBonus, actionCategory) VALUES(40, 'Tail', 'Melee Weapon Attack: +6 to hit, reach 5 ft., one target. Hit: 10 (2d6 + 3) piercing damage.', 6, '2d6', 3, 'Action'); 
INSERT INTO Action(creatureId, name, description, attackBonus, damageDice, damageBonus, actionCategory) VALUES(40, 'Hurl Flame', 'Ranged Spell Attack: +5 to hit, range 150 ft., one target. Hit: 10 (3d6) fire damage. If the target is a flammable object that isn''t being worn or carried, it also catches fire.', 5, '3d6', NULL, 'Action'); 
INSERT INTO Creature VALUES(41, 'Basilisk', 'Medium', 'monstrosity', NULL, 'unaligned', 16, 8, 15, 2, 8, 7, '3', 0); 
INSERT INTO Speed(creatureId, name) VALUES(41, '20 ft.'); 
INSERT INTO Sense(creatureId, description) VALUES(41, 'darkvision 60 ft.'); 
INSERT INTO Sense(creatureId, description) VALUES(41, ' passive Perception 9'); 
INSERT INTO Language(creatureId, name) VALUES(41, ''); 
INSERT INTO ArmorClass(creatureId, value) VALUES(41, 12); 
INSERT INTO HitPoint(creatureId, value, hitDice) VALUES(41, 52, '8d8'); 
INSERT INTO Action(creatureId, name, description, attackBonus, damageDice, damageBonus, actionCategory) VALUES(41, 'Petrifying Gaze', 'If a creature starts its turn within 30 ft. of the basilisk and the two of them can see each other, the basilisk can force the creature to make a DC 12 Constitution saving throw if the basilisk isn''t incapacitated. On a failed save, the creature magically begins to turn to stone and is restrained. It must repeat the saving throw at the end of its next turn. On a success, the effect ends. On a failure, the creature is petrified until freed by the greater restoration spell or other magic.
A creature that isn''t surprised can avert its eyes to avoid the saving throw at the start of its turn. If it does so, it can''t see the basilisk until the start of its next turn, when it can avert its eyes again. If it looks at the basilisk in the meantime, it must immediately make the save.
If the basilisk sees its reflection within 30 ft. of it in bright light, it mistakes itself for a rival and targets itself with its gaze.', 0, NULL, NULL, 'SpecialAbility'); 
INSERT INTO Action(creatureId, name, description, attackBonus, damageDice, damageBonus, actionCategory) VALUES(41, 'Bite', 'Melee Weapon Attack: +5 to hit, reach 5 ft., one target. Hit: 10 (2d6 + 3) piercing damage plus 7 (2d6) poison damage.', 5, '2d6 + 2d6', 3, 'Action'); 
INSERT INTO Creature VALUES(42, 'Bat', 'Tiny', 'beast', NULL, 'unaligned', 2, 15, 8, 2, 12, 4, '0', 0); 
INSERT INTO Speed(creatureId, name) VALUES(42, '5 ft.'); 
INSERT INTO Speed(creatureId, name) VALUES(42, ' fly 30 ft.'); 
INSERT INTO Sense(creatureId, description) VALUES(42, 'blindsight 60 ft.'); 
INSERT INTO Sense(creatureId, description) VALUES(42, ' passive Perception 11'); 
INSERT INTO Language(creatureId, name) VALUES(42, ''); 
INSERT INTO ArmorClass(creatureId, value) VALUES(42, 12); 
INSERT INTO HitPoint(creatureId, value, hitDice) VALUES(42, 1, '1d4'); 
INSERT INTO Action(creatureId, name, description, attackBonus, damageDice, damageBonus, actionCategory) VALUES(42, 'Echolocation', 'The bat can''t use its blindsight while deafened.', 0, NULL, NULL, 'SpecialAbility'); 
INSERT INTO Action(creatureId, name, description, attackBonus, damageDice, damageBonus, actionCategory) VALUES(42, 'Keen Hearing', 'The bat has advantage on Wisdom (Perception) checks that rely on hearing.', 0, NULL, NULL, 'SpecialAbility'); 
INSERT INTO Action(creatureId, name, description, attackBonus, damageDice, damageBonus, actionCategory) VALUES(42, 'Bite', 'Melee Weapon Attack: +0 to hit, reach 5 ft., one creature. Hit: 1 piercing damage.', 0, NULL, 1, 'Action'); 
INSERT INTO Creature VALUES(43, 'Bearded Devil', 'Medium', 'fiend', 'devil', 'lawful evil', 16, 15, 15, 9, 11, 11, '3', 0); 
INSERT INTO Speed(creatureId, name) VALUES(43, '30 ft.'); 
INSERT INTO SavingThrow (creatureId, name, modifier) VALUES(43, 'strength_save', 5); 
INSERT INTO SavingThrow (creatureId, name, modifier) VALUES(43, 'constitution_save', 4); 
INSERT INTO SavingThrow (creatureId, name, modifier) VALUES(43, 'wisdom_save', 2); 
INSERT INTO DamageResistance(creatureId, name) VALUES(43, 'cold; bludgeoning, piercing, and slashing from nonmagical weapons that aren''t silvered'); 
INSERT INTO DamageImmunity(creatureId, name) VALUES(43, 'fire, poison'); 
INSERT INTO ConditionImmunity(creatureId, name) VALUES(43, 'poisoned'); 
INSERT INTO Sense(creatureId, description) VALUES(43, 'darkvision 120 ft.'); 
INSERT INTO Sense(creatureId, description) VALUES(43, ' passive Perception 10'); 
INSERT INTO Language(creatureId, name) VALUES(43, 'Infernal'); 
INSERT INTO Language(creatureId, name) VALUES(43, ' telepathy 120 ft.'); 
INSERT INTO ArmorClass(creatureId, value) VALUES(43, 13); 
INSERT INTO HitPoint(creatureId, value, hitDice) VALUES(43, 52, '8d8'); 
INSERT INTO Action(creatureId, name, description, attackBonus, damageDice, damageBonus, actionCategory) VALUES(43, 'Devil''s Sight', 'Magical darkness doesn''t impede the devil''s darkvision.', 0, NULL, NULL, 'SpecialAbility'); 
INSERT INTO Action(creatureId, name, description, attackBonus, damageDice, damageBonus, actionCategory) VALUES(43, 'Magic Resistance', 'The devil has advantage on saving throws against spells and other magical effects.', 0, NULL, NULL, 'SpecialAbility'); 
INSERT INTO Action(creatureId, name, description, attackBonus, damageDice, damageBonus, actionCategory) VALUES(43, 'Steadfast', 'The devil can''t be frightened while it can see an allied creature within 30 feet of it.', 0, NULL, NULL, 'SpecialAbility'); 
INSERT INTO Action(creatureId, name, description, attackBonus, damageDice, damageBonus, actionCategory) VALUES(43, 'Multiattack', 'The devil makes two attacks: one with its beard and one with its glaive.', 0, NULL, NULL, 'Action'); 
INSERT INTO Action(creatureId, name, description, attackBonus, damageDice, damageBonus, actionCategory) VALUES(43, 'Beard', 'Melee Weapon Attack: +5 to hit, reach 5 ft., one creature. Hit: 6 (1d8 + 2) piercing damage, and the target must succeed on a DC 12 Constitution saving throw or be poisoned for 1 minute. While poisoned in this way, the target can''t regain hit points. The target can repeat the saving throw at the end of each of its turns, ending the effect on itself on a success.', 5, '1d8', 2, 'Action'); 
INSERT INTO Action(creatureId, name, description, attackBonus, damageDice, damageBonus, actionCategory) VALUES(43, 'Glaive', 'Melee Weapon Attack: +5 to hit, reach 10 ft., one target. Hit: 8 (1d10 + 3) slashing damage. If the target is a creature other than an undead or a construct, it must succeed on a DC 12 Constitution saving throw or lose 5 (1d10) hit points at the start of each of its turns due to an infernal wound. Each time the devil hits the wounded target with this attack, the damage dealt by the wound increases by 5 (1d10). Any creature can take an action to stanch the wound with a successful DC 12 Wisdom (Medicine) check. The wound also closes if the target receives magical healing.', 5, '1d10', 3, 'Action'); 
INSERT INTO Creature VALUES(44, 'Behir', 'Huge', 'monstrosity', NULL, 'neutral evil', 23, 16, 18, 7, 14, 12, '11', 0); 
INSERT INTO Speed(creatureId, name) VALUES(44, '50 ft.'); 
INSERT INTO Speed(creatureId, name) VALUES(44, ' climb 40 ft.'); 
INSERT INTO Skill (creatureId, name, modifier) VALUES(44, 'perception', 6); 
INSERT INTO Skill (creatureId, name, modifier) VALUES(44, 'stealth', 7); 
INSERT INTO DamageImmunity(creatureId, name) VALUES(44, 'lightning'); 
INSERT INTO Sense(creatureId, description) VALUES(44, 'darkvision 90 ft.'); 
INSERT INTO Sense(creatureId, description) VALUES(44, ' passive Perception 16'); 
INSERT INTO Language(creatureId, name) VALUES(44, 'Draconic'); 
INSERT INTO ArmorClass(creatureId, value) VALUES(44, 17); 
INSERT INTO HitPoint(creatureId, value, hitDice) VALUES(44, 168, '16d12'); 
INSERT INTO Action(creatureId, name, description, attackBonus, damageDice, damageBonus, actionCategory) VALUES(44, 'Multiattack', 'The behir makes two attacks: one with its bite and one to constrict.', 0, NULL, NULL, 'Action'); 
INSERT INTO Action(creatureId, name, description, attackBonus, damageDice, damageBonus, actionCategory) VALUES(44, 'Bite', 'Melee Weapon Attack: +10 to hit, reach 10 ft., one target. Hit: 22 (3d10 + 6) piercing damage.', 10, '3d10', 6, 'Action'); 
INSERT INTO Action(creatureId, name, description, attackBonus, damageDice, damageBonus, actionCategory) VALUES(44, 'Constrict', 'Melee Weapon Attack: +10 to hit, reach 5 ft., one Large or smaller creature. Hit: 17 (2d10 + 6) bludgeoning damage plus 17 (2d10 + 6) slashing damage. The target is grappled (escape DC 16) if the behir isn''t already constricting a creature, and the target is restrained until this grapple ends.', 10, '2d10 + 2d10', 6, 'Action'); 
INSERT INTO Action(creatureId, name, description, attackBonus, damageDice, damageBonus, actionCategory) VALUES(44, 'Lightning Breath (Recharge 5-6)', 'The behir exhales a line of lightning that is 20 ft. long and 5 ft. wide. Each creature in that line must make a DC 16 Dexterity saving throw, taking 66 (12d10) lightning damage on a failed save, or half as much damage on a successful one.', 0, '12d10', NULL, 'Action'); 
INSERT INTO Action(creatureId, name, description, attackBonus, damageDice, damageBonus, actionCategory) VALUES(44, 'Swallow', 'The behir makes one bite attack against a Medium or smaller target it is grappling. If the attack hits, the target is also swallowed, and the grapple ends. While swallowed, the target is blinded and restrained, it has total cover against attacks and other effects outside the behir, and it takes 21 (6d6) acid damage at the start of each of the behir''s turns. A behir can have only one creature swallowed at a time.
If the behir takes 30 damage or more on a single turn from the swallowed creature, the behir must succeed on a DC 14 Constitution saving throw at the end of that turn or regurgitate the creature, which falls prone in a space within 10 ft. of the behir. If the behir dies, a swallowed creature is no longer restrained by it and can escape from the corpse by using 15 ft. of movement, exiting prone.', 0, '6d6', NULL, 'Action'); 
INSERT INTO Creature VALUES(45, 'Berserker', 'Medium', 'humanoid', 'any race', 'any chaotic alignment', 16, 12, 17, 9, 11, 9, '2', 0); 
INSERT INTO Speed(creatureId, name) VALUES(45, '30 ft.'); 
INSERT INTO Sense(creatureId, description) VALUES(45, 'passive Perception 10'); 
INSERT INTO Language(creatureId, name) VALUES(45, 'any one language (usually Common)'); 
INSERT INTO ArmorClass(creatureId, value) VALUES(45, 13); 
INSERT INTO HitPoint(creatureId, value, hitDice) VALUES(45, 67, '9d8'); 
INSERT INTO Action(creatureId, name, description, attackBonus, damageDice, damageBonus, actionCategory) VALUES(45, 'Reckless', 'At the start of its turn, the berserker can gain advantage on all melee weapon attack rolls during that turn, but attack rolls against it have advantage until the start of its next turn.', 0, NULL, NULL, 'SpecialAbility'); 
INSERT INTO Action(creatureId, name, description, attackBonus, damageDice, damageBonus, actionCategory) VALUES(45, 'Greataxe', 'Melee Weapon Attack: +5 to hit, reach 5 ft., one target. Hit: 9 (1d12 + 3) slashing damage.', 5, '1d12', 3, 'Action'); 
INSERT INTO Creature VALUES(46, 'Black Bear', 'Medium', 'beast', NULL, 'unaligned', 15, 10, 14, 2, 12, 7, '1/2', 0); 
INSERT INTO Speed(creatureId, name) VALUES(46, '40 ft.'); 
INSERT INTO Speed(creatureId, name) VALUES(46, ' climb 30 ft.'); 
INSERT INTO Sense(creatureId, description) VALUES(46, 'passive Perception 13'); 
INSERT INTO Language(creatureId, name) VALUES(46, ''); 
INSERT INTO ArmorClass(creatureId, value) VALUES(46, 11); 
INSERT INTO HitPoint(creatureId, value, hitDice) VALUES(46, 19, '3d8'); 
INSERT INTO Action(creatureId, name, description, attackBonus, damageDice, damageBonus, actionCategory) VALUES(46, 'Keen Smell', 'The bear has advantage on Wisdom (Perception) checks that rely on smell.', 0, NULL, NULL, 'SpecialAbility'); 
INSERT INTO Action(creatureId, name, description, attackBonus, damageDice, damageBonus, actionCategory) VALUES(46, 'Multiattack', 'The bear makes two attacks: one with its bite and one with its claws.', 0, NULL, NULL, 'Action'); 
INSERT INTO Action(creatureId, name, description, attackBonus, damageDice, damageBonus, actionCategory) VALUES(46, 'Bite', 'Melee Weapon Attack: +3 to hit, reach 5 ft., one target. Hit: 5 (1d6 + 2) piercing damage.', 3, '1d6', 2, 'Action'); 
INSERT INTO Action(creatureId, name, description, attackBonus, damageDice, damageBonus, actionCategory) VALUES(46, 'Claws', 'Melee Weapon Attack: +3 to hit, reach 5 ft., one target. Hit: 7 (2d4 + 2) slashing damage.', 3, '2d4', 2, 'Action'); 
INSERT INTO Creature VALUES(47, 'Black Dragon Wyrmling', 'Medium', 'dragon', NULL, 'chaotic evil', 15, 14, 13, 10, 11, 13, '2', 0); 
INSERT INTO Speed(creatureId, name) VALUES(47, '30 ft.'); 
INSERT INTO Speed(creatureId, name) VALUES(47, ' fly 60 ft.'); 
INSERT INTO Speed(creatureId, name) VALUES(47, ' swim 30 ft.'); 
INSERT INTO SavingThrow (creatureId, name, modifier) VALUES(47, 'dexterity_save', 4); 
INSERT INTO SavingThrow (creatureId, name, modifier) VALUES(47, 'constitution_save', 3); 
INSERT INTO SavingThrow (creatureId, name, modifier) VALUES(47, 'wisdom_save', 2); 
INSERT INTO SavingThrow (creatureId, name, modifier) VALUES(47, 'charisma_save', 3); 
INSERT INTO Skill (creatureId, name, modifier) VALUES(47, 'perception', 4); 
INSERT INTO Skill (creatureId, name, modifier) VALUES(47, 'stealth', 4); 
INSERT INTO DamageImmunity(creatureId, name) VALUES(47, 'acid'); 
INSERT INTO Sense(creatureId, description) VALUES(47, 'blindsight 10 ft.'); 
INSERT INTO Sense(creatureId, description) VALUES(47, ' darkvision 60 ft.'); 
INSERT INTO Sense(creatureId, description) VALUES(47, ' passive Perception 14'); 
INSERT INTO Language(creatureId, name) VALUES(47, 'Draconic'); 
INSERT INTO ArmorClass(creatureId, value) VALUES(47, 17); 
INSERT INTO HitPoint(creatureId, value, hitDice) VALUES(47, 33, '6d8'); 
INSERT INTO Action(creatureId, name, description, attackBonus, damageDice, damageBonus, actionCategory) VALUES(47, 'Amphibious', 'The dragon can breathe air and water.', 0, NULL, NULL, 'SpecialAbility'); 
INSERT INTO Action(creatureId, name, description, attackBonus, damageDice, damageBonus, actionCategory) VALUES(47, 'Bite', 'Melee Weapon Attack: +4 to hit, reach 5 ft., one target. Hit: 7 (1d10 + 2) piercing damage plus 2 (1d4) acid damage.', 4, '1d10', 2, 'Action'); 
INSERT INTO Action(creatureId, name, description, attackBonus, damageDice, damageBonus, actionCategory) VALUES(47, 'Acid Breath (Recharge 5-6)', 'The dragon exhales acid in a 15-foot line that is 5 feet wide. Each creature in that line must make a DC 11 Dexterity saving throw, taking 22 (Sd8) acid damage on a failed save, or half as much damage on a successful one.', 0, '5d8', NULL, 'Action'); 
INSERT INTO Creature VALUES(48, 'Black Pudding', 'Large', 'ooze', NULL, 'unaligned', 16, 5, 16, 1, 6, 1, '4', 0); 
INSERT INTO Speed(creatureId, name) VALUES(48, '20 ft.'); 
INSERT INTO Speed(creatureId, name) VALUES(48, ' climb 20 ft.'); 
INSERT INTO DamageImmunity(creatureId, name) VALUES(48, 'acid, cold, lightning, slashing'); 
INSERT INTO ConditionImmunity(creatureId, name) VALUES(48, 'blinded, charmed, deafened, exhaustion, frightened, prone'); 
INSERT INTO Sense(creatureId, description) VALUES(48, 'blindsight 60 ft. (blind beyond this radius)'); 
INSERT INTO Sense(creatureId, description) VALUES(48, ' passive Perception 8'); 
INSERT INTO Language(creatureId, name) VALUES(48, ''); 
INSERT INTO ArmorClass(creatureId, value) VALUES(48, 7); 
INSERT INTO HitPoint(creatureId, value, hitDice) VALUES(48, 85, '10d10'); 
INSERT INTO Action(creatureId, name, description, attackBonus, damageDice, damageBonus, actionCategory) VALUES(48, 'Amorphous', 'The pudding can move through a space as narrow as 1 inch wide without squeezing.', 0, NULL, NULL, 'SpecialAbility'); 
INSERT INTO Action(creatureId, name, description, attackBonus, damageDice, damageBonus, actionCategory) VALUES(48, 'Corrosive Form', 'A creature that touches the pudding or hits it with a melee attack while within 5 feet of it takes 4 (1d8) acid damage. Any nonmagical weapon made of metal or wood that hits the pudding corrodes. After dealing damage, the weapon takes a permanent and cumulative -1 penalty to damage rolls. If its penalty drops to -5, the weapon is destroyed. Nonmagical ammunition made of metal or wood that hits the pudding is destroyed after dealing damage. The pudding can eat through 2-inch-thick, nonmagical wood or metal in 1 round.', 0, '1d8', NULL, 'SpecialAbility'); 
INSERT INTO Action(creatureId, name, description, attackBonus, damageDice, damageBonus, actionCategory) VALUES(48, 'Spider Climb', 'The pudding can climb difficult surfaces, including upside down on ceilings, without needing to make an ability check.', 0, NULL, NULL, 'SpecialAbility'); 
INSERT INTO Action(creatureId, name, description, attackBonus, damageDice, damageBonus, actionCategory) VALUES(48, 'Pseudopod', 'Melee Weapon Attack: +5 to hit, reach 5 ft., one target. Hit: 6 (1d6 + 3) bludgeoning damage plus 18 (4d8) acid damage. In addition, nonmagical armor worn by the target is partly dissolved and takes a permanent and cumulative -1 penalty to the AC it offers. The armor is destroyed if the penalty reduces its AC to 10.', 5, '1d6 + 4d8', 3, 'Action'); 
INSERT INTO Action(creatureId, name, description, attackBonus, damageDice, damageBonus, actionCategory) VALUES(48, 'Split', 'When a pudding that is Medium or larger is subjected to lightning or slashing damage, it splits into two new puddings if it has at least 10 hit points. Each new pudding has hit points equal to half the original pudding''s, rounded down. New puddings are one size smaller than the original pudding.', 0, NULL, NULL, 'Reaction'); 
INSERT INTO Creature VALUES(49, 'Blink Dog', 'Medium', 'fey', NULL, 'lawful good', 12, 17, 12, 10, 13, 11, '1/4', 0); 
INSERT INTO Speed(creatureId, name) VALUES(49, '40 ft.'); 
INSERT INTO Skill (creatureId, name, modifier) VALUES(49, 'perception', 3); 
INSERT INTO Skill (creatureId, name, modifier) VALUES(49, 'stealth', 5); 
INSERT INTO Sense(creatureId, description) VALUES(49, 'passive Perception 10'); 
INSERT INTO Language(creatureId, name) VALUES(49, 'Blink Dog'); 
INSERT INTO Language(creatureId, name) VALUES(49, ' understands Sylvan but can''t speak it'); 
INSERT INTO ArmorClass(creatureId, value) VALUES(49, 13); 
INSERT INTO HitPoint(creatureId, value, hitDice) VALUES(49, 22, '4d8'); 
INSERT INTO Action(creatureId, name, description, attackBonus, damageDice, damageBonus, actionCategory) VALUES(49, 'Keen Hearing and Smell', 'The dog has advantage on Wisdom (Perception) checks that rely on hearing or smell.', 0, NULL, NULL, 'SpecialAbility'); 
INSERT INTO Action(creatureId, name, description, attackBonus, damageDice, damageBonus, actionCategory) VALUES(49, 'Bite', 'Melee Weapon Attack: +3 to hit, reach 5 ft., one target. Hit: 4 (1d6 + 1) piercing damage.', 3, '1d6', 1, 'Action'); 
INSERT INTO Action(creatureId, name, description, attackBonus, damageDice, damageBonus, actionCategory) VALUES(49, 'Teleport (Recharge 4-6)', 'The dog magically teleports, along with any equipment it is wearing or carrying, up to 40 ft. to an unoccupied space it can see. Before or after teleporting, the dog can make one bite attack.', 0, NULL, NULL, 'Action'); 
INSERT INTO Creature VALUES(50, 'Blood Hawk', 'Small', 'beast', NULL, 'unaligned', 6, 14, 10, 3, 14, 5, '1/8', 0); 
INSERT INTO Speed(creatureId, name) VALUES(50, '10 ft.'); 
INSERT INTO Speed(creatureId, name) VALUES(50, ' fly 60 ft.'); 
INSERT INTO Skill (creatureId, name, modifier) VALUES(50, 'perception', 4); 
INSERT INTO Sense(creatureId, description) VALUES(50, 'passive Perception 14'); 
INSERT INTO Language(creatureId, name) VALUES(50, ''); 
INSERT INTO ArmorClass(creatureId, value) VALUES(50, 12); 
INSERT INTO HitPoint(creatureId, value, hitDice) VALUES(50, 7, '2d6'); 
INSERT INTO Action(creatureId, name, description, attackBonus, damageDice, damageBonus, actionCategory) VALUES(50, 'Keen Sight', 'The hawk has advantage on Wisdom (Perception) checks that rely on sight.', 0, NULL, NULL, 'SpecialAbility'); 
INSERT INTO Action(creatureId, name, description, attackBonus, damageDice, damageBonus, actionCategory) VALUES(50, 'Pack Tactics', 'The hawk has advantage on an attack roll against a creature if at least one of the hawk''s allies is within 5 ft. of the creature and the ally isn''t incapacitated.', 0, NULL, NULL, 'SpecialAbility'); 
INSERT INTO Action(creatureId, name, description, attackBonus, damageDice, damageBonus, actionCategory) VALUES(50, 'Beak', 'Melee Weapon Attack: +4 to hit, reach 5 ft., one target. Hit: 4 (1d4 + 2) piercing damage.', 4, '1d4', 2, 'Action'); 
INSERT INTO Creature VALUES(51, 'Blue Dragon Wyrmling', 'Medium', 'dragon', NULL, 'lawful evil', 17, 10, 15, 12, 11, 15, '3', 0); 
INSERT INTO Speed(creatureId, name) VALUES(51, '30 ft.'); 
INSERT INTO Speed(creatureId, name) VALUES(51, ' burrow 15 ft.'); 
INSERT INTO Speed(creatureId, name) VALUES(51, ' fly 60 ft.'); 
INSERT INTO SavingThrow (creatureId, name, modifier) VALUES(51, 'dexterity_save', 2); 
INSERT INTO SavingThrow (creatureId, name, modifier) VALUES(51, 'constitution_save', 4); 
INSERT INTO SavingThrow (creatureId, name, modifier) VALUES(51, 'wisdom_save', 2); 
INSERT INTO SavingThrow (creatureId, name, modifier) VALUES(51, 'charisma_save', 4); 
INSERT INTO Skill (creatureId, name, modifier) VALUES(51, 'perception', 4); 
INSERT INTO Skill (creatureId, name, modifier) VALUES(51, 'stealth', 2); 
INSERT INTO DamageImmunity(creatureId, name) VALUES(51, 'lightning'); 
INSERT INTO Sense(creatureId, description) VALUES(51, 'blindsight 10 ft.'); 
INSERT INTO Sense(creatureId, description) VALUES(51, ' darkvision 60 ft.'); 
INSERT INTO Sense(creatureId, description) VALUES(51, ' passive Perception 14'); 
INSERT INTO Language(creatureId, name) VALUES(51, 'Draconic'); 
INSERT INTO ArmorClass(creatureId, value) VALUES(51, 17); 
INSERT INTO HitPoint(creatureId, value, hitDice) VALUES(51, 52, '8d8'); 
INSERT INTO Action(creatureId, name, description, attackBonus, damageDice, damageBonus, actionCategory) VALUES(51, 'Bite', 'Melee Weapon Attack: +5 to hit, reach 5 ft., one target. Hit: 8 (1d10 + 3) piercing damage plus 3 (1d6) lightning damage.', 5, '1d10 + 1d6', 3, 'Action'); 
INSERT INTO Action(creatureId, name, description, attackBonus, damageDice, damageBonus, actionCategory) VALUES(51, 'Lightning Breath (Recharge 5-6)', 'The dragon exhales lightning in a 30-foot line that is 5 feet wide. Each creature in that line must make a DC 12 Dexterity saving throw, taking 22 (4d10) lightning damage on a failed save, or half as much damage on a successful one.', 0, '4d10', NULL, 'Action'); 
INSERT INTO Creature VALUES(52, 'Boar', 'Medium', 'beast', NULL, 'unaligned', 13, 11, 12, 2, 9, 5, '1/4', 0); 
INSERT INTO Speed(creatureId, name) VALUES(52, '40 ft.'); 
INSERT INTO Sense(creatureId, description) VALUES(52, 'passive Perception 9'); 
INSERT INTO Language(creatureId, name) VALUES(52, ''); 
INSERT INTO ArmorClass(creatureId, value) VALUES(52, 11); 
INSERT INTO HitPoint(creatureId, value, hitDice) VALUES(52, 11, '2d8'); 
INSERT INTO Action(creatureId, name, description, attackBonus, damageDice, damageBonus, actionCategory) VALUES(52, 'Charge', 'If the boar moves at least 20 ft. straight toward a target and then hits it with a tusk attack on the same turn, the target takes an extra 3 (1d6) slashing damage. If the target is a creature, it must succeed on a DC 11 Strength saving throw or be knocked prone.', 0, '1d6', NULL, 'SpecialAbility'); 
INSERT INTO Action(creatureId, name, description, attackBonus, damageDice, damageBonus, actionCategory) VALUES(52, 'Relentless (Recharges after a Short or Long Rest)', 'If the boar takes 7 damage or less that would reduce it to 0 hit points, it is reduced to 1 hit point instead.', 0, NULL, NULL, 'SpecialAbility'); 
INSERT INTO Action(creatureId, name, description, attackBonus, damageDice, damageBonus, actionCategory) VALUES(52, 'Tusk', 'Weapon Attack: +3 to hit, reach 5 ft., one target. Hit: 4 (1d6 + 1) slashing damage.', 3, '1d6', 1, 'Action'); 
INSERT INTO Creature VALUES(53, 'Bone Devil', 'Large', 'fiend', 'devil', 'lawful evil', 18, 16, 18, 13, 14, 16, '12', 0); 
INSERT INTO Speed(creatureId, name) VALUES(53, '40 ft.'); 
INSERT INTO Speed(creatureId, name) VALUES(53, ' fly 40 ft.'); 
INSERT INTO SavingThrow (creatureId, name, modifier) VALUES(53, 'intelligence_save', 5); 
INSERT INTO SavingThrow (creatureId, name, modifier) VALUES(53, 'wisdom_save', 6); 
INSERT INTO SavingThrow (creatureId, name, modifier) VALUES(53, 'charisma_save', 7); 
INSERT INTO Skill (creatureId, name, modifier) VALUES(53, 'deception', 7); 
INSERT INTO Skill (creatureId, name, modifier) VALUES(53, 'insight', 6); 
INSERT INTO DamageResistance(creatureId, name) VALUES(53, 'cold; bludgeoning, piercing, and slashing from nonmagical weapons that aren''t silvered'); 
INSERT INTO DamageImmunity(creatureId, name) VALUES(53, 'fire, poison'); 
INSERT INTO ConditionImmunity(creatureId, name) VALUES(53, 'poisoned'); 
INSERT INTO Sense(creatureId, description) VALUES(53, 'darkvision 120 ft.'); 
INSERT INTO Sense(creatureId, description) VALUES(53, ' passive Perception 9'); 
INSERT INTO Language(creatureId, name) VALUES(53, 'Infernal'); 
INSERT INTO Language(creatureId, name) VALUES(53, ' telepathy 120 ft.'); 
INSERT INTO ArmorClass(creatureId, value) VALUES(53, 19); 
INSERT INTO HitPoint(creatureId, value, hitDice) VALUES(53, 142, '15d10'); 
INSERT INTO Action(creatureId, name, description, attackBonus, damageDice, damageBonus, actionCategory) VALUES(53, 'Devil''s Sight', 'Magical darkness doesn''t impede the devil''s darkvision.', 0, NULL, NULL, 'SpecialAbility'); 
INSERT INTO Action(creatureId, name, description, attackBonus, damageDice, damageBonus, actionCategory) VALUES(53, 'Magic Resistance', 'The devil has advantage on saving throws against spells and other magical effects.', 0, NULL, NULL, 'SpecialAbility'); 
INSERT INTO Action(creatureId, name, description, attackBonus, damageDice, damageBonus, actionCategory) VALUES(53, 'Multiattack', 'The devil makes three attacks: two with its claws and one with its sting.', 0, NULL, NULL, 'Action'); 
INSERT INTO Action(creatureId, name, description, attackBonus, damageDice, damageBonus, actionCategory) VALUES(53, 'Multiattack', 'The devil makes three attacks: two with its claws and one with its sting.', 0, NULL, NULL, 'Action'); 
INSERT INTO Action(creatureId, name, description, attackBonus, damageDice, damageBonus, actionCategory) VALUES(53, 'Claw', 'Melee Weapon Attack: +8 to hit, reach 10 ft., one target. Hit: 8 (1d8 + 4) slashing damage.', 8, '1d8', 4, 'Action'); 
INSERT INTO Action(creatureId, name, description, attackBonus, damageDice, damageBonus, actionCategory) VALUES(53, 'Claw', 'Melee Weapon Attack: +8 to hit, reach 10 ft., one target. Hit: 8 (1d8 + 4) slashing damage.', 8, '1d8', 4, 'Action'); 
INSERT INTO Action(creatureId, name, description, attackBonus, damageDice, damageBonus, actionCategory) VALUES(53, 'Sting', 'Melee Weapon Attack: +8 to hit, reach 10 ft., one target. Hit: 13 (2d8 + 4) piercing damage plus 17 (5d6) poison damage, and the target must succeed on a DC 14 Constitution saving throw or become poisoned for 1 minute. The target can repeat the saving throw at the end of each of its turns, ending the effect on itself on a success .', 8, '2d8', 4, 'Action'); 
INSERT INTO Action(creatureId, name, description, attackBonus, damageDice, damageBonus, actionCategory) VALUES(53, 'Sting', 'Melee Weapon Attack: +8 to hit, reach 10 ft., one target. Hit: 13 (2d8 + 4) piercing damage plus 17 (5d6) poison damage, and the target must succeed on a DC 14 Constitution saving throw or become poisoned for 1 minute. The target can repeat the saving throw at the end of each of its turns, ending the effect on itself on a success .', 8, '2d8', 4, 'Action'); 
INSERT INTO Creature VALUES(54, 'Brass Dragon Wyrmling', 'Medium', 'dragon', NULL, 'chaotic good', 15, 10, 13, 10, 11, 13, '1', 0); 
INSERT INTO Speed(creatureId, name) VALUES(54, '30 ft.'); 
INSERT INTO Speed(creatureId, name) VALUES(54, ' burrow 15 ft.'); 
INSERT INTO Speed(creatureId, name) VALUES(54, ' fly 60 ft.'); 
INSERT INTO SavingThrow (creatureId, name, modifier) VALUES(54, 'dexterity_save', 2); 
INSERT INTO SavingThrow (creatureId, name, modifier) VALUES(54, 'constitution_save', 3); 
INSERT INTO SavingThrow (creatureId, name, modifier) VALUES(54, 'wisdom_save', 2); 
INSERT INTO SavingThrow (creatureId, name, modifier) VALUES(54, 'charisma_save', 3); 
INSERT INTO Skill (creatureId, name, modifier) VALUES(54, 'perception', 4); 
INSERT INTO Skill (creatureId, name, modifier) VALUES(54, 'stealth', 2); 
INSERT INTO DamageImmunity(creatureId, name) VALUES(54, 'fire'); 
INSERT INTO Sense(creatureId, description) VALUES(54, 'blindsight 10 ft.'); 
INSERT INTO Sense(creatureId, description) VALUES(54, ' darkvision 60 ft.'); 
INSERT INTO Sense(creatureId, description) VALUES(54, ' passive Perception 14'); 
INSERT INTO Language(creatureId, name) VALUES(54, 'Draconic'); 
INSERT INTO ArmorClass(creatureId, value) VALUES(54, 16); 
INSERT INTO HitPoint(creatureId, value, hitDice) VALUES(54, 16, '3d8'); 
INSERT INTO Action(creatureId, name, description, attackBonus, damageDice, damageBonus, actionCategory) VALUES(54, 'Bite', 'Melee Weapon Attack: +4 to hit, reach 5 ft., one target. Hit: 7 (1d10 + 2) piercing damage.', 4, '1d10', 2, 'Action'); 
INSERT INTO Action(creatureId, name, description, attackBonus, damageDice, damageBonus, actionCategory) VALUES(54, 'Breath Weapons (Recharge 5-6)', 'The dragon uses one of the following breath weapons.
Fire Breath. The dragon exhales fire in an 20-foot line that is 5 feet wide. Each creature in that line must make a DC 11 Dexterity saving throw, taking 14 (4d6) fire damage on a failed save, or half as much damage on a successful one.
Sleep Breath. The dragon exhales sleep gas in a 15-foot cone. Each creature in that area must succeed on a DC 11 Constitution saving throw or fall unconscious for 1 minute. This effect ends for a creature if the creature takes damage or someone uses an action to wake it.', 0, '4d6', NULL, 'Action'); 
INSERT INTO Creature VALUES(55, 'Bronze Dragon Wyrmling', 'Medium', 'dragon', NULL, 'lawful good', 17, 10, 15, 12, 11, 15, '2', 0); 
INSERT INTO Speed(creatureId, name) VALUES(55, '30 ft.'); 
INSERT INTO Speed(creatureId, name) VALUES(55, ' fly 60 ft.'); 
INSERT INTO Speed(creatureId, name) VALUES(55, ' swim 30 ft.'); 
INSERT INTO SavingThrow (creatureId, name, modifier) VALUES(55, 'dexterity_save', 2); 
INSERT INTO SavingThrow (creatureId, name, modifier) VALUES(55, 'constitution_save', 4); 
INSERT INTO SavingThrow (creatureId, name, modifier) VALUES(55, 'wisdom_save', 2); 
INSERT INTO SavingThrow (creatureId, name, modifier) VALUES(55, 'charisma_save', 4); 
INSERT INTO Skill (creatureId, name, modifier) VALUES(55, 'perception', 4); 
INSERT INTO Skill (creatureId, name, modifier) VALUES(55, 'stealth', 2); 
INSERT INTO DamageImmunity(creatureId, name) VALUES(55, 'lightning'); 
INSERT INTO Sense(creatureId, description) VALUES(55, 'blindsight 10 ft.'); 
INSERT INTO Sense(creatureId, description) VALUES(55, ' darkvision 60 ft.'); 
INSERT INTO Sense(creatureId, description) VALUES(55, ' passive Perception 14'); 
INSERT INTO Language(creatureId, name) VALUES(55, 'Draconic'); 
INSERT INTO ArmorClass(creatureId, value) VALUES(55, 17); 
INSERT INTO HitPoint(creatureId, value, hitDice) VALUES(55, 32, '5d8'); 
INSERT INTO Action(creatureId, name, description, attackBonus, damageDice, damageBonus, actionCategory) VALUES(55, 'Amphibious', 'The dragon can breathe air and water.', 0, NULL, NULL, 'SpecialAbility'); 
INSERT INTO Action(creatureId, name, description, attackBonus, damageDice, damageBonus, actionCategory) VALUES(55, 'Bite', 'Melee Weapon Attack: +5 to hit, reach 5 ft., one target. Hit: 8 (1d10 + 3) piercing damage.', 5, '1d10', 3, 'Action'); 
INSERT INTO Action(creatureId, name, description, attackBonus, damageDice, damageBonus, actionCategory) VALUES(55, 'Breath Weapons (Recharge 5-6)', 'The dragon uses one of the following breath weapons.
Lightning Breath. The dragon exhales lightning in a 40-foot line that is 5 feet wide. Each creature in that line must make a DC 12 Dexterity saving throw, taking 16 (3d10) lightning damage on a failed save, or half as much damage on a successful one.
Repulsion Breath. The dragon exhales repulsion energy in a 30-foot cone. Each creature in that area must succeed on a DC 12 Strength saving throw. On a failed save, the creature is pushed 30 feet away from the dragon.', 0, '3d10', NULL, 'Action'); 
INSERT INTO Creature VALUES(56, 'Brown Bear', 'Large', 'beast', NULL, 'unaligned', 19, 10, 16, 2, 13, 7, '1', 0); 
INSERT INTO Speed(creatureId, name) VALUES(56, '40 ft.'); 
INSERT INTO Speed(creatureId, name) VALUES(56, ' climb 30 ft.'); 
INSERT INTO Skill (creatureId, name, modifier) VALUES(56, 'perception', 3); 
INSERT INTO Sense(creatureId, description) VALUES(56, 'passive Perception 13'); 
INSERT INTO Language(creatureId, name) VALUES(56, ''); 
INSERT INTO ArmorClass(creatureId, value) VALUES(56, 11); 
INSERT INTO HitPoint(creatureId, value, hitDice) VALUES(56, 34, '4d10'); 
INSERT INTO Action(creatureId, name, description, attackBonus, damageDice, damageBonus, actionCategory) VALUES(56, 'Keen Smell', 'The bear has advantage on Wisdom (Perception) checks that rely on smell.', 0, NULL, NULL, 'SpecialAbility'); 
INSERT INTO Action(creatureId, name, description, attackBonus, damageDice, damageBonus, actionCategory) VALUES(56, 'Multiattack', 'The bear makes two attacks: one with its bite and one with its claws.', 0, NULL, NULL, 'Action'); 
INSERT INTO Action(creatureId, name, description, attackBonus, damageDice, damageBonus, actionCategory) VALUES(56, 'Bite', 'Weapon Attack: +5 to hit, reach 5 ft., one target. Hit: 8 (1d8 + 4) piercing damage.', 5, '1d8', 4, 'Action'); 
INSERT INTO Action(creatureId, name, description, attackBonus, damageDice, damageBonus, actionCategory) VALUES(56, 'Claws', 'Melee Weapon Attack: +5 to hit, reach 5 ft., one target. Hit: 11 (2d6 + 4) slashing damage.', 5, '2d6', 4, 'Action'); 
INSERT INTO Creature VALUES(57, 'Bugbear', 'Medium', 'humanoid', 'goblinoid', 'chaotic evil', 15, 14, 13, 8, 11, 9, '1', 0); 
INSERT INTO Speed(creatureId, name) VALUES(57, '30 ft.'); 
INSERT INTO Skill (creatureId, name, modifier) VALUES(57, 'stealth', 6); 
INSERT INTO Skill (creatureId, name, modifier) VALUES(57, 'survival', 2); 
INSERT INTO Sense(creatureId, description) VALUES(57, 'darkvision 60 ft.'); 
INSERT INTO Sense(creatureId, description) VALUES(57, ' passive Perception 10'); 
INSERT INTO Language(creatureId, name) VALUES(57, 'Common'); 
INSERT INTO Language(creatureId, name) VALUES(57, ' Goblin'); 
INSERT INTO ArmorClass(creatureId, value) VALUES(57, 16); 
INSERT INTO HitPoint(creatureId, value, hitDice) VALUES(57, 27, '5d8'); 
INSERT INTO Action(creatureId, name, description, attackBonus, damageDice, damageBonus, actionCategory) VALUES(57, 'Brute', 'A melee weapon deals one extra die of its damage when the bugbear hits with it (included in the attack).', 0, NULL, NULL, 'SpecialAbility'); 
INSERT INTO Action(creatureId, name, description, attackBonus, damageDice, damageBonus, actionCategory) VALUES(57, 'Surprise Attack', 'If the bugbear surprises a creature and hits it with an attack during the first round of combat, the target takes an extra 7 (2d6) damage from the attack.', 0, '2d6', NULL, 'SpecialAbility'); 
INSERT INTO Action(creatureId, name, description, attackBonus, damageDice, damageBonus, actionCategory) VALUES(57, 'Morningstar', 'Melee Weapon Attack: +4 to hit, reach 5 ft., one target. Hit: 11 (2d8 + 2) piercing damage.', 4, '2d8', 2, 'Action'); 
INSERT INTO Action(creatureId, name, description, attackBonus, damageDice, damageBonus, actionCategory) VALUES(57, 'Javelin', 'Melee or Ranged Weapon Attack: +4 to hit, reach 5 ft. or range 30/120 ft., one target. Hit: 9 (2d6 + 2) piercing damage in melee or 5 (1d6 + 2) piercing damage at range.', 4, '2d6', 2, 'Action'); 
INSERT INTO Creature VALUES(58, 'Bulette', 'Large', 'monstrosity', NULL, 'unaligned', 19, 11, 21, 2, 10, 5, '5', 0); 
INSERT INTO Speed(creatureId, name) VALUES(58, '40 ft.'); 
INSERT INTO Speed(creatureId, name) VALUES(58, ' burrow 40 ft.'); 
INSERT INTO Skill (creatureId, name, modifier) VALUES(58, 'perception', 6); 
INSERT INTO Sense(creatureId, description) VALUES(58, 'darkvision 60 ft.'); 
INSERT INTO Sense(creatureId, description) VALUES(58, ' tremorsense 60 ft.'); 
INSERT INTO Sense(creatureId, description) VALUES(58, ' passive Perception 16'); 
INSERT INTO Language(creatureId, name) VALUES(58, ''); 
INSERT INTO ArmorClass(creatureId, value) VALUES(58, 17); 
INSERT INTO HitPoint(creatureId, value, hitDice) VALUES(58, 94, '9d10'); 
INSERT INTO Action(creatureId, name, description, attackBonus, damageDice, damageBonus, actionCategory) VALUES(58, 'Standing Leap', 'The bulette''s long jump is up to 30 ft. and its high jump is up to 15 ft., with or without a running start.', 0, NULL, NULL, 'SpecialAbility'); 
INSERT INTO Action(creatureId, name, description, attackBonus, damageDice, damageBonus, actionCategory) VALUES(58, 'Bite', 'Melee Weapon Attack: +7 to hit, reach 5 ft., one target. Hit: 30 (4d12 + 4) piercing damage.', 7, '4d12', 4, 'Action'); 
INSERT INTO Action(creatureId, name, description, attackBonus, damageDice, damageBonus, actionCategory) VALUES(58, 'Deadly Leap', 'If the bulette jumps at least 15 ft. as part of its movement, it can then use this action to land on its ft. in a space that contains one or more other creatures. Each of those creatures must succeed on a DC 16 Strength or Dexterity saving throw (target''s choice) or be knocked prone and take 14 (3d6 + 4) bludgeoning damage plus 14 (3d6 + 4) slashing damage. On a successful save, the creature takes only half the damage, isn''t knocked prone, and is pushed 5 ft. out of the bulette''s space into an unoccupied space of the creature''s choice. If no unoccupied space is within range, the creature instead falls prone in the bulette''s space.', 0, NULL, NULL, 'Action'); 
INSERT INTO Creature VALUES(59, 'Camel', 'Large', 'beast', NULL, 'unaligned', 16, 8, 14, 2, 8, 5, '1/8', 0); 
INSERT INTO Speed(creatureId, name) VALUES(59, '50 ft.'); 
INSERT INTO Sense(creatureId, description) VALUES(59, 'passive Perception 9'); 
INSERT INTO Language(creatureId, name) VALUES(59, ''); 
INSERT INTO ArmorClass(creatureId, value) VALUES(59, 9); 
INSERT INTO HitPoint(creatureId, value, hitDice) VALUES(59, 15, '2d10'); 
INSERT INTO Action(creatureId, name, description, attackBonus, damageDice, damageBonus, actionCategory) VALUES(59, 'Bite', 'Melee Weapon Attack: +5 to hit, reach 5 ft., one target. Hit: 2 (1d4) bludgeoning damage.', 5, '1d4', NULL, 'Action'); 
INSERT INTO Creature VALUES(60, 'Carrion Crawler', 'Large', 'monstrosity', NULL, 'unaligned', 14, 13, 16, 1, 12, 5, '2', 0); 
INSERT INTO Speed(creatureId, name) VALUES(60, '30 ft.'); 
INSERT INTO Speed(creatureId, name) VALUES(60, ' climb 30 ft.'); 
INSERT INTO Skill (creatureId, name, modifier) VALUES(60, 'perception', 3); 
INSERT INTO Sense(creatureId, description) VALUES(60, 'darkvision 60 ft.'); 
INSERT INTO Sense(creatureId, description) VALUES(60, ' passive Perception 13'); 
INSERT INTO Language(creatureId, name) VALUES(60, ''); 
INSERT INTO ArmorClass(creatureId, value) VALUES(60, 13); 
INSERT INTO HitPoint(creatureId, value, hitDice) VALUES(60, 51, '6d10'); 
INSERT INTO Action(creatureId, name, description, attackBonus, damageDice, damageBonus, actionCategory) VALUES(60, 'Keen Smell', 'The carrion crawler has advantage on Wisdom (Perception) checks that rely on smell.', 0, NULL, NULL, 'SpecialAbility'); 
INSERT INTO Action(creatureId, name, description, attackBonus, damageDice, damageBonus, actionCategory) VALUES(60, 'Spider Climb', 'The carrion crawler can climb difficult surfaces, including upside down on ceilings, without needing to make an ability check.', 0, NULL, NULL, 'SpecialAbility'); 
INSERT INTO Action(creatureId, name, description, attackBonus, damageDice, damageBonus, actionCategory) VALUES(60, 'Multiattack', 'The carrion crawler makes two attacks: one with its tentacles and one with its bite.', 0, NULL, NULL, 'Action'); 
INSERT INTO Action(creatureId, name, description, attackBonus, damageDice, damageBonus, actionCategory) VALUES(60, 'Tentacles', 'Melee Weapon Attack: +8 to hit, reach 10 ft., one creature. Hit: 4 (1d4 + 2) poison damage, and the target must succeed on a DC 13 Constitution saving throw or be poisoned for 1 minute. Until this poison ends, the target is paralyzed. The target can repeat the saving throw at the end of each of its turns, ending the poison on itself on a success.', 8, '1d4', 2, 'Action'); 
INSERT INTO Action(creatureId, name, description, attackBonus, damageDice, damageBonus, actionCategory) VALUES(60, 'Bite', 'Melee Weapon Attack: +4 to hit, reach 5 ft., one target. Hit: 7 (2d4 + 2) piercing damage.', 4, '2d4', 2, 'Action'); 
INSERT INTO Creature VALUES(61, 'Cat', 'Tiny', 'beast', NULL, 'unaligned', 3, 15, 10, 3, 12, 7, '0', 0); 
INSERT INTO Speed(creatureId, name) VALUES(61, '40 ft.'); 
INSERT INTO Speed(creatureId, name) VALUES(61, ' climb 30 ft.'); 
INSERT INTO Skill (creatureId, name, modifier) VALUES(61, 'perception', 3); 
INSERT INTO Skill (creatureId, name, modifier) VALUES(61, 'stealth', 4); 
INSERT INTO Sense(creatureId, description) VALUES(61, 'passive Perception 13'); 
INSERT INTO Language(creatureId, name) VALUES(61, ''); 
INSERT INTO ArmorClass(creatureId, value) VALUES(61, 12); 
INSERT INTO HitPoint(creatureId, value, hitDice) VALUES(61, 2, '1d4'); 
INSERT INTO Action(creatureId, name, description, attackBonus, damageDice, damageBonus, actionCategory) VALUES(61, 'Keen Smell', 'The cat has advantage on Wisdom (Perception) checks that rely on smell.', 0, NULL, NULL, 'SpecialAbility'); 
INSERT INTO Action(creatureId, name, description, attackBonus, damageDice, damageBonus, actionCategory) VALUES(61, 'Claws', 'Melee Weapon Attack: +0 to hit, reach 5 ft., one target. Hit: 1 slashing damage.', 0, NULL, 1, 'Action'); 
INSERT INTO Creature VALUES(62, 'Cave Bear', 'Large', 'beast', NULL, 'unaligned', 20, 10, 16, 2, 13, 7, '2', 0); 
INSERT INTO Speed(creatureId, name) VALUES(62, '40 ft.'); 
INSERT INTO Speed(creatureId, name) VALUES(62, ' swim 30 ft.'); 
INSERT INTO Skill (creatureId, name, modifier) VALUES(62, 'perception', 3); 
INSERT INTO Sense(creatureId, description) VALUES(62, 'darkvision 60 ft.'); 
INSERT INTO Sense(creatureId, description) VALUES(62, ' passive Perception 13'); 
INSERT INTO Language(creatureId, name) VALUES(62, ''); 
INSERT INTO ArmorClass(creatureId, value) VALUES(62, 12); 
INSERT INTO HitPoint(creatureId, value, hitDice) VALUES(62, 42, '5d10'); 
INSERT INTO Action(creatureId, name, description, attackBonus, damageDice, damageBonus, actionCategory) VALUES(62, 'Keen Smell', 'The bear has advantage on Wisdom (Perception) checks that rely on smell.', 0, NULL, NULL, 'SpecialAbility'); 
INSERT INTO Action(creatureId, name, description, attackBonus, damageDice, damageBonus, actionCategory) VALUES(62, 'Multiattack', 'The bear makes two attacks: one with its bite and one with its claws.', 0, NULL, NULL, 'Action'); 
INSERT INTO Action(creatureId, name, description, attackBonus, damageDice, damageBonus, actionCategory) VALUES(62, 'Bite', 'Melee Weapon Attack: +7 to hit, reach 5 ft., one target. Hit: 9 (1d8 + 5) piercing damage.', 7, '1d8', 5, 'Action'); 
INSERT INTO Action(creatureId, name, description, attackBonus, damageDice, damageBonus, actionCategory) VALUES(62, 'Claws', 'Melee Weapon Attack: +7 to hit, reach 5 ft., one target. Hit: 12 (2d6 + 5) slashing damage.', 7, '2d6', 5, 'Action'); 
INSERT INTO Creature VALUES(63, 'Centaur', 'Large', 'monstrosity', NULL, 'neutral good', 18, 14, 14, 9, 13, 11, '2', 0); 
INSERT INTO Speed(creatureId, name) VALUES(63, '50 ft.'); 
INSERT INTO Skill (creatureId, name, modifier) VALUES(63, 'athletics', 6); 
INSERT INTO Skill (creatureId, name, modifier) VALUES(63, 'perception', 3); 
INSERT INTO Skill (creatureId, name, modifier) VALUES(63, 'survival', 3); 
INSERT INTO Sense(creatureId, description) VALUES(63, 'passive Perception 13'); 
INSERT INTO Language(creatureId, name) VALUES(63, 'Elvish'); 
INSERT INTO Language(creatureId, name) VALUES(63, ' Sylvan'); 
INSERT INTO ArmorClass(creatureId, value) VALUES(63, 12); 
INSERT INTO HitPoint(creatureId, value, hitDice) VALUES(63, 45, '6d10'); 
INSERT INTO Action(creatureId, name, description, attackBonus, damageDice, damageBonus, actionCategory) VALUES(63, 'Charge', 'If the centaur moves at least 30 ft. straight toward a target and then hits it with a pike attack on the same turn, the target takes an extra 10 (3d6) piercing damage.', 0, '3d6', NULL, 'SpecialAbility'); 
INSERT INTO Action(creatureId, name, description, attackBonus, damageDice, damageBonus, actionCategory) VALUES(63, 'Multiattack', 'The centaur makes two attacks: one with its pike and one with its hooves or two with its longbow.', 0, NULL, NULL, 'Action'); 
INSERT INTO Action(creatureId, name, description, attackBonus, damageDice, damageBonus, actionCategory) VALUES(63, 'Pike', 'Melee Weapon Attack: +6 to hit, reach 10 ft., one target. Hit: 9 (1d10 + 4) piercing damage.', 6, '1d10', 4, 'Action'); 
INSERT INTO Action(creatureId, name, description, attackBonus, damageDice, damageBonus, actionCategory) VALUES(63, 'Hooves', 'Melee Weapon Attack: +6 to hit, reach 5 ft., one target. Hit: 11 (2d6 + 4) bludgeoning damage.', 6, '2d6', 4, 'Action'); 
INSERT INTO Action(creatureId, name, description, attackBonus, damageDice, damageBonus, actionCategory) VALUES(63, 'Longbow', 'Ranged Weapon Attack: +4 to hit, range 150/600 ft., one target. Hit: 6 (1d8 + 2) piercing damage.', 4, '1d8', 2, 'Action'); 
INSERT INTO Creature VALUES(64, 'Chain Devil', 'Medium', 'fiend', 'devil', 'lawful evil', 18, 15, 18, 11, 12, 14, '11', 0); 
INSERT INTO Speed(creatureId, name) VALUES(64, '30 ft.'); 
INSERT INTO DamageResistance(creatureId, name) VALUES(64, 'cold; bludgeoning, piercing, and slashing from nonmagical weapons that aren''t silvered'); 
INSERT INTO DamageImmunity(creatureId, name) VALUES(64, 'fire, poison'); 
INSERT INTO ConditionImmunity(creatureId, name) VALUES(64, 'poisoned'); 
INSERT INTO Sense(creatureId, description) VALUES(64, 'darkvision 120 ft.'); 
INSERT INTO Sense(creatureId, description) VALUES(64, ' passive Perception 8'); 
INSERT INTO Language(creatureId, name) VALUES(64, 'Infernal'); 
INSERT INTO Language(creatureId, name) VALUES(64, ' telepathy 120 ft.'); 
INSERT INTO ArmorClass(creatureId, value) VALUES(64, 16); 
INSERT INTO HitPoint(creatureId, value, hitDice) VALUES(64, 85, '10d8'); 
INSERT INTO Action(creatureId, name, description, attackBonus, damageDice, damageBonus, actionCategory) VALUES(64, 'Devil''s Sight', 'Magical darkness doesn''t impede the devil''s darkvision.', 0, NULL, NULL, 'SpecialAbility'); 
INSERT INTO Action(creatureId, name, description, attackBonus, damageDice, damageBonus, actionCategory) VALUES(64, 'Magic Resistance', 'The devil has advantage on saving throws against spells and other magical effects.', 0, NULL, NULL, 'SpecialAbility'); 
INSERT INTO Action(creatureId, name, description, attackBonus, damageDice, damageBonus, actionCategory) VALUES(64, 'Multiattack', 'The devil makes two attacks with its chains.', 0, NULL, NULL, 'Action'); 
INSERT INTO Action(creatureId, name, description, attackBonus, damageDice, damageBonus, actionCategory) VALUES(64, 'Chain', 'Melee Weapon Attack: +8 to hit, reach 10 ft., one target. Hit: 11 (2d6 + 4) slashing damage. The target is grappled (escape DC 14) if the devil isn''t already grappling a creature. Until this grapple ends, the target is restrained and takes 7 (2d6) piercing damage at the start of each of its turns.', 8, '2d6', 4, 'Action'); 
INSERT INTO Action(creatureId, name, description, attackBonus, damageDice, damageBonus, actionCategory) VALUES(64, 'Animate Chains (Recharges after a Short or Long Rest)', 'Up to four chains the devil can see within 60 feet of it magically sprout razor-edged barbs and animate under the devil''s control, provided that the chains aren''t being worn or carried.
Each animated chain is an object with AC 20, 20 hit points, resistance to piercing damage, and immunity to psychic and thunder damage. When the devil uses Multiattack on its turn, it can use each animated chain to make one additional chain attack. An animated chain can grapple one creature of its own but can''t make attacks while grappling. An animated chain reverts to its inanimate state if reduced to 0 hit points or if the devil is incapacitated or dies.', 0, NULL, NULL, 'Action'); 
INSERT INTO Action(creatureId, name, description, attackBonus, damageDice, damageBonus, actionCategory) VALUES(64, 'Unnerving Mask', 'When a creature the devil can see starts its turn within 30 feet of the devil, the devil can create the illusion that it looks like one of the creature''s departed loved ones or bitter enemies. If the creature can see the devil, it must succeed on a DC 14 Wisdom saving throw or be frightened until the end of its turn.', 0, NULL, NULL, 'Reaction'); 
INSERT INTO Creature VALUES(65, 'Chimera', 'Large', 'monstrosity', NULL, 'chaotic evil', 19, 11, 19, 3, 14, 10, '6', 0); 
INSERT INTO Speed(creatureId, name) VALUES(65, '30 ft.'); 
INSERT INTO Speed(creatureId, name) VALUES(65, ' fly 60 ft.'); 
INSERT INTO Skill (creatureId, name, modifier) VALUES(65, 'perception', 8); 
INSERT INTO Sense(creatureId, description) VALUES(65, 'darkvision 60 ft.'); 
INSERT INTO Sense(creatureId, description) VALUES(65, ' passive Perception 18'); 
INSERT INTO Language(creatureId, name) VALUES(65, 'understands Draconic but can''t speak'); 
INSERT INTO ArmorClass(creatureId, value) VALUES(65, 14); 
INSERT INTO HitPoint(creatureId, value, hitDice) VALUES(65, 114, '12d10'); 
INSERT INTO Action(creatureId, name, description, attackBonus, damageDice, damageBonus, actionCategory) VALUES(65, 'Multiattack', 'The chimera makes three attacks: one with its bite, one with its horns, and one with its claws. When its fire breath is available, it can use the breath in place of its bite or horns.', 0, NULL, NULL, 'Action'); 
INSERT INTO Action(creatureId, name, description, attackBonus, damageDice, damageBonus, actionCategory) VALUES(65, 'Bite', 'Melee Weapon Attack: +7 to hit, reach 5 ft., one target. Hit: 11 (2d6 + 4) piercing damage.', 7, '2d6', 4, 'Action'); 
INSERT INTO Action(creatureId, name, description, attackBonus, damageDice, damageBonus, actionCategory) VALUES(65, 'Horns', 'Melee Weapon Attack: +7 to hit, reach 5 ft., one target. Hit: 10 (1d12 + 4) bludgeoning damage.', 7, '1d12', 4, 'Action'); 
INSERT INTO Action(creatureId, name, description, attackBonus, damageDice, damageBonus, actionCategory) VALUES(65, 'Claws', 'Melee Weapon Attack: +7 to hit, reach 5 ft., one target. Hit: 11 (2d6 + 4) slashing damage.', 7, '2d6', 4, 'Action'); 
INSERT INTO Action(creatureId, name, description, attackBonus, damageDice, damageBonus, actionCategory) VALUES(65, 'Fire Breath (Recharge 5-6)', 'The dragon head exhales fire in a 15-foot cone. Each creature in that area must make a DC 15 Dexterity saving throw, taking 31 (7d8) fire damage on a failed save, or half as much damage on a successful one.', 0, '7d8', NULL, 'Action'); 
INSERT INTO Creature VALUES(66, 'Chuul', 'Large', 'aberration', NULL, 'chaotic evil', 19, 10, 16, 5, 11, 5, '4', 0); 
INSERT INTO Speed(creatureId, name) VALUES(66, '30 ft.'); 
INSERT INTO Speed(creatureId, name) VALUES(66, ' swim 30 ft.'); 
INSERT INTO Skill (creatureId, name, modifier) VALUES(66, 'perception', 4); 
INSERT INTO DamageImmunity(creatureId, name) VALUES(66, 'poison'); 
INSERT INTO ConditionImmunity(creatureId, name) VALUES(66, 'poisoned'); 
INSERT INTO Sense(creatureId, description) VALUES(66, 'darkvision 60 ft.'); 
INSERT INTO Sense(creatureId, description) VALUES(66, ' passive Perception 14'); 
INSERT INTO Language(creatureId, name) VALUES(66, 'understands Deep Speech but can''t speak'); 
INSERT INTO ArmorClass(creatureId, value) VALUES(66, 16); 
INSERT INTO HitPoint(creatureId, value, hitDice) VALUES(66, 93, '11d10'); 
INSERT INTO Action(creatureId, name, description, attackBonus, damageDice, damageBonus, actionCategory) VALUES(66, 'Amphibious', 'The chuul can breathe air and water.', 0, NULL, NULL, 'SpecialAbility'); 
INSERT INTO Action(creatureId, name, description, attackBonus, damageDice, damageBonus, actionCategory) VALUES(66, 'Sense Magic', 'The chuul senses magic within 120 feet of it at will. This trait otherwise works like the detect magic spell but isn''t itself magical.', 0, NULL, NULL, 'SpecialAbility'); 
INSERT INTO Action(creatureId, name, description, attackBonus, damageDice, damageBonus, actionCategory) VALUES(66, 'Multiattack', 'The chuul makes two pincer attacks. If the chuul is grappling a creature, the chuul can also use its tentacles once.', 0, NULL, NULL, 'Action'); 
INSERT INTO Action(creatureId, name, description, attackBonus, damageDice, damageBonus, actionCategory) VALUES(66, 'Pincer', 'Melee Weapon Attack: +6 to hit, reach 10 ft., one target. Hit: 11 (2d6 + 4) bludgeoning damage. The target is grappled (escape DC 14) if it is a Large or smaller creature and the chuul doesn''t have two other creatures grappled.', 6, '2d6', 4, 'Action'); 
INSERT INTO Action(creatureId, name, description, attackBonus, damageDice, damageBonus, actionCategory) VALUES(66, 'Tentacles', 'One creature grappled by the chuul must succeed on a DC 13 Constitution saving throw or be poisoned for 1 minute. Until this poison ends, the target is paralyzed. The target can repeat the saving throw at the end of each of its turns, ending the effect on itself on a success.', 0, NULL, NULL, 'Action'); 
INSERT INTO Creature VALUES(67, 'Clay Golem', 'Large', 'construct', NULL, 'unaligned', 20, 9, 18, 3, 8, 1, '9', 0); 
INSERT INTO Speed(creatureId, name) VALUES(67, '20 ft.'); 
INSERT INTO DamageImmunity(creatureId, name) VALUES(67, 'acid, poison, psychic; bludgeoning, piercing, and slashing from nonmagical weapons that aren''t adamantine'); 
INSERT INTO ConditionImmunity(creatureId, name) VALUES(67, 'charmed, exhaustion, frightened, paralyzed, petrified, poisoned'); 
INSERT INTO Sense(creatureId, description) VALUES(67, 'darkvision 60 ft.'); 
INSERT INTO Sense(creatureId, description) VALUES(67, ' passive Perception 9'); 
INSERT INTO Language(creatureId, name) VALUES(67, 'understands the languages of its creator but can''t speak'); 
INSERT INTO ArmorClass(creatureId, value) VALUES(67, 14); 
INSERT INTO HitPoint(creatureId, value, hitDice) VALUES(67, 133, '14d10'); 
INSERT INTO Action(creatureId, name, description, attackBonus, damageDice, damageBonus, actionCategory) VALUES(67, 'Acid Absorption', 'Whenever the golem is subjected to acid damage, it takes no damage and instead regains a number of hit points equal to the acid damage dealt.', 0, NULL, NULL, 'SpecialAbility'); 
INSERT INTO Action(creatureId, name, description, attackBonus, damageDice, damageBonus, actionCategory) VALUES(67, 'Berserk', 'Whenever the golem starts its turn with 60 hit points or fewer, roll a d6. On a 6, the golem goes berserk. On each of its turns while berserk, the golem attacks the nearest creature it can see. If no creature is near enough to move to and attack, the golem attacks an object, with preference for an object smaller than itself. Once the golem goes berserk, it continues to do so until it is destroyed or regains all its hit points.', 0, NULL, NULL, 'SpecialAbility'); 
INSERT INTO Action(creatureId, name, description, attackBonus, damageDice, damageBonus, actionCategory) VALUES(67, 'Immutable Form', 'The golem is immune to any spell or effect that would alter its form.', 0, NULL, NULL, 'SpecialAbility'); 
INSERT INTO Action(creatureId, name, description, attackBonus, damageDice, damageBonus, actionCategory) VALUES(67, 'Magic Resistance', 'The golem has advantage on saving throws against spells and other magical effects.', 0, NULL, NULL, 'SpecialAbility'); 
INSERT INTO Action(creatureId, name, description, attackBonus, damageDice, damageBonus, actionCategory) VALUES(67, 'Magic Weapons', 'The golem''s weapon attacks are magical.', 0, NULL, NULL, 'SpecialAbility'); 
INSERT INTO Action(creatureId, name, description, attackBonus, damageDice, damageBonus, actionCategory) VALUES(67, 'Multiattack', 'The golem makes two slam attacks.', 0, NULL, NULL, 'Action'); 
INSERT INTO Action(creatureId, name, description, attackBonus, damageDice, damageBonus, actionCategory) VALUES(67, 'Slam', 'Melee Weapon Attack: +8 to hit, reach 5 ft., one target. Hit: 16 (2d10 + 5) bludgeoning damage. If the target is a creature, it must succeed on a DC 15 Constitution saving throw or have its hit point maximum reduced by an amount equal to the damage taken. The target dies if this attack reduces its hit point maximum to 0. The reduction lasts until removed by the greater restoration spell or other magic.', 8, '2d10', 5, 'Action'); 
INSERT INTO Action(creatureId, name, description, attackBonus, damageDice, damageBonus, actionCategory) VALUES(67, 'Haste (Recharge 5-6)', 'Until the end of its next turn, the golem magically gains a +2 bonus to its AC, has advantage on Dexterity saving throws, and can use its slam attack as a bonus action.', 0, NULL, NULL, 'Action'); 
INSERT INTO Creature VALUES(68, 'Cloaker', 'Large', 'aberration', NULL, 'chaotic neutral', 17, 15, 12, 13, 12, 14, '8', 0); 
INSERT INTO Speed(creatureId, name) VALUES(68, '10 ft.'); 
INSERT INTO Speed(creatureId, name) VALUES(68, ' fly 40 ft.'); 
INSERT INTO Skill (creatureId, name, modifier) VALUES(68, 'stealth', 5); 
INSERT INTO Sense(creatureId, description) VALUES(68, 'darkvision 60 ft.'); 
INSERT INTO Sense(creatureId, description) VALUES(68, ' passive Perception 11'); 
INSERT INTO Language(creatureId, name) VALUES(68, 'Deep Speech'); 
INSERT INTO Language(creatureId, name) VALUES(68, ' Undercommon'); 
INSERT INTO ArmorClass(creatureId, value) VALUES(68, 14); 
INSERT INTO HitPoint(creatureId, value, hitDice) VALUES(68, 78, '12d10'); 
INSERT INTO Action(creatureId, name, description, attackBonus, damageDice, damageBonus, actionCategory) VALUES(68, 'Damage Transfer', 'While attached to a creature, the cloaker takes only half the damage dealt to it (rounded down). and that creature takes the other half.', 0, NULL, NULL, 'SpecialAbility'); 
INSERT INTO Action(creatureId, name, description, attackBonus, damageDice, damageBonus, actionCategory) VALUES(68, 'False Appearance', 'While the cloaker remains motionless without its underside exposed, it is indistinguishable from a dark leather cloak.', 0, NULL, NULL, 'SpecialAbility'); 
INSERT INTO Action(creatureId, name, description, attackBonus, damageDice, damageBonus, actionCategory) VALUES(68, 'Light Sensitivity', 'While in bright light, the cloaker has disadvantage on attack rolls and Wisdom (Perception) checks that rely on sight.', 0, NULL, NULL, 'SpecialAbility'); 
INSERT INTO Action(creatureId, name, description, attackBonus, damageDice, damageBonus, actionCategory) VALUES(68, 'Multiattack', 'The cloaker makes two attacks: one with its bite and one with its tail.', 0, NULL, NULL, 'Action'); 
INSERT INTO Action(creatureId, name, description, attackBonus, damageDice, damageBonus, actionCategory) VALUES(68, 'Bite', 'Melee Weapon Attack: +6 to hit, reach 5 ft., one creature. Hit: 10 (2d6 + 3) piercing damage, and if the target is Large or smaller, the cloaker attaches to it. If the cloaker has advantage against the target, the cloaker attaches to the target''s head, and the target is blinded and unable to breathe while the cloaker is attached. While attached, the cloaker can make this attack only against the target and has advantage on the attack roll. The cloaker can detach itself by spending 5 feet of its movement. A creature, including the target, can take its action to detach the cloaker by succeeding on a DC 16 Strength check.', 6, '2d6', 3, 'Action'); 
INSERT INTO Action(creatureId, name, description, attackBonus, damageDice, damageBonus, actionCategory) VALUES(68, 'Tail', 'Melee Weapon Attack: +6 to hit, reach 10 ft., one creature. Hit: 7 (1d8 + 3) slashing damage.', 6, '1d8', 3, 'Action'); 
INSERT INTO Action(creatureId, name, description, attackBonus, damageDice, damageBonus, actionCategory) VALUES(68, 'Moan', 'Each creature within 60 feet of the cloaker that can hear its moan and that isn''t an aberration must succeed on a DC 13 Wisdom saving throw or become frightened until the end of the cloaker''s next turn. If a creature''s saving throw is successful, the creature is immune to the cloaker''s moan for the next 24 hours.', 0, NULL, NULL, 'Action'); 
INSERT INTO Action(creatureId, name, description, attackBonus, damageDice, damageBonus, actionCategory) VALUES(68, 'Phantasms (Recharges after a Short or Long Rest)', 'The cloaker magically creates three illusory duplicates of itself if it isn''t in bright light. The duplicates move with it and mimic its actions, shifting position so as to make it impossible to track which cloaker is the real one. If the cloaker is ever in an area of bright light, the duplicates disappear.
Whenever any creature targets the cloaker with an attack or a harmful spell while a duplicate remains, that creature rolls randomly to determine whether it targets the cloaker or one of the duplicates. A creature is unaffected by this magical effect if it can''t see or if it relies on senses other than sight.
A duplicate has the cloaker''s AC and uses its saving throws. If an attack hits a duplicate, or if a duplicate fails a saving throw against an effect that deals damage, the duplicate disappears.', 0, NULL, NULL, 'Action'); 
INSERT INTO Creature VALUES(69, 'Cloud Giant', 'Huge', 'giant', NULL, 'neutral good (50%) or neutral evil (50%)', 27, 10, 22, 12, 16, 16, '9', 0); 
INSERT INTO Speed(creatureId, name) VALUES(69, '40 ft.'); 
INSERT INTO SavingThrow (creatureId, name, modifier) VALUES(69, 'constitution_save', 10); 
INSERT INTO SavingThrow (creatureId, name, modifier) VALUES(69, 'wisdom_save', 7); 
INSERT INTO SavingThrow (creatureId, name, modifier) VALUES(69, 'charisma_save', 7); 
INSERT INTO Skill (creatureId, name, modifier) VALUES(69, 'insight', 7); 
INSERT INTO Skill (creatureId, name, modifier) VALUES(69, 'perception', 7); 
INSERT INTO Sense(creatureId, description) VALUES(69, 'passive Perception 17'); 
INSERT INTO Language(creatureId, name) VALUES(69, 'Common'); 
INSERT INTO Language(creatureId, name) VALUES(69, ' Giant'); 
INSERT INTO ArmorClass(creatureId, value) VALUES(69, 14); 
INSERT INTO HitPoint(creatureId, value, hitDice) VALUES(69, 200, '16d12'); 
INSERT INTO Action(creatureId, name, description, attackBonus, damageDice, damageBonus, actionCategory) VALUES(69, 'Keen Smell', 'The giant has advantage on Wisdom (Perception) checks that rely on smell.', 0, NULL, NULL, 'SpecialAbility'); 
INSERT INTO Action(creatureId, name, description, attackBonus, damageDice, damageBonus, actionCategory) VALUES(69, 'Innate Spellcasting', 'The giant''s innate spellcasting ability is Charisma. It can innately cast the following spells, requiring no material components:

At will: detect magic, fog cloud, light
3/day each: feather fall, fly, misty step, telekinesis
1/day each: control weather, gaseous form', 0, NULL, NULL, 'SpecialAbility'); 
INSERT INTO Action(creatureId, name, description, attackBonus, damageDice, damageBonus, actionCategory) VALUES(69, 'Multiattack', 'The giant makes two morningstar attacks.', 0, NULL, NULL, 'Action'); 
INSERT INTO Action(creatureId, name, description, attackBonus, damageDice, damageBonus, actionCategory) VALUES(69, 'Morningstar', 'Melee Weapon Attack: +12 to hit, reach 10 ft., one target. Hit: 21 (3d8 + 8) piercing damage.', 12, '3d8', 8, 'Action'); 
INSERT INTO Action(creatureId, name, description, attackBonus, damageDice, damageBonus, actionCategory) VALUES(69, 'Rock', 'Ranged Weapon Attack: +12 to hit, range 60/240 ft., one target. Hit: 30 (4d10 + 8) bludgeoning damage.', 12, '4d10', 8, 'Action'); 
INSERT INTO Creature VALUES(70, 'Cockatrice', 'Small', 'monstrosity', NULL, 'unaligned', 6, 12, 12, 2, 13, 5, '1/2', 0); 
INSERT INTO Speed(creatureId, name) VALUES(70, '20 ft.'); 
INSERT INTO Speed(creatureId, name) VALUES(70, ' fly 40 ft.'); 
INSERT INTO Sense(creatureId, description) VALUES(70, 'darkvision 60 ft.'); 
INSERT INTO Sense(creatureId, description) VALUES(70, ' passive Perception 11'); 
INSERT INTO Language(creatureId, name) VALUES(70, ''); 
INSERT INTO ArmorClass(creatureId, value) VALUES(70, 11); 
INSERT INTO HitPoint(creatureId, value, hitDice) VALUES(70, 27, '6d6'); 
INSERT INTO Action(creatureId, name, description, attackBonus, damageDice, damageBonus, actionCategory) VALUES(70, 'Bite', 'Melee Weapon Attack: +3 to hit, reach 5 ft., one creature. Hit: 3 (1d4 + 1) piercing damage, and the target must succeed on a DC 11 Constitution saving throw against being magically petrified. On a failed save, the creature begins to turn to stone and is restrained. It must repeat the saving throw at the end of its next turn. On a success, the effect ends. On a failure, the creature is petrified for 24 hours.', 3, '1d4', 1, 'Action'); 
INSERT INTO Creature VALUES(71, 'Commoner', 'Medium', 'humanoid', 'any race', 'any alignment', 10, 10, 10, 10, 10, 10, '0', 0); 
INSERT INTO Speed(creatureId, name) VALUES(71, '30 ft.'); 
INSERT INTO Sense(creatureId, description) VALUES(71, 'passive Perception 10'); 
INSERT INTO Language(creatureId, name) VALUES(71, 'any one language (usually Common)'); 
INSERT INTO ArmorClass(creatureId, value) VALUES(71, 10); 
INSERT INTO HitPoint(creatureId, value, hitDice) VALUES(71, 4, '1d8'); 
INSERT INTO Action(creatureId, name, description, attackBonus, damageDice, damageBonus, actionCategory) VALUES(71, 'Club', 'Melee Weapon Attack: +2 to hit, reach 5 ft., one target. Hit: 2 (1d4) bludgeoning damage.', 2, '1d4', NULL, 'Action'); 
INSERT INTO Creature VALUES(72, 'Constrictor Snake', 'Large', 'beast', NULL, 'unaligned', 15, 14, 12, 1, 10, 3, '1/4', 0); 
INSERT INTO Speed(creatureId, name) VALUES(72, '30 ft.'); 
INSERT INTO Speed(creatureId, name) VALUES(72, ' swim 30 ft.'); 
INSERT INTO Sense(creatureId, description) VALUES(72, 'blindsight 10 ft.'); 
INSERT INTO Sense(creatureId, description) VALUES(72, ' passive Perception 10'); 
INSERT INTO Language(creatureId, name) VALUES(72, ''); 
INSERT INTO ArmorClass(creatureId, value) VALUES(72, 12); 
INSERT INTO HitPoint(creatureId, value, hitDice) VALUES(72, 13, '2d10'); 
INSERT INTO Action(creatureId, name, description, attackBonus, damageDice, damageBonus, actionCategory) VALUES(72, 'Bite', 'Melee Weapon Attack: +4 to hit, reach 5 ft., one creature. Hit: 5 (1d6 + 2) piercing damage.', 4, '1d6', 2, 'Action'); 
INSERT INTO Action(creatureId, name, description, attackBonus, damageDice, damageBonus, actionCategory) VALUES(72, 'Constrict', 'Melee Weapon Attack: +4 to hit, reach 5 ft., one creature. Hit: 6 (1d8 + 2) bludgeoning damage, and the target is grappled (escape DC 14). Until this grapple ends, the creature is restrained, and the snake can''t constrict another target.', 4, '1d8', 2, 'Action'); 
INSERT INTO Creature VALUES(73, 'Copper Dragon Wyrmling', 'Medium', 'dragon', NULL, 'chaotic good', 15, 12, 13, 14, 11, 13, '1', 0); 
INSERT INTO Speed(creatureId, name) VALUES(73, '30 ft.'); 
INSERT INTO Speed(creatureId, name) VALUES(73, ' climb 30 ft.'); 
INSERT INTO Speed(creatureId, name) VALUES(73, ' fly 60 ft.'); 
INSERT INTO SavingThrow (creatureId, name, modifier) VALUES(73, 'dexterity_save', 3); 
INSERT INTO SavingThrow (creatureId, name, modifier) VALUES(73, 'constitution_save', 3); 
INSERT INTO SavingThrow (creatureId, name, modifier) VALUES(73, 'wisdom_save', 2); 
INSERT INTO SavingThrow (creatureId, name, modifier) VALUES(73, 'charisma_save', 3); 
INSERT INTO Skill (creatureId, name, modifier) VALUES(73, 'perception', 4); 
INSERT INTO Skill (creatureId, name, modifier) VALUES(73, 'stealth', 3); 
INSERT INTO DamageImmunity(creatureId, name) VALUES(73, 'acid'); 
INSERT INTO Sense(creatureId, description) VALUES(73, 'blindsight 10 ft.'); 
INSERT INTO Sense(creatureId, description) VALUES(73, ' darkvision 60 ft.'); 
INSERT INTO Sense(creatureId, description) VALUES(73, ' passive Perception 14'); 
INSERT INTO Language(creatureId, name) VALUES(73, 'Draconic'); 
INSERT INTO ArmorClass(creatureId, value) VALUES(73, 16); 
INSERT INTO HitPoint(creatureId, value, hitDice) VALUES(73, 22, '4d8'); 
INSERT INTO Action(creatureId, name, description, attackBonus, damageDice, damageBonus, actionCategory) VALUES(73, 'Bite', 'Melee Weapon Attack: +4 to hit, reach 5 ft., one target. Hit: 7 (1d10 + 2) piercing damage.', 4, '1d10', 2, 'Action'); 
INSERT INTO Action(creatureId, name, description, attackBonus, damageDice, damageBonus, actionCategory) VALUES(73, 'Breath Weapons (Recharge 5-6)', 'The dragon uses one of the following breath weapons.
Acid Breath. The dragon exhales acid in an 20-foot line that is 5 feet wide. Each creature in that line must make a DC 11 Dexterity saving throw, taking 18 (4d8) acid damage on a failed save, or half as much damage on a successful one.
Slowing Breath. The dragon exhales gas in a 1 5-foot cone. Each creature in that area must succeed on a DC 11 Constitution saving throw. On a failed save, the creature can''t use reactions, its speed is halved, and it can''t make more than one attack on its turn. In addition, the creature can use either an action or a bonus action on its turn, but not both. These effects last for 1 minute. The creature can repeat the saving throw at the end of each of its turns, ending the effect on itself with a successful save.', 0, '4d8', NULL, 'Action'); 
INSERT INTO Creature VALUES(74, 'Couatl', 'Medium', 'celestial', NULL, 'lawful good', 16, 20, 17, 18, 20, 18, '4', 0); 
INSERT INTO Speed(creatureId, name) VALUES(74, '30 ft.'); 
INSERT INTO Speed(creatureId, name) VALUES(74, ' fly 90 ft.'); 
INSERT INTO SavingThrow (creatureId, name, modifier) VALUES(74, 'constitution_save', 5); 
INSERT INTO SavingThrow (creatureId, name, modifier) VALUES(74, 'wisdom_save', 7); 
INSERT INTO SavingThrow (creatureId, name, modifier) VALUES(74, 'charisma_save', 6); 
INSERT INTO DamageResistance(creatureId, name) VALUES(74, 'radiant'); 
INSERT INTO DamageImmunity(creatureId, name) VALUES(74, 'psychic; bludgeoning, piercing, and slashing from nonmagical weapons'); 
INSERT INTO Sense(creatureId, description) VALUES(74, 'truesight 120 ft.'); 
INSERT INTO Sense(creatureId, description) VALUES(74, ' passive Perception 15'); 
INSERT INTO Language(creatureId, name) VALUES(74, 'all'); 
INSERT INTO Language(creatureId, name) VALUES(74, ' telepathy 120 ft.'); 
INSERT INTO ArmorClass(creatureId, value) VALUES(74, 19); 
INSERT INTO HitPoint(creatureId, value, hitDice) VALUES(74, 97, '13d8'); 
INSERT INTO Action(creatureId, name, description, attackBonus, damageDice, damageBonus, actionCategory) VALUES(74, 'Innate Spellcasting', 'The couatl''s spellcasting ability is Charisma (spell save DC 14). It can innately cast the following spells, requiring only verbal components:

At will: detect evil and good, detect magic, detect thoughts
3/day each: bless, create food and water, cure wounds, lesser restoration, protection from poison, sanctuary, shield
1/day each: dream, greater restoration, scrying', 0, NULL, NULL, 'SpecialAbility'); 
INSERT INTO Action(creatureId, name, description, attackBonus, damageDice, damageBonus, actionCategory) VALUES(74, 'Magic Weapons', 'The couatl''s weapon attacks are magical.', 0, NULL, NULL, 'SpecialAbility'); 
INSERT INTO Action(creatureId, name, description, attackBonus, damageDice, damageBonus, actionCategory) VALUES(74, 'Shielded Mind', 'The couatl is immune to scrying and to any effect that would sense its emotions, read its thoughts, or detect its location.', 0, NULL, NULL, 'SpecialAbility'); 
INSERT INTO Action(creatureId, name, description, attackBonus, damageDice, damageBonus, actionCategory) VALUES(74, 'Bite', 'Melee Weapon Attack: +8 to hit, reach 5 ft., one creature. Hit: 8 (1d6 + 5) piercing damage, and the target must succeed on a DC 13 Constitution saving throw or be poisoned for 24 hours. Until this poison ends, the target is unconscious. Another creature can use an action to shake the target awake.', 8, '1d6', 5, 'Action'); 
INSERT INTO Action(creatureId, name, description, attackBonus, damageDice, damageBonus, actionCategory) VALUES(74, 'Constrict', 'Melee Weapon Attack: +6 to hit, reach 10 ft., one Medium or smaller creature. Hit: 10 (2d6 + 3) bludgeoning damage, and the target is grappled (escape DC 15). Until this grapple ends, the target is restrained, and the couatl can''t constrict another target.', 6, '2d6', 3, 'Action'); 
INSERT INTO Action(creatureId, name, description, attackBonus, damageDice, damageBonus, actionCategory) VALUES(74, 'Change Shape', 'The couatl magically polymorphs into a humanoid or beast that has a challenge rating equal to or less than its own, or back into its true form. It reverts to its true form if it dies. Any equipment it is wearing or carrying is absorbed or borne by the new form (the couatl''s choice).
In a new form, the couatl retains its game statistics and ability to speak, but its AC, movement modes, Strength, Dexterity, and other actions are replaced by those of the new form, and it gains any statistics and capabilities (except class features, legendary actions, and lair actions) that the new form has but that it lacks. If the new form has a bite attack, the couatl can use its bite in that form.', 0, NULL, NULL, 'Action'); 
INSERT INTO Creature VALUES(75, 'Crab', 'Tiny', 'beast', NULL, 'unaligned', 2, 11, 10, 1, 8, 2, '0', 0); 
INSERT INTO Speed(creatureId, name) VALUES(75, '20 ft.'); 
INSERT INTO Speed(creatureId, name) VALUES(75, ' swim 20 ft.'); 
INSERT INTO Skill (creatureId, name, modifier) VALUES(75, 'stealth', 2); 
INSERT INTO Sense(creatureId, description) VALUES(75, 'blindsight 30 ft.'); 
INSERT INTO Sense(creatureId, description) VALUES(75, ' passive Perception 9'); 
INSERT INTO Language(creatureId, name) VALUES(75, ''); 
INSERT INTO ArmorClass(creatureId, value) VALUES(75, 11); 
INSERT INTO HitPoint(creatureId, value, hitDice) VALUES(75, 2, '1d4'); 
INSERT INTO Action(creatureId, name, description, attackBonus, damageDice, damageBonus, actionCategory) VALUES(75, 'Amphibious', 'The crab can breathe air and water.', 0, NULL, NULL, 'SpecialAbility'); 
INSERT INTO Action(creatureId, name, description, attackBonus, damageDice, damageBonus, actionCategory) VALUES(75, 'Claw', 'Melee Weapon Attack: +0 to hit, reach 5 ft., one target. Hit: 1 bludgeoning damage.', 0, NULL, 1, 'Action'); 
INSERT INTO Creature VALUES(76, 'Crocodile', 'Large', 'beast', NULL, 'unaligned', 15, 10, 13, 2, 10, 5, '1/2', 0); 
INSERT INTO Speed(creatureId, name) VALUES(76, '20 ft.'); 
INSERT INTO Speed(creatureId, name) VALUES(76, ' swim 20 ft.'); 
INSERT INTO Skill (creatureId, name, modifier) VALUES(76, 'stealth', 2); 
INSERT INTO Sense(creatureId, description) VALUES(76, 'passive Perception 10'); 
INSERT INTO Language(creatureId, name) VALUES(76, ''); 
INSERT INTO ArmorClass(creatureId, value) VALUES(76, 12); 
INSERT INTO HitPoint(creatureId, value, hitDice) VALUES(76, 19, '3d10'); 
INSERT INTO Action(creatureId, name, description, attackBonus, damageDice, damageBonus, actionCategory) VALUES(76, 'Hold Breath', 'The crocodile can hold its breath for 15 minutes.', 0, NULL, NULL, 'SpecialAbility'); 
INSERT INTO Action(creatureId, name, description, attackBonus, damageDice, damageBonus, actionCategory) VALUES(76, 'Bite', 'Melee Weapon Attack: +4 to hit, reach 5 ft., one creature. Hit: 7 (1d10 + 2) piercing damage, and the target is grappled (escape DC 12). Until this grapple ends, the target is restrained, and the crocodile can''t bite another target', 4, '1d10', 2, 'Action'); 
INSERT INTO Creature VALUES(77, 'Cult Fanatic', 'Medium', 'humanoid', 'any race', 'any non-good alignment', 11, 14, 12, 10, 13, 14, '2', 0); 
INSERT INTO Speed(creatureId, name) VALUES(77, '30 ft.'); 
INSERT INTO Skill (creatureId, name, modifier) VALUES(77, 'deception', 4); 
INSERT INTO Skill (creatureId, name, modifier) VALUES(77, 'persuasion', 4); 
INSERT INTO Skill (creatureId, name, modifier) VALUES(77, 'religion', 2); 
INSERT INTO Sense(creatureId, description) VALUES(77, 'passive Perception 11'); 
INSERT INTO Language(creatureId, name) VALUES(77, 'any one language (usually Common)'); 
INSERT INTO ArmorClass(creatureId, value) VALUES(77, 13); 
INSERT INTO HitPoint(creatureId, value, hitDice) VALUES(77, 22, '6d8'); 
INSERT INTO Action(creatureId, name, description, attackBonus, damageDice, damageBonus, actionCategory) VALUES(77, 'Dark Devotion', 'The fanatic has advantage on saving throws against being charmed or frightened.', 0, NULL, NULL, 'SpecialAbility'); 
INSERT INTO Action(creatureId, name, description, attackBonus, damageDice, damageBonus, actionCategory) VALUES(77, 'Spellcasting', 'The fanatic is a 4th-level spellcaster. Its spell casting ability is Wisdom (spell save DC 11, +3 to hit with spell attacks). The fanatic has the following cleric spells prepared:

Cantrips (at will): light, sacred flame, thaumaturgy
• 1st level (4 slots): command, inflict wounds, shield of faith
• 2nd level (3 slots): hold person, spiritual weapon', 0, NULL, NULL, 'SpecialAbility'); 
INSERT INTO Action(creatureId, name, description, attackBonus, damageDice, damageBonus, actionCategory) VALUES(77, 'Multiattack', 'The fanatic makes two melee attacks.', 0, NULL, NULL, 'Action'); 
INSERT INTO Action(creatureId, name, description, attackBonus, damageDice, damageBonus, actionCategory) VALUES(77, 'Dagger', 'Melee or Ranged Weapon Attack: +4 to hit, reach 5 ft. or range 20/60 ft., one creature. Hit: 4 (1d4 + 2) piercing damage.', 4, '1d4', 2, 'Action'); 
INSERT INTO Creature VALUES(78, 'Cultist', 'Medium', 'humanoid', 'any race', 'any non-good alignment', 11, 12, 10, 10, 11, 10, '1/8', 0); 
INSERT INTO Speed(creatureId, name) VALUES(78, '30 ft.'); 
INSERT INTO Skill (creatureId, name, modifier) VALUES(78, 'deception', 2); 
INSERT INTO Skill (creatureId, name, modifier) VALUES(78, 'religion', 2); 
INSERT INTO Sense(creatureId, description) VALUES(78, 'passive Perception 10'); 
INSERT INTO Language(creatureId, name) VALUES(78, 'any one language (usually Common)'); 
INSERT INTO ArmorClass(creatureId, value) VALUES(78, 12); 
INSERT INTO HitPoint(creatureId, value, hitDice) VALUES(78, 9, '2d8'); 
INSERT INTO Action(creatureId, name, description, attackBonus, damageDice, damageBonus, actionCategory) VALUES(78, 'Dark Devotion', 'The cultist has advantage on saving throws against being charmed or frightened.', 0, NULL, NULL, 'SpecialAbility'); 
INSERT INTO Action(creatureId, name, description, attackBonus, damageDice, damageBonus, actionCategory) VALUES(78, 'Scimitar', 'Melee Weapon Attack: +3 to hit, reach 5 ft., one creature. Hit: 4 (1d6 + 1) slashing damage.', 3, '1d6', 1, 'Action'); 
INSERT INTO Creature VALUES(79, 'Darkmantle', 'Small', 'monstrosity', NULL, 'unaligned', 16, 12, 13, 2, 10, 5, '1/2', 0); 
INSERT INTO Speed(creatureId, name) VALUES(79, '10 ft.'); 
INSERT INTO Speed(creatureId, name) VALUES(79, ' fly 30 ft.'); 
INSERT INTO Skill (creatureId, name, modifier) VALUES(79, 'stealth', 3); 
INSERT INTO Sense(creatureId, description) VALUES(79, 'blindsight 60 ft.'); 
INSERT INTO Sense(creatureId, description) VALUES(79, ' passive Perception 10'); 
INSERT INTO Language(creatureId, name) VALUES(79, ''); 
INSERT INTO ArmorClass(creatureId, value) VALUES(79, 11); 
INSERT INTO HitPoint(creatureId, value, hitDice) VALUES(79, 22, '5d6'); 
INSERT INTO Action(creatureId, name, description, attackBonus, damageDice, damageBonus, actionCategory) VALUES(79, 'Echolocation', 'The darkmantle can''t use its blindsight while deafened.', 0, NULL, NULL, 'SpecialAbility'); 
INSERT INTO Action(creatureId, name, description, attackBonus, damageDice, damageBonus, actionCategory) VALUES(79, 'False Appearance', 'While the darkmantle remains motionless, it is indistinguishable from a cave formation such as a stalactite or stalagmite.', 0, NULL, NULL, 'SpecialAbility'); 
INSERT INTO Action(creatureId, name, description, attackBonus, damageDice, damageBonus, actionCategory) VALUES(79, 'Crush', 'Melee Weapon Attack: +5 to hit, reach 5 ft., one creature. Hit: 6 (1d6 + 3) bludgeoning damage, and the darkmantle attaches to the target. If the target is Medium or smaller and the darkmantle has advantage on the attack roll, it attaches by engulfing the target''s head, and the target is also blinded and unable to breathe while the darkmantle is attached in this way.
While attached to the target, the darkmantle can attack no other creature except the target but has advantage on its attack rolls. The darkmantle''s speed also becomes 0, it can''t benefit from any bonus to its speed, and it moves with the target.
A creature can detach the darkmantle by making a successful DC 13 Strength check as an action. On its turn, the darkmantle can detach itself from the target by using 5 feet of movement.', 5, '1d6', 3, 'Action'); 
INSERT INTO Action(creatureId, name, description, attackBonus, damageDice, damageBonus, actionCategory) VALUES(79, 'Darkness Aura (1/day)', 'A 15-foot radius of magical darkness extends out from the darkmantle, moves with it, and spreads around corners. The darkness lasts as long as the darkmantle maintains concentration, up to 10 minutes (as if concentrating on a spell). Darkvision can''t penetrate this darkness, and no natural light can illuminate it. If any of the darkness overlaps with an area of light created by a spell of 2nd level or lower, the spell creating the light is dispelled.', 0, NULL, NULL, 'Action'); 
INSERT INTO Creature VALUES(80, 'Death Dog', 'Medium', 'monstrosity', NULL, 'neutral evil', 15, 14, 14, 3, 13, 6, '1', 0); 
INSERT INTO Speed(creatureId, name) VALUES(80, '40 ft.'); 
INSERT INTO Skill (creatureId, name, modifier) VALUES(80, 'perception', 5); 
INSERT INTO Skill (creatureId, name, modifier) VALUES(80, 'stealth', 4); 
INSERT INTO Sense(creatureId, description) VALUES(80, 'darkvision 120 ft.'); 
INSERT INTO Sense(creatureId, description) VALUES(80, ' passive Perception 15'); 
INSERT INTO Language(creatureId, name) VALUES(80, ''); 
INSERT INTO ArmorClass(creatureId, value) VALUES(80, 12); 
INSERT INTO HitPoint(creatureId, value, hitDice) VALUES(80, 39, '6d8'); 
INSERT INTO Action(creatureId, name, description, attackBonus, damageDice, damageBonus, actionCategory) VALUES(80, 'Two-Headed', 'The dog has advantage on Wisdom (Perception) checks and on saving throws against being blinded, charmed, deafened, frightened, stunned, or knocked unconscious.', 0, NULL, NULL, 'SpecialAbility'); 
INSERT INTO Action(creatureId, name, description, attackBonus, damageDice, damageBonus, actionCategory) VALUES(80, 'Multiattack', 'The dog makes two bite attacks.', 0, NULL, NULL, 'Action'); 
INSERT INTO Action(creatureId, name, description, attackBonus, damageDice, damageBonus, actionCategory) VALUES(80, 'Bite', 'Melee Weapon Attack: +4 to hit, reach 5 ft., one target. Hit: 5 (1d6 + 2) piercing damage. If the target is a creature, it must succeed on a DC 12 Constitution saving throw against disease or become poisoned until the disease is cured. Every 24 hours that elapse, the creature must repeat the saving throw, reducing its hit point maximum by 5 (1d10) on a failure. This reduction lasts until the disease is cured. The creature dies if the disease reduces its hit point maximum to 0.', 4, '1d6', 2, 'Action'); 
INSERT INTO Creature VALUES(81, 'Deep Gnome (Svirfneblin)', 'Small', 'humanoid', 'gnome', 'neutral good', 15, 14, 14, 12, 10, 9, '1/2', 0); 
INSERT INTO Speed(creatureId, name) VALUES(81, '20 ft.'); 
INSERT INTO Skill (creatureId, name, modifier) VALUES(81, 'investigation', 3); 
INSERT INTO Skill (creatureId, name, modifier) VALUES(81, 'perception', 2); 
INSERT INTO Skill (creatureId, name, modifier) VALUES(81, 'stealth', 4); 
INSERT INTO Sense(creatureId, description) VALUES(81, 'darkvision 120 ft.'); 
INSERT INTO Sense(creatureId, description) VALUES(81, ' passive Perception 12'); 
INSERT INTO Language(creatureId, name) VALUES(81, 'Gnomish'); 
INSERT INTO Language(creatureId, name) VALUES(81, ' Terran'); 
INSERT INTO Language(creatureId, name) VALUES(81, ' Undercommon'); 
INSERT INTO ArmorClass(creatureId, value) VALUES(81, 15); 
INSERT INTO HitPoint(creatureId, value, hitDice) VALUES(81, 16, '3d6'); 
INSERT INTO Action(creatureId, name, description, attackBonus, damageDice, damageBonus, actionCategory) VALUES(81, 'Stone Camouflage', 'The gnome has advantage on Dexterity (Stealth) checks made to hide in rocky terrain.', 0, NULL, NULL, 'SpecialAbility'); 
INSERT INTO Action(creatureId, name, description, attackBonus, damageDice, damageBonus, actionCategory) VALUES(81, 'Gnome Cunning', 'The gnome has advantage on Intelligence, Wisdom, and Charisma saving throws against magic.', 0, NULL, NULL, 'SpecialAbility'); 
INSERT INTO Action(creatureId, name, description, attackBonus, damageDice, damageBonus, actionCategory) VALUES(81, 'Innate Spellcasting', 'The gnome''s innate spellcasting ability is Intelligence (spell save DC 11). It can innately cast the following spells, requiring no material components:
At will: nondetection (self only)
1/day each: blindness/deafness, blur, disguise self', 0, NULL, NULL, 'SpecialAbility'); 
INSERT INTO Action(creatureId, name, description, attackBonus, damageDice, damageBonus, actionCategory) VALUES(81, 'War Pick', 'Melee Weapon Attack: +4 to hit, reach 5 ft., one target. Hit: 6 (1d8 + 2) piercing damage.', 4, '1d8', 2, 'Action'); 
INSERT INTO Action(creatureId, name, description, attackBonus, damageDice, damageBonus, actionCategory) VALUES(81, 'Poisoned Dart', 'Ranged Weapon Attack: +4 to hit, range 30/120 ft., one creature. Hit: 4 (1d4 + 2) piercing damage, and the target must succeed on a DC 12 Constitution saving throw or be poisoned for 1 minute. The target can repeat the saving throw at the end of each of its turns, ending the effect on itself on a success', 4, '1d4', 2, 'Action'); 
INSERT INTO Creature VALUES(82, 'Deer', 'Medium', 'beast', NULL, 'unaligned', 11, 16, 11, 2, 14, 5, '0', 0); 
INSERT INTO Speed(creatureId, name) VALUES(82, '50 ft.'); 
INSERT INTO Sense(creatureId, description) VALUES(82, 'passive Perception 12'); 
INSERT INTO Language(creatureId, name) VALUES(82, ''); 
INSERT INTO ArmorClass(creatureId, value) VALUES(82, 13); 
INSERT INTO HitPoint(creatureId, value, hitDice) VALUES(82, 4, '1d8'); 
INSERT INTO Action(creatureId, name, description, attackBonus, damageDice, damageBonus, actionCategory) VALUES(82, 'Bite', 'Melee Weapon Attack: +2 to hit, reach 5 ft., one target. Hit: 2 (1d4) piercing damage.', 2, '1d4', NULL, 'Action'); 
INSERT INTO Creature VALUES(83, 'Deva', 'Medium', 'celestial', NULL, 'lawful good', 18, 18, 18, 17, 20, 20, '10', 0); 
INSERT INTO Speed(creatureId, name) VALUES(83, '30 ft.'); 
INSERT INTO Speed(creatureId, name) VALUES(83, ' fly 90 ft.'); 
INSERT INTO SavingThrow (creatureId, name, modifier) VALUES(83, 'wisdom_save', 9); 
INSERT INTO SavingThrow (creatureId, name, modifier) VALUES(83, 'charisma_save', 9); 
INSERT INTO Skill (creatureId, name, modifier) VALUES(83, 'insight', 9); 
INSERT INTO Skill (creatureId, name, modifier) VALUES(83, 'perception', 9); 
INSERT INTO DamageResistance(creatureId, name) VALUES(83, 'radiant; bludgeoning, piercing, and slashing from nonmagical weapons'); 
INSERT INTO ConditionImmunity(creatureId, name) VALUES(83, 'charmed, exhaustion, frightened'); 
INSERT INTO Sense(creatureId, description) VALUES(83, 'darkvision 120 ft.'); 
INSERT INTO Sense(creatureId, description) VALUES(83, ' passive Perception 19'); 
INSERT INTO Language(creatureId, name) VALUES(83, 'all'); 
INSERT INTO Language(creatureId, name) VALUES(83, ' telepathy 120 ft.'); 
INSERT INTO ArmorClass(creatureId, value) VALUES(83, 17); 
INSERT INTO HitPoint(creatureId, value, hitDice) VALUES(83, 136, '16d8'); 
INSERT INTO Action(creatureId, name, description, attackBonus, damageDice, damageBonus, actionCategory) VALUES(83, 'Angelic Weapons', 'The deva''s weapon attacks are magical. When the deva hits with any weapon, the weapon deals an extra 4d8 radiant damage (included in the attack).', 0, NULL, NULL, 'SpecialAbility'); 
INSERT INTO Action(creatureId, name, description, attackBonus, damageDice, damageBonus, actionCategory) VALUES(83, 'Innate Spellcasting', 'The deva''s spellcasting ability is Charisma (spell save DC 17). The deva can innately cast the following spells, requiring only verbal components:
At will: detect evil and good
1/day each: commune, raise dead', 0, NULL, NULL, 'SpecialAbility'); 
INSERT INTO Action(creatureId, name, description, attackBonus, damageDice, damageBonus, actionCategory) VALUES(83, 'Magic Resistance', 'The deva has advantage on saving throws against spells and other magical effects.', 0, NULL, NULL, 'SpecialAbility'); 
INSERT INTO Action(creatureId, name, description, attackBonus, damageDice, damageBonus, actionCategory) VALUES(83, 'Multiattack', 'The deva makes two melee attacks.', 0, NULL, NULL, 'Action'); 
INSERT INTO Action(creatureId, name, description, attackBonus, damageDice, damageBonus, actionCategory) VALUES(83, 'Mace', 'Melee Weapon Attack: +8 to hit, reach 5 ft., one target. Hit: 7 (1d6 + 4) bludgeoning damage plus 18 (4d8) radiant damage.', 8, '1d6 + 4d8', 4, 'Action'); 
INSERT INTO Action(creatureId, name, description, attackBonus, damageDice, damageBonus, actionCategory) VALUES(83, 'Healing Touch (3/Day)', 'The deva touches another creature. The target magically regains 20 (4d8 + 2) hit points and is freed from any curse, disease, poison, blindness, or deafness.', 0, NULL, NULL, 'Action'); 
INSERT INTO Action(creatureId, name, description, attackBonus, damageDice, damageBonus, actionCategory) VALUES(83, 'Change Shape', 'The deva magically polymorphs into a humanoid or beast that has a challenge rating equal to or less than its own, or back into its true form. It reverts to its true form if it dies. Any equipment it is wearing or carrying is absorbed or borne by the new form (the deva''s choice).
In a new form, the deva retains its game statistics and ability to speak, but its AC, movement modes, Strength, Dexterity, and special senses are replaced by those of the new form, and it gains any statistics and capabilities (except class features, legendary actions, and lair actions) that the new form has but that it lacks.', 0, NULL, NULL, 'Action'); 
INSERT INTO Creature VALUES(84, 'Dire Wolf', 'Large', 'beast', NULL, 'unaligned', 17, 15, 15, 3, 12, 7, '1', 0); 
INSERT INTO Speed(creatureId, name) VALUES(84, '50 ft.'); 
INSERT INTO Skill (creatureId, name, modifier) VALUES(84, 'perception', 3); 
INSERT INTO Skill (creatureId, name, modifier) VALUES(84, 'stealth', 4); 
INSERT INTO Sense(creatureId, description) VALUES(84, 'passive Perception 13'); 
INSERT INTO Language(creatureId, name) VALUES(84, ''); 
INSERT INTO ArmorClass(creatureId, value) VALUES(84, 14); 
INSERT INTO HitPoint(creatureId, value, hitDice) VALUES(84, 37, '5d10'); 
INSERT INTO Action(creatureId, name, description, attackBonus, damageDice, damageBonus, actionCategory) VALUES(84, 'Keen Hearing and Smell', 'The wolf has advantage on Wisdom (Perception) checks that rely on hearing or smell.', 0, NULL, NULL, 'SpecialAbility'); 
INSERT INTO Action(creatureId, name, description, attackBonus, damageDice, damageBonus, actionCategory) VALUES(84, 'Pack Tactics', 'The wolf has advantage on an attack roll against a creature if at least one of the wolf''s allies is within 5 ft. of the creature and the ally isn''t incapacitated.', 0, NULL, NULL, 'SpecialAbility'); 
INSERT INTO Action(creatureId, name, description, attackBonus, damageDice, damageBonus, actionCategory) VALUES(84, 'Bite', 'Melee Weapon Attack: +5 to hit, reach 5 ft., one target. Hit: 10 (2d6 + 3) piercing damage. If the target is a creature, it must succeed on a DC 13 Strength saving throw or be knocked prone.', 5, '2d6', 3, 'Action'); 
INSERT INTO Creature VALUES(85, 'Djinni', 'Large', 'elemental', NULL, 'chaotic good', 21, 15, 22, 15, 16, 20, '11', 0); 
INSERT INTO Speed(creatureId, name) VALUES(85, '30 ft.'); 
INSERT INTO Speed(creatureId, name) VALUES(85, ' fly 90 ft.'); 
INSERT INTO SavingThrow (creatureId, name, modifier) VALUES(85, 'dexterity_save', 6); 
INSERT INTO SavingThrow (creatureId, name, modifier) VALUES(85, 'wisdom_save', 7); 
INSERT INTO SavingThrow (creatureId, name, modifier) VALUES(85, 'charisma_save', 9); 
INSERT INTO DamageImmunity(creatureId, name) VALUES(85, 'lightning, thunder'); 
INSERT INTO Sense(creatureId, description) VALUES(85, 'darkvision 120 ft.'); 
INSERT INTO Sense(creatureId, description) VALUES(85, ' passive Perception 13'); 
INSERT INTO Language(creatureId, name) VALUES(85, 'Auran'); 
INSERT INTO ArmorClass(creatureId, value) VALUES(85, 17); 
INSERT INTO HitPoint(creatureId, value, hitDice) VALUES(85, 161, '14d10'); 
INSERT INTO Action(creatureId, name, description, attackBonus, damageDice, damageBonus, actionCategory) VALUES(85, 'Elemental Demise', 'If the djinni dies, its body disintegrates into a warm breeze, leaving behind only equipment the djinni was wearing or carrying.', 0, NULL, NULL, 'SpecialAbility'); 
INSERT INTO Action(creatureId, name, description, attackBonus, damageDice, damageBonus, actionCategory) VALUES(85, 'Innate Spellcasting', 'The djinni''s innate spellcasting ability is Charisma (spell save DC 17, +9 to hit with spell attacks). It can innately cast the following spells, requiring no material components:

At will: detect evil and good, detect magic, thunderwave 3/day each: create food and water (can create wine instead of water), tongues, wind walk
1/day each: conjure elemental (air elemental only), creation, gaseous form, invisibility, major image, plane shift', 0, NULL, NULL, 'SpecialAbility'); 
INSERT INTO Action(creatureId, name, description, attackBonus, damageDice, damageBonus, actionCategory) VALUES(85, 'Variant: Genie Powers', 'Genies have a variety of magical capabilities, including spells. A few have even greater powers that allow them to alter their appearance or the nature of reality.

Disguises.
Some genies can veil themselves in illusion to pass as other similarly shaped creatures. Such genies can innately cast the disguise self spell at will, often with a longer duration than is normal for that spell. Mightier genies can cast the true polymorph spell one to three times per day, possibly with a longer duration than normal. Such genies can change only their own shape, but a rare few can use the spell on other creatures and objects as well.
Wishes.
The genie power to grant wishes is legendary among mortals. Only the most potent genies, such as those among the nobility, can do so. A particular genie that has this power can grant one to three wishes to a creature that isn''t a genie. Once a genie has granted its limit of wishes, it can''t grant wishes again for some amount of time (usually 1 year). and cosmic law dictates that the same genie can expend its limit of wishes on a specific creature only once in that creature''s existence.
To be granted a wish, a creature within 60 feet of the genie states a desired effect to it. The genie can then cast the wish spell on the creature''s behalf to bring about the effect. Depending on the genie''s nature, the genie might try to pervert the intent of the wish by exploiting the wish''s poor wording. The perversion of the wording is usually crafted to be to the genie''s benefit.', 0, NULL, NULL, 'SpecialAbility'); 
INSERT INTO Action(creatureId, name, description, attackBonus, damageDice, damageBonus, actionCategory) VALUES(85, 'Multiattack', 'The djinni makes three scimitar attacks.', 0, NULL, NULL, 'Action'); 
INSERT INTO Action(creatureId, name, description, attackBonus, damageDice, damageBonus, actionCategory) VALUES(85, 'Scimitar', 'Melee Weapon Attack: +9 to hit, reach 5 ft., one target. Hit: 12 (2d6 + 5) slashing damage plus 3 (1d6) lightning or thunder damage (djinni''s choice).', 9, '2d6 + 1d6', 5, 'Action'); 
INSERT INTO Action(creatureId, name, description, attackBonus, damageDice, damageBonus, actionCategory) VALUES(85, 'Create Whirlwind', 'A 5-foot-radius, 30-foot-tall cylinder of swirling air magically forms on a point the djinni can see within 120 feet of it. The whirlwind lasts as long as the djinni maintains concentration (as if concentrating on a spell). Any creature but the djinni that enters the whirlwind must succeed on a DC 18 Strength saving throw or be restrained by it. The djinni can move the whirlwind up to 60 feet as an action, and creatures restrained by the whirlwind move with it. The whirlwind ends if the djinni loses sight of it.
A creature can use its action to free a creature restrained by the whirlwind, including itself, by succeeding on a DC 18 Strength check. If the check succeeds, the creature is no longer restrained and moves to the nearest space outside the whirlwind.', 0, NULL, NULL, 'Action'); 
INSERT INTO Creature VALUES(86, 'Doppelganger', 'Medium', 'monstrosity', 'shapechanger', 'unaligned', 11, 18, 14, 11, 12, 14, '3', 0); 
INSERT INTO Speed(creatureId, name) VALUES(86, '30 ft.'); 
INSERT INTO Skill (creatureId, name, modifier) VALUES(86, 'deception', 6); 
INSERT INTO Skill (creatureId, name, modifier) VALUES(86, 'insight', 3); 
INSERT INTO DamageImmunity(creatureId, name) VALUES(86, 'charmed'); 
INSERT INTO Sense(creatureId, description) VALUES(86, 'darkvision 60 ft.'); 
INSERT INTO Sense(creatureId, description) VALUES(86, ' passive Perception 11'); 
INSERT INTO Language(creatureId, name) VALUES(86, 'Common'); 
INSERT INTO ArmorClass(creatureId, value) VALUES(86, 14); 
INSERT INTO HitPoint(creatureId, value, hitDice) VALUES(86, 52, '8d8'); 
INSERT INTO Action(creatureId, name, description, attackBonus, damageDice, damageBonus, actionCategory) VALUES(86, 'Shapechanger', 'The doppelganger can use its action to polymorph into a Small or Medium humanoid it has seen, or back into its true form. Its statistics, other than its size, are the same in each form. Any equipment it is wearing or carrying isn''t transformed. It reverts to its true form if it dies.', 0, NULL, NULL, 'SpecialAbility'); 
INSERT INTO Action(creatureId, name, description, attackBonus, damageDice, damageBonus, actionCategory) VALUES(86, 'Ambusher', 'The doppelganger has advantage on attack rolls against any creature it has surprised.', 0, NULL, NULL, 'SpecialAbility'); 
INSERT INTO Action(creatureId, name, description, attackBonus, damageDice, damageBonus, actionCategory) VALUES(86, 'Surprise Attack', 'If the doppelganger surprises a creature and hits it with an attack during the first round of combat, the target takes an extra 10 (3d6) damage from the attack.', 0, '3d6', NULL, 'SpecialAbility'); 
INSERT INTO Action(creatureId, name, description, attackBonus, damageDice, damageBonus, actionCategory) VALUES(86, 'Multiattack', 'The doppelganger makes two melee attacks.', 0, NULL, NULL, 'Action'); 
INSERT INTO Action(creatureId, name, description, attackBonus, damageDice, damageBonus, actionCategory) VALUES(86, 'Slam', 'Melee Weapon Attack: +6 to hit, reach 5 ft., one target. Hit: 7 (1d6 + 4) bludgeoning damage.', 6, '1d6', 4, 'Action'); 
INSERT INTO Action(creatureId, name, description, attackBonus, damageDice, damageBonus, actionCategory) VALUES(86, 'Read Thoughts', 'The doppelganger magically reads the surface thoughts of one creature within 60 ft. of it. The effect can penetrate barriers, but 3 ft. of wood or dirt, 2 ft. of stone, 2 inches of metal, or a thin sheet of lead blocks it. While the target is in range, the doppelganger can continue reading its thoughts, as long as the doppelganger''s concentration isn''t broken (as if concentrating on a spell). While reading the target''s mind, the doppelganger has advantage on Wisdom (Insight) and Charisma (Deception, Intimidation, and Persuasion) checks against the target.', 0, NULL, NULL, 'Action'); 
INSERT INTO Creature VALUES(87, 'Draft Horse', 'Large', 'beast', NULL, 'unaligned', 18, 10, 12, 2, 11, 7, '1/4', 0); 
INSERT INTO Speed(creatureId, name) VALUES(87, '40 ft.'); 
INSERT INTO Sense(creatureId, description) VALUES(87, 'passive Perception 10'); 
INSERT INTO Language(creatureId, name) VALUES(87, ''); 
INSERT INTO ArmorClass(creatureId, value) VALUES(87, 10); 
INSERT INTO HitPoint(creatureId, value, hitDice) VALUES(87, 19, '3d10'); 
INSERT INTO Action(creatureId, name, description, attackBonus, damageDice, damageBonus, actionCategory) VALUES(87, 'Hooves', 'Melee Weapon Attack: +6 to hit, reach 5 ft., one target. Hit: 9 (2d4 + 4) bludgeoning damage.', 6, '2d4', 4, 'Action'); 
INSERT INTO Creature VALUES(88, 'Dragon Turtle', 'Gargantuan', 'dragon', NULL, 'neutral', 25, 10, 20, 10, 12, 12, '17', 0); 
INSERT INTO Speed(creatureId, name) VALUES(88, '20 ft.'); 
INSERT INTO Speed(creatureId, name) VALUES(88, ' swim 40 ft.'); 
INSERT INTO SavingThrow (creatureId, name, modifier) VALUES(88, 'dexterity_save', 6); 
INSERT INTO SavingThrow (creatureId, name, modifier) VALUES(88, 'constitution_save', 11); 
INSERT INTO SavingThrow (creatureId, name, modifier) VALUES(88, 'wisdom_save', 7); 
INSERT INTO DamageResistance(creatureId, name) VALUES(88, 'fire'); 
INSERT INTO Sense(creatureId, description) VALUES(88, 'darkvision 120 ft.'); 
INSERT INTO Sense(creatureId, description) VALUES(88, ' passive Perception 11'); 
INSERT INTO Language(creatureId, name) VALUES(88, 'Aquan'); 
INSERT INTO Language(creatureId, name) VALUES(88, ' Draconic'); 
INSERT INTO ArmorClass(creatureId, value) VALUES(88, 20); 
INSERT INTO HitPoint(creatureId, value, hitDice) VALUES(88, 341, '22d20'); 
INSERT INTO Action(creatureId, name, description, attackBonus, damageDice, damageBonus, actionCategory) VALUES(88, 'Amphibious', 'The dragon turtle can breathe air and water.', 0, NULL, NULL, 'SpecialAbility'); 
INSERT INTO Action(creatureId, name, description, attackBonus, damageDice, damageBonus, actionCategory) VALUES(88, 'Multiattack', 'The dragon turtle makes three attacks: one with its bite and two with its claws. It can make one tail attack in place of its two claw attacks.', 0, NULL, NULL, 'Action'); 
INSERT INTO Action(creatureId, name, description, attackBonus, damageDice, damageBonus, actionCategory) VALUES(88, 'Bite', 'Melee Weapon Attack: +13 to hit, reach 15 ft., one target. Hit: 26 (3d12 + 7) piercing damage.', 13, '3d12', 7, 'Action'); 
INSERT INTO Action(creatureId, name, description, attackBonus, damageDice, damageBonus, actionCategory) VALUES(88, 'Claw', 'Melee Weapon Attack: +13 to hit, reach 10 ft., one target. Hit: 16 (2d8 + 7) slashing damage.', 13, '2d8', 7, 'Action'); 
INSERT INTO Action(creatureId, name, description, attackBonus, damageDice, damageBonus, actionCategory) VALUES(88, 'Tail', 'Melee Weapon Attack: +13 to hit, reach 15 ft., one target. Hit: 26 (3d12 + 7) bludgeoning damage. If the target is a creature, it must succeed on a DC 20 Strength saving throw or be pushed up to 10 feet away from the dragon turtle and knocked prone.', 13, '3d12', 7, 'Action'); 
INSERT INTO Action(creatureId, name, description, attackBonus, damageDice, damageBonus, actionCategory) VALUES(88, 'Steam Breath (Recharge 5-6)', 'The dragon turtle exhales scalding steam in a 60-foot cone. Each creature in that area must make a DC 18 Constitution saving throw, taking 52 (15d6) fire damage on a failed save, or half as much damage on a successful one. Being underwater doesn''t grant resistance against this damage.', 0, '15d6', NULL, 'Action'); 
INSERT INTO Creature VALUES(89, 'Dretch', 'Small', 'fiend', 'demon', 'chaotic evil', 11, 11, 12, 5, 8, 3, '1/4', 0); 
INSERT INTO Speed(creatureId, name) VALUES(89, '20 ft.'); 
INSERT INTO DamageResistance(creatureId, name) VALUES(89, 'cold, fire, lightning'); 
INSERT INTO DamageImmunity(creatureId, name) VALUES(89, 'poison'); 
INSERT INTO ConditionImmunity(creatureId, name) VALUES(89, 'poisoned'); 
INSERT INTO Sense(creatureId, description) VALUES(89, 'darkvision 60 ft.'); 
INSERT INTO Sense(creatureId, description) VALUES(89, ' passive Perception 9'); 
INSERT INTO Language(creatureId, name) VALUES(89, 'Abyssal'); 
INSERT INTO Language(creatureId, name) VALUES(89, ' telepathy 60 ft. (works only with creatures that understand Abyssal)'); 
INSERT INTO ArmorClass(creatureId, value) VALUES(89, 11); 
INSERT INTO HitPoint(creatureId, value, hitDice) VALUES(89, 18, '4d6'); 
INSERT INTO Action(creatureId, name, description, attackBonus, damageDice, damageBonus, actionCategory) VALUES(89, 'Multiattack', 'The dretch makes two attacks: one with its bite and one with its claws.', 0, NULL, NULL, 'Action'); 
INSERT INTO Action(creatureId, name, description, attackBonus, damageDice, damageBonus, actionCategory) VALUES(89, 'Bite', 'Melee Weapon Attack: +2 to hit, reach 5 ft., one target. Hit: 3 (1d6) piercing damage.', 2, '1d6', NULL, 'Action'); 
INSERT INTO Action(creatureId, name, description, attackBonus, damageDice, damageBonus, actionCategory) VALUES(89, 'Claws', 'Melee Weapon Attack: +2 to hit, reach 5 ft., one target. Hit: 5 (2d4) slashing damage.', 2, '2d4', NULL, 'Action'); 
INSERT INTO Action(creatureId, name, description, attackBonus, damageDice, damageBonus, actionCategory) VALUES(89, 'Fetid Cloud (1/Day)', 'A 10-foot radius of disgusting green gas extends out from the dretch. The gas spreads around corners, and its area is lightly obscured. It lasts for 1 minute or until a strong wind disperses it. Any creature that starts its turn in that area must succeed on a DC 11 Constitution saving throw or be poisoned until the start of its next turn. While poisoned in this way, the target can take either an action or a bonus action on its turn, not both, and can''t take reactions.', 0, NULL, NULL, 'Action'); 
INSERT INTO Creature VALUES(90, 'Drider', 'Large', 'monstrosity', NULL, 'chaotic evil', 16, 16, 18, 13, 14, 12, '6', 0); 
INSERT INTO Speed(creatureId, name) VALUES(90, '30 ft.'); 
INSERT INTO Speed(creatureId, name) VALUES(90, ' climb 30 ft.'); 
INSERT INTO Skill (creatureId, name, modifier) VALUES(90, 'perception', 5); 
INSERT INTO Skill (creatureId, name, modifier) VALUES(90, 'stealth', 9); 
INSERT INTO Sense(creatureId, description) VALUES(90, 'darkvision 120 ft.'); 
INSERT INTO Sense(creatureId, description) VALUES(90, ' passive Perception 15'); 
INSERT INTO Language(creatureId, name) VALUES(90, 'Elvish'); 
INSERT INTO Language(creatureId, name) VALUES(90, ' Undercommon'); 
INSERT INTO ArmorClass(creatureId, value) VALUES(90, 19); 
INSERT INTO HitPoint(creatureId, value, hitDice) VALUES(90, 123, '13d10'); 
INSERT INTO Action(creatureId, name, description, attackBonus, damageDice, damageBonus, actionCategory) VALUES(90, 'Fey Ancestry', 'The drider has advantage on saving throws against being charmed, and magic can''t put the drider to sleep.', 0, NULL, NULL, 'SpecialAbility'); 
INSERT INTO Action(creatureId, name, description, attackBonus, damageDice, damageBonus, actionCategory) VALUES(90, 'Innate Spellcasting', 'The drider''s innate spellcasting ability is Wisdom (spell save DC 13). The drider can innately cast the following spells, requiring no material components:
At will: dancing lights
1/day each: darkness, faerie fire', 0, NULL, NULL, 'SpecialAbility'); 
INSERT INTO Action(creatureId, name, description, attackBonus, damageDice, damageBonus, actionCategory) VALUES(90, 'Spider Climb', 'The drider can climb difficult surfaces, including upside down on ceilings, without needing to make an ability check.', 0, NULL, NULL, 'SpecialAbility'); 
INSERT INTO Action(creatureId, name, description, attackBonus, damageDice, damageBonus, actionCategory) VALUES(90, 'Sunlight Sensitivity', 'While in sunlight, the drider has disadvantage on attack rolls, as well as on Wisdom (Perception) checks that rely on sight.', 0, NULL, NULL, 'SpecialAbility'); 
INSERT INTO Action(creatureId, name, description, attackBonus, damageDice, damageBonus, actionCategory) VALUES(90, 'Web Walker', 'The drider ignores movement restrictions caused by webbing.', 0, NULL, NULL, 'SpecialAbility'); 
INSERT INTO Action(creatureId, name, description, attackBonus, damageDice, damageBonus, actionCategory) VALUES(90, 'Multiattack', 'The drider makes three attacks, either with its longsword or its longbow. It can replace one of those attacks with a bite attack.', 0, NULL, NULL, 'Action'); 
INSERT INTO Action(creatureId, name, description, attackBonus, damageDice, damageBonus, actionCategory) VALUES(90, 'Bite', 'Melee Weapon Attack: +6 to hit, reach 5 ft., one creature. Hit: 2 (1d4) piercing damage plus 9 (2d8) poison damage.', 6, '1d4', 2, 'Action'); 
INSERT INTO Action(creatureId, name, description, attackBonus, damageDice, damageBonus, actionCategory) VALUES(90, 'Longsword', 'Melee Weapon Attack: +6 to hit, reach 5 ft., one target. Hit: 7 (1d8 + 3) slashing damage, or 8 (1d10 + 3) slashing damage if used with two hands.', 6, '1d8', 3, 'Action'); 
INSERT INTO Action(creatureId, name, description, attackBonus, damageDice, damageBonus, actionCategory) VALUES(90, 'Longbow', 'Ranged Weapon Attack: +6 to hit, range 150/600 ft., one target. Hit: 7 (1d8 + 3) piercing damage plus 4 (1d8) poison damage.', 6, '1d8', 3, 'Action'); 
INSERT INTO Creature VALUES(91, 'Drow', 'Medium', 'humanoid', 'elf', 'neutral evil', 10, 14, 10, 11, 11, 12, '1/4', 0); 
INSERT INTO Speed(creatureId, name) VALUES(91, '30 ft.'); 
INSERT INTO Skill (creatureId, name, modifier) VALUES(91, 'perception', 2); 
INSERT INTO Skill (creatureId, name, modifier) VALUES(91, 'stealth', 4); 
INSERT INTO Sense(creatureId, description) VALUES(91, 'darkvision 120 ft.'); 
INSERT INTO Sense(creatureId, description) VALUES(91, ' passive Perception 12'); 
INSERT INTO Language(creatureId, name) VALUES(91, 'Elvish'); 
INSERT INTO Language(creatureId, name) VALUES(91, ' Undercommon'); 
INSERT INTO ArmorClass(creatureId, value) VALUES(91, 15); 
INSERT INTO HitPoint(creatureId, value, hitDice) VALUES(91, 13, '3d8'); 
INSERT INTO Action(creatureId, name, description, attackBonus, damageDice, damageBonus, actionCategory) VALUES(91, 'Fey Ancestry', 'The drow has advantage on saving throws against being charmed, and magic can''t put the drow to sleep.', 0, NULL, NULL, 'SpecialAbility'); 
INSERT INTO Action(creatureId, name, description, attackBonus, damageDice, damageBonus, actionCategory) VALUES(91, 'Innate Spellcasting', 'The drow''s spellcasting ability is Charisma (spell save DC 11). It can innately cast the following spells, requiring no material components:
At will: dancing lights
1/day each: darkness, faerie fire', 0, NULL, NULL, 'SpecialAbility'); 
INSERT INTO Action(creatureId, name, description, attackBonus, damageDice, damageBonus, actionCategory) VALUES(91, 'Sunlight Sensitivity', 'While in sunlight, the drow has disadvantage on attack rolls, as well as on Wisdom (Perception) checks that rely on sight.', 0, NULL, NULL, 'SpecialAbility'); 
INSERT INTO Action(creatureId, name, description, attackBonus, damageDice, damageBonus, actionCategory) VALUES(91, 'Shortsword', 'Melee Weapon Attack: +4 to hit, reach 5 ft., one target. Hit: 5 (1d6 + 2) piercing damage.', 4, '1d6', 2, 'Action'); 
INSERT INTO Action(creatureId, name, description, attackBonus, damageDice, damageBonus, actionCategory) VALUES(91, 'Hand Crossbow', 'Ranged Weapon Attack: +4 to hit, range 30/120 ft., one target. Hit: 5 (1d6 + 2) piercing damage, and the target must succeed on a DC 13 Constitution saving throw or be poisoned for 1 hour. If the saving throw fails by 5 or more, the target is also unconscious while poisoned in this way. The target wakes up if it takes damage or if another creature takes an action to shake it awake.', 4, '1d6', 2, 'Action'); 
INSERT INTO Creature VALUES(92, 'Druid', 'Medium', 'humanoid', 'any race', 'any alignment', 10, 12, 13, 12, 15, 11, '2', 0); 
INSERT INTO Speed(creatureId, name) VALUES(92, '30 ft.'); 
INSERT INTO Skill (creatureId, name, modifier) VALUES(92, 'medicine', 4); 
INSERT INTO Skill (creatureId, name, modifier) VALUES(92, 'nature', 3); 
INSERT INTO Skill (creatureId, name, modifier) VALUES(92, 'perception', 4); 
INSERT INTO Sense(creatureId, description) VALUES(92, 'passive Perception 14'); 
INSERT INTO Language(creatureId, name) VALUES(92, 'Druidic plus any two languages'); 
INSERT INTO ArmorClass(creatureId, value) VALUES(92, 11); 
INSERT INTO HitPoint(creatureId, value, hitDice) VALUES(92, 27, '5d8'); 
INSERT INTO Action(creatureId, name, description, attackBonus, damageDice, damageBonus, actionCategory) VALUES(92, 'Spellcasting', 'The druid is a 4th-level spellcaster. Its spellcasting ability is Wisdom (spell save DC 12, +4 to hit with spell attacks). It has the following druid spells prepared:

• Cantrips (at will): druidcraft, produce flame, shillelagh
• 1st level (4 slots): entangle, longstrider, speak with animals, thunderwave
• 2nd level (3 slots): animal messenger, barkskin', 0, NULL, NULL, 'SpecialAbility'); 
INSERT INTO Action(creatureId, name, description, attackBonus, damageDice, damageBonus, actionCategory) VALUES(92, 'Quarterstaff', 'Melee Weapon Attack: +2 to hit (+4 to hit with shillelagh), reach 5 ft., one target. Hit: 3 (1d6) bludgeoning damage, or 6 (1d8 + 2) bludgeoning damage with shillelagh or if wielded with two hands.', 2, '1d6', NULL, 'Action'); 
INSERT INTO Creature VALUES(93, 'Dryad', 'Medium', 'fey', NULL, 'neutral', 10, 12, 11, 14, 15, 18, '1', 0); 
INSERT INTO Speed(creatureId, name) VALUES(93, '30 ft.'); 
INSERT INTO Skill (creatureId, name, modifier) VALUES(93, 'perception', 4); 
INSERT INTO Skill (creatureId, name, modifier) VALUES(93, 'stealth', 5); 
INSERT INTO Sense(creatureId, description) VALUES(93, 'darkvision 60 ft.'); 
INSERT INTO Sense(creatureId, description) VALUES(93, ' passive Perception 14'); 
INSERT INTO Language(creatureId, name) VALUES(93, 'Elvish'); 
INSERT INTO Language(creatureId, name) VALUES(93, ' Sylvan'); 
INSERT INTO ArmorClass(creatureId, value) VALUES(93, 11); 
INSERT INTO HitPoint(creatureId, value, hitDice) VALUES(93, 22, '5d8'); 
INSERT INTO Action(creatureId, name, description, attackBonus, damageDice, damageBonus, actionCategory) VALUES(93, 'Innate Spellcasting', 'The dryad''s innate spellcasting ability is Charisma (spell save DC 14). The dryad can innately cast the following spells, requiring no material components:

At will: druidcraft
3/day each: entangle, goodberry
1/day each: barkskin, pass without trace, shillelagh', 0, NULL, NULL, 'SpecialAbility'); 
INSERT INTO Action(creatureId, name, description, attackBonus, damageDice, damageBonus, actionCategory) VALUES(93, 'Magic Resistance', 'The dryad has advantage on saving throws against spells and other magical effects.', 0, NULL, NULL, 'SpecialAbility'); 
INSERT INTO Action(creatureId, name, description, attackBonus, damageDice, damageBonus, actionCategory) VALUES(93, 'Speak with Beasts and Plants', 'The dryad can communicate with beasts and plants as if they shared a language.', 0, NULL, NULL, 'SpecialAbility'); 
INSERT INTO Action(creatureId, name, description, attackBonus, damageDice, damageBonus, actionCategory) VALUES(93, 'Tree Stride', 'Once on her turn, the dryad can use 10 ft. of her movement to step magically into one living tree within her reach and emerge from a second living tree within 60 ft. of the first tree, appearing in an unoccupied space within 5 ft. of the second tree. Both trees must be large or bigger.', 0, NULL, NULL, 'SpecialAbility'); 
INSERT INTO Action(creatureId, name, description, attackBonus, damageDice, damageBonus, actionCategory) VALUES(93, 'Club', 'Melee Weapon Attack: +2 to hit (+6 to hit with shillelagh), reach 5 ft., one target. Hit: 2 (1 d4) bludgeoning damage, or 8 (1d8 + 4) bludgeoning damage with shillelagh.', 2, '1d4', NULL, 'Action'); 
INSERT INTO Action(creatureId, name, description, attackBonus, damageDice, damageBonus, actionCategory) VALUES(93, 'Fey Charm', 'The dryad targets one humanoid or beast that she can see within 30 feet of her. If the target can see the dryad, it must succeed on a DC 14 Wisdom saving throw or be magically charmed. The charmed creature regards the dryad as a trusted friend to be heeded and protected. Although the target isn''t under the dryad''s control, it takes the dryad''s requests or actions in the most favorable way it can.
Each time the dryad or its allies do anything harmful to the target, it can repeat the saving throw, ending the effect on itself on a success. Otherwise, the effect lasts 24 hours or until the dryad dies, is on a different plane of existence from the target, or ends the effect as a bonus action. If a target''s saving throw is successful, the target is immune to the dryad''s Fey Charm for the next 24 hours.
The dryad can have no more than one humanoid and up to three beasts charmed at a time.', 0, NULL, NULL, 'Action'); 
INSERT INTO Creature VALUES(94, 'Duergar', 'Medium', 'humanoid', 'dwarf', 'lawful evil', 14, 11, 14, 11, 10, 9, '1', 0); 
INSERT INTO Speed(creatureId, name) VALUES(94, '25 ft.'); 
INSERT INTO DamageResistance(creatureId, name) VALUES(94, 'poison'); 
INSERT INTO Sense(creatureId, description) VALUES(94, 'darkvision 120 ft.'); 
INSERT INTO Sense(creatureId, description) VALUES(94, ' passive Perception 10'); 
INSERT INTO Language(creatureId, name) VALUES(94, 'Dwarvish'); 
INSERT INTO Language(creatureId, name) VALUES(94, ' Undercommon'); 
INSERT INTO ArmorClass(creatureId, value) VALUES(94, 16); 
INSERT INTO HitPoint(creatureId, value, hitDice) VALUES(94, 26, '4d8'); 
INSERT INTO Action(creatureId, name, description, attackBonus, damageDice, damageBonus, actionCategory) VALUES(94, 'Duergar Resilience', 'The duergar has advantage on saving throws against poison, spells, and illusions, as well as to resist being charmed or paralyzed.', 0, NULL, NULL, 'SpecialAbility'); 
INSERT INTO Action(creatureId, name, description, attackBonus, damageDice, damageBonus, actionCategory) VALUES(94, 'Sunlight Sensitivity', 'While in sunlight, the duergar has disadvantage on attack rolls, as well as on Wisdom (Perception) checks that rely on sight.', 0, NULL, NULL, 'SpecialAbility'); 
INSERT INTO Action(creatureId, name, description, attackBonus, damageDice, damageBonus, actionCategory) VALUES(94, 'Enlarge (Recharges after a Short or Long Rest)', 'For 1 minute, the duergar magically increases in size, along with anything it is wearing or carrying. While enlarged, the duergar is Large, doubles its damage dice on Strength-based weapon attacks (included in the attacks), and makes Strength checks and Strength saving throws with advantage. If the duergar lacks the room to become Large, it attains the maximum size possible in the space available.', 0, NULL, NULL, 'Action'); 
INSERT INTO Action(creatureId, name, description, attackBonus, damageDice, damageBonus, actionCategory) VALUES(94, 'War Pick', 'Melee Weapon Attack: +4 to hit, reach 5 ft., one target. Hit: 6 (1d8 + 2) piercing damage, or 11 (2d8 + 2) piercing damage while enlarged.', 4, '1d8', 2, 'Action'); 
INSERT INTO Action(creatureId, name, description, attackBonus, damageDice, damageBonus, actionCategory) VALUES(94, 'Javelin', 'Melee or Ranged Weapon Attack: +4 to hit, reach 5 ft. or range 30/120 ft., one target. Hit: 5 (1d6 + 2) piercing damage, or 9 (2d6 + 2) piercing damage while enlarged.', 4, '1d6', 2, 'Action'); 
INSERT INTO Action(creatureId, name, description, attackBonus, damageDice, damageBonus, actionCategory) VALUES(94, 'Invisibility (Recharges after a Short or Long Rest)', 'The duergar magically turns invisible until it attacks, casts a spell, or uses its Enlarge, or until its concentration is broken, up to 1 hour (as if concentrating on a spell). Any equipment the duergar wears or carries is invisible with it .', 0, NULL, NULL, 'Action'); 
INSERT INTO Creature VALUES(95, 'Dust Mephit', 'Small', 'elemental', NULL, 'neutral evil', 5, 14, 10, 9, 11, 10, '1/2', 0); 
INSERT INTO Speed(creatureId, name) VALUES(95, '30 ft.'); 
INSERT INTO Speed(creatureId, name) VALUES(95, ' fly 30 ft.'); 
INSERT INTO Skill (creatureId, name, modifier) VALUES(95, 'perception', 2); 
INSERT INTO Skill (creatureId, name, modifier) VALUES(95, 'stealth', 4); 
INSERT INTO DamageVulnerability(creatureId, name) VALUES(95, 'fire'); 
INSERT INTO DamageImmunity(creatureId, name) VALUES(95, 'poison'); 
INSERT INTO ConditionImmunity(creatureId, name) VALUES(95, 'poisoned'); 
INSERT INTO Sense(creatureId, description) VALUES(95, 'darkvision 60 ft.'); 
INSERT INTO Sense(creatureId, description) VALUES(95, ' passive Perception 12'); 
INSERT INTO Language(creatureId, name) VALUES(95, 'Auran'); 
INSERT INTO Language(creatureId, name) VALUES(95, ' Terran'); 
INSERT INTO ArmorClass(creatureId, value) VALUES(95, 12); 
INSERT INTO HitPoint(creatureId, value, hitDice) VALUES(95, 17, '5d6'); 
INSERT INTO Action(creatureId, name, description, attackBonus, damageDice, damageBonus, actionCategory) VALUES(95, 'Death Burst', 'When the mephit dies, it explodes in a burst of dust. Each creature within 5 ft. of it must then succeed on a DC 10 Constitution saving throw or be blinded for 1 minute. A blinded creature can repeat the saving throw on each of its turns, ending the effect on itself on a success.', 0, NULL, NULL, 'SpecialAbility'); 
INSERT INTO Action(creatureId, name, description, attackBonus, damageDice, damageBonus, actionCategory) VALUES(95, 'Innate Spellcasting (1/Day)', 'The mephit can innately cast sleep, requiring no material components. Its innate spellcasting ability is Charisma.', 0, NULL, NULL, 'SpecialAbility'); 
INSERT INTO Action(creatureId, name, description, attackBonus, damageDice, damageBonus, actionCategory) VALUES(95, 'Claws', 'Melee Weapon Attack: +4 to hit, reach 5 ft., one creature. Hit: 4 (1d4 + 2) slashing damage.', 4, '1d4', 2, 'Action'); 
INSERT INTO Action(creatureId, name, description, attackBonus, damageDice, damageBonus, actionCategory) VALUES(95, 'Blinding Breath (Recharge 6)', 'The mephit exhales a 15-foot cone of blinding dust. Each creature in that area must succeed on a DC 10 Dexterity saving throw or be blinded for 1 minute. A creature can repeat the saving throw at the end of each of its turns, ending the effect on itself on a success.', 0, NULL, NULL, 'Action'); 
INSERT INTO Action(creatureId, name, description, attackBonus, damageDice, damageBonus, actionCategory) VALUES(95, 'Variant: Summon Mephits (1/Day)', 'The mephit has a 25 percent chance of summoning 1d4 mephits of its kind. A summoned mephit appears in an unoccupied space within 60 feet of its summoner, acts as an ally of its summoner, and can''t summon other mephits. It remains for 1 minute, until it or its summoner dies, or until its summoner dismisses it as an action.', 0, NULL, NULL, 'Action'); 
INSERT INTO Creature VALUES(96, 'Eagle', 'Small', 'beast', NULL, 'unaligned', 6, 15, 10, 2, 14, 7, '0', 0); 
INSERT INTO Speed(creatureId, name) VALUES(96, '10 ft.'); 
INSERT INTO Speed(creatureId, name) VALUES(96, ' fly 60 ft.'); 
INSERT INTO Skill (creatureId, name, modifier) VALUES(96, 'perception', 4); 
INSERT INTO Sense(creatureId, description) VALUES(96, 'passive Perception 14'); 
INSERT INTO Language(creatureId, name) VALUES(96, ''); 
INSERT INTO ArmorClass(creatureId, value) VALUES(96, 12); 
INSERT INTO HitPoint(creatureId, value, hitDice) VALUES(96, 3, '1d6'); 
INSERT INTO Action(creatureId, name, description, attackBonus, damageDice, damageBonus, actionCategory) VALUES(96, 'Keen Sight', 'The eagle has advantage on Wisdom (Perception) checks that rely on sight.', 0, NULL, NULL, 'SpecialAbility'); 
INSERT INTO Action(creatureId, name, description, attackBonus, damageDice, damageBonus, actionCategory) VALUES(96, 'Talons', 'Melee Weapon Attack: +4 to hit, reach 5 ft., one target. Hit: 4 (1d4 + 2) slashing damage.', 4, '1d4', 2, 'Action'); 
INSERT INTO Creature VALUES(97, 'Earth Elemental', 'Large', 'elemental', NULL, 'neutral', 20, 8, 20, 5, 10, 5, '5', 0); 
INSERT INTO Speed(creatureId, name) VALUES(97, '30 ft.'); 
INSERT INTO Speed(creatureId, name) VALUES(97, ' burrow 30 ft.'); 
INSERT INTO DamageVulnerability(creatureId, name) VALUES(97, 'thunder'); 
INSERT INTO DamageResistance(creatureId, name) VALUES(97, 'bludgeoning, piercing, and slashing from nonmagical weapons'); 
INSERT INTO DamageImmunity(creatureId, name) VALUES(97, 'poison'); 
INSERT INTO ConditionImmunity(creatureId, name) VALUES(97, 'exhaustion, paralyzed, petrified, poisoned, unconscious'); 
INSERT INTO Sense(creatureId, description) VALUES(97, 'darkvision 60 ft.'); 
INSERT INTO Sense(creatureId, description) VALUES(97, ' tremorsense 60 ft.'); 
INSERT INTO Sense(creatureId, description) VALUES(97, ' passive Perception 10'); 
INSERT INTO Language(creatureId, name) VALUES(97, 'Terran'); 
INSERT INTO ArmorClass(creatureId, value) VALUES(97, 17); 
INSERT INTO HitPoint(creatureId, value, hitDice) VALUES(97, 126, '12d10'); 
INSERT INTO Action(creatureId, name, description, attackBonus, damageDice, damageBonus, actionCategory) VALUES(97, 'Earth Glide', 'The elemental can burrow through nonmagical, unworked earth and stone. While doing so, the elemental doesn''t disturb the material it moves through.', 0, NULL, NULL, 'SpecialAbility'); 
INSERT INTO Action(creatureId, name, description, attackBonus, damageDice, damageBonus, actionCategory) VALUES(97, 'Siege Monster', 'The elemental deals double damage to objects and structures.', 0, NULL, NULL, 'SpecialAbility'); 
INSERT INTO Action(creatureId, name, description, attackBonus, damageDice, damageBonus, actionCategory) VALUES(97, 'Multiattack', 'The elemental makes two slam attacks.', 0, NULL, NULL, 'Action'); 
INSERT INTO Action(creatureId, name, description, attackBonus, damageDice, damageBonus, actionCategory) VALUES(97, 'Slam', 'Melee Weapon Attack: +8 to hit, reach 10 ft., one target. Hit: 14 (2d8 + 5) bludgeoning damage.', 8, '2d8', 5, 'Action'); 
INSERT INTO Creature VALUES(98, 'Efreeti', 'Large', 'elemental', NULL, 'lawful evil', 22, 12, 24, 16, 15, 16, '11', 0); 
INSERT INTO Speed(creatureId, name) VALUES(98, '40 ft.'); 
INSERT INTO Speed(creatureId, name) VALUES(98, ' fly 60 ft.'); 
INSERT INTO SavingThrow (creatureId, name, modifier) VALUES(98, 'intelligence_save', 7); 
INSERT INTO SavingThrow (creatureId, name, modifier) VALUES(98, 'wisdom_save', 6); 
INSERT INTO SavingThrow (creatureId, name, modifier) VALUES(98, 'charisma_save', 7); 
INSERT INTO DamageImmunity(creatureId, name) VALUES(98, 'fire'); 
INSERT INTO Sense(creatureId, description) VALUES(98, 'darkvision 120 ft.'); 
INSERT INTO Sense(creatureId, description) VALUES(98, ' passive Perception 12'); 
INSERT INTO Language(creatureId, name) VALUES(98, 'Ignan'); 
INSERT INTO ArmorClass(creatureId, value) VALUES(98, 17); 
INSERT INTO HitPoint(creatureId, value, hitDice) VALUES(98, 200, '16d10'); 
INSERT INTO Action(creatureId, name, description, attackBonus, damageDice, damageBonus, actionCategory) VALUES(98, 'Elemental Demise', 'If the efreeti dies, its body disintegrates in a flash of fire and puff of smoke, leaving behind only equipment the djinni was wearing or carrying.', 0, NULL, NULL, 'SpecialAbility'); 
INSERT INTO Action(creatureId, name, description, attackBonus, damageDice, damageBonus, actionCategory) VALUES(98, 'Innate Spellcasting', 'The efreeti''s innate spell casting ability is Charisma (spell save DC 15, +7 to hit with spell attacks). It can innately cast the following spells, requiring no material components:

At will: detect magic
3/day: enlarge/reduce, tongues
1/day each: conjure elemental (fire elemental only), gaseous form, invisibility, major image, plane shift, wall of fire', 0, NULL, NULL, 'SpecialAbility'); 
INSERT INTO Action(creatureId, name, description, attackBonus, damageDice, damageBonus, actionCategory) VALUES(98, 'Variant: Genie Powers', 'Genies have a variety of magical capabilities, including spells. A few have even greater powers that allow them to alter their appearance or the nature of reality.

Disguises.
Some genies can veil themselves in illusion to pass as other similarly shaped creatures. Such genies can innately cast the disguise self spell at will, often with a longer duration than is normal for that spell. Mightier genies can cast the true polymorph spell one to three times per day, possibly with a longer duration than normal. Such genies can change only their own shape, but a rare few can use the spell on other creatures and objects as well.
Wishes.
The genie power to grant wishes is legendary among mortals. Only the most potent genies, such as those among the nobility, can do so. A particular genie that has this power can grant one to three wishes to a creature that isn''t a genie. Once a genie has granted its limit of wishes, it can''t grant wishes again for some amount of time (usually 1 year). and cosmic law dictates that the same genie can expend its limit of wishes on a specific creature only once in that creature''s existence.
To be granted a wish, a creature within 60 feet of the genie states a desired effect to it. The genie can then cast the wish spell on the creature''s behalf to bring about the effect. Depending on the genie''s nature, the genie might try to pervert the intent of the wish by exploiting the wish''s poor wording. The perversion of the wording is usually crafted to be to the genie''s benefit.', 0, NULL, NULL, 'SpecialAbility'); 
INSERT INTO Action(creatureId, name, description, attackBonus, damageDice, damageBonus, actionCategory) VALUES(98, 'Multiattack', 'The efreeti makes two scimitar attacks or uses its Hurl Flame twice.', 0, NULL, NULL, 'Action'); 
INSERT INTO Action(creatureId, name, description, attackBonus, damageDice, damageBonus, actionCategory) VALUES(98, 'Scimitar', 'Melee Weapon Attack: +10 to hit, reach 5 ft., one target. Hit: 13 (2d6 + 6) slashing damage plus 7 (2d6) fire damage.', 10, '2d6 + 2d6', 6, 'Action'); 
INSERT INTO Action(creatureId, name, description, attackBonus, damageDice, damageBonus, actionCategory) VALUES(98, 'Hurl Flame', 'Ranged Spell Attack: +7 to hit, range 120 ft., one target. Hit: 17 (5d6) fire damage.', 7, '5d6', NULL, 'Action'); 
INSERT INTO Creature VALUES(99, 'Elephant', 'Huge', 'beast', NULL, 'unaligned', 22, 9, 17, 3, 11, 6, '4', 0); 
INSERT INTO Speed(creatureId, name) VALUES(99, '40 ft.'); 
INSERT INTO Sense(creatureId, description) VALUES(99, 'passive Perception 10'); 
INSERT INTO Language(creatureId, name) VALUES(99, ''); 
INSERT INTO ArmorClass(creatureId, value) VALUES(99, 12); 
INSERT INTO HitPoint(creatureId, value, hitDice) VALUES(99, 76, '8d12'); 
INSERT INTO Action(creatureId, name, description, attackBonus, damageDice, damageBonus, actionCategory) VALUES(99, 'Trampling Charge', 'If the elephant moves at least 20 ft. straight toward a creature and then hits it with a gore attack on the same turn, that target must succeed on a DC 12 Strength saving throw or be knocked prone. If the target is prone, the elephant can make one stomp attack against it as a bonus action.', 0, NULL, NULL, 'SpecialAbility'); 
INSERT INTO Action(creatureId, name, description, attackBonus, damageDice, damageBonus, actionCategory) VALUES(99, 'Gore', 'Melee Weapon Attack: +8 to hit, reach 5 ft., one target. Hit: 19 (3d8 + 6) piercing damage.', 8, '3d8', 6, 'Action'); 
INSERT INTO Action(creatureId, name, description, attackBonus, damageDice, damageBonus, actionCategory) VALUES(99, 'Stomp', 'Melee Weapon Attack: +8 to hit, reach 5 ft., one prone creature. Hit: 22 (3d10 + 6) bludgeoning damage.', 8, '3d10', 6, 'Action'); 
INSERT INTO Creature VALUES(100, 'Elk', 'Large', 'beast', NULL, 'unaligned', 16, 10, 12, 2, 10, 6, '1/4', 0); 
INSERT INTO Speed(creatureId, name) VALUES(100, '50 ft.'); 
INSERT INTO Sense(creatureId, description) VALUES(100, 'passive Perception 10'); 
INSERT INTO Language(creatureId, name) VALUES(100, ''); 
INSERT INTO ArmorClass(creatureId, value) VALUES(100, 10); 
INSERT INTO HitPoint(creatureId, value, hitDice) VALUES(100, 13, '2d10'); 
INSERT INTO Action(creatureId, name, description, attackBonus, damageDice, damageBonus, actionCategory) VALUES(100, 'Charge', 'If the elk moves at least 20 ft. straight toward a target and then hits it with a ram attack on the same turn, the target takes an extra 7 (2d6) damage. If the target is a creature, it must succeed on a DC 13 Strength saving throw or be knocked prone.', 0, '2d6', NULL, 'SpecialAbility'); 
INSERT INTO Action(creatureId, name, description, attackBonus, damageDice, damageBonus, actionCategory) VALUES(100, 'Ram', 'Melee Weapon Attack: +5 to hit, reach 5 ft., one target. Hit: 6 (1d6 + 3) bludgeoning damage.', 0, NULL, NULL, 'Action'); 
INSERT INTO Action(creatureId, name, description, attackBonus, damageDice, damageBonus, actionCategory) VALUES(100, 'Hooves', 'Melee Weapon Attack: +5 to hit, reach 5 ft., one prone creature. Hit: 8 (2d4 + 3) bludgeoning damage.', 0, NULL, NULL, 'Action'); 
INSERT INTO Creature VALUES(101, 'Erinyes', 'Medium', 'fiend', 'devil', 'lawful evil', 18, 16, 18, 14, 14, 18, '12', 0); 
INSERT INTO Speed(creatureId, name) VALUES(101, '30 ft.'); 
INSERT INTO Speed(creatureId, name) VALUES(101, ' fly 60 ft.'); 
INSERT INTO SavingThrow (creatureId, name, modifier) VALUES(101, 'dexterity_save', 7); 
INSERT INTO SavingThrow (creatureId, name, modifier) VALUES(101, 'constitution_save', 8); 
INSERT INTO SavingThrow (creatureId, name, modifier) VALUES(101, 'wisdom_save', 6); 
INSERT INTO SavingThrow (creatureId, name, modifier) VALUES(101, 'charisma_save', 8); 
INSERT INTO DamageResistance(creatureId, name) VALUES(101, 'cold; bludgeoning, piercing, and slashing from nonmagical weapons that aren''t silvered'); 
INSERT INTO DamageImmunity(creatureId, name) VALUES(101, 'fire, poison'); 
INSERT INTO ConditionImmunity(creatureId, name) VALUES(101, 'poisoned'); 
INSERT INTO Sense(creatureId, description) VALUES(101, 'truesight 120 ft.'); 
INSERT INTO Sense(creatureId, description) VALUES(101, ' passive Perception 12'); 
INSERT INTO Language(creatureId, name) VALUES(101, 'Infernal'); 
INSERT INTO Language(creatureId, name) VALUES(101, ' telepathy 120 ft.'); 
INSERT INTO ArmorClass(creatureId, value) VALUES(101, 18); 
INSERT INTO HitPoint(creatureId, value, hitDice) VALUES(101, 153, '18d8'); 
INSERT INTO Action(creatureId, name, description, attackBonus, damageDice, damageBonus, actionCategory) VALUES(101, 'Hellish Weapons', 'The erinyes''s weapon attacks are magical and deal an extra 13 (3d8) poison damage on a hit (included in the attacks).', 0, NULL, NULL, 'SpecialAbility'); 
INSERT INTO Action(creatureId, name, description, attackBonus, damageDice, damageBonus, actionCategory) VALUES(101, 'Magic Resistance', 'The erinyes has advantage on saving throws against spells and other magical effects.', 0, NULL, NULL, 'SpecialAbility'); 
INSERT INTO Action(creatureId, name, description, attackBonus, damageDice, damageBonus, actionCategory) VALUES(101, 'Multiattack', 'The erinyes makes three attacks', 0, NULL, NULL, 'Action'); 
INSERT INTO Action(creatureId, name, description, attackBonus, damageDice, damageBonus, actionCategory) VALUES(101, 'Longsword', 'Melee Weapon Attack: +8 to hit, reach 5 ft., one target. Hit: 8 (1d8 + 4) slashing damage, or 9 (1d10 + 4) slashing damage if used with two hands, plus 13 (3d8) poison damage.', 8, '1d8 + 3d8', 4, 'Action'); 
INSERT INTO Action(creatureId, name, description, attackBonus, damageDice, damageBonus, actionCategory) VALUES(101, 'Longbow', 'Ranged Weapon Attack: +7 to hit, range 150/600 ft., one target. Hit: 7 (1d8 + 3) piercing damage plus 13 (3d8) poison damage, and the target must succeed on a DC 14 Constitution saving throw or be poisoned. The poison lasts until it is removed by the lesser restoration spell or similar magic.', 7, '1d8 + 3d8', 3, 'Action'); 
INSERT INTO Action(creatureId, name, description, attackBonus, damageDice, damageBonus, actionCategory) VALUES(101, 'Variant: Rope of Entanglement', 'Some erinyes carry a rope of entanglement (detailed in the Dungeon Master''s Guide). When such an erinyes uses its Multiattack, the erinyes can use the rope in place of two of the attacks.', 0, NULL, NULL, 'Action'); 
INSERT INTO Action(creatureId, name, description, attackBonus, damageDice, damageBonus, actionCategory) VALUES(101, 'Parry', 'The erinyes adds 4 to its AC against one melee attack that would hit it. To do so, the erinyes must see the attacker and be wielding a melee weapon.', 0, NULL, NULL, 'Reaction'); 
INSERT INTO Creature VALUES(102, 'Ettercap', 'Medium', 'monstrosity', NULL, 'neutral evil', 14, 15, 13, 7, 12, 8, '2', 0); 
INSERT INTO Speed(creatureId, name) VALUES(102, '30 ft.'); 
INSERT INTO Speed(creatureId, name) VALUES(102, ' climb 30 ft.'); 
INSERT INTO Skill (creatureId, name, modifier) VALUES(102, 'perception', 3); 
INSERT INTO Skill (creatureId, name, modifier) VALUES(102, 'stealth', 4); 
INSERT INTO Skill (creatureId, name, modifier) VALUES(102, 'survival', 3); 
INSERT INTO Sense(creatureId, description) VALUES(102, 'darkvision 60 ft.'); 
INSERT INTO Sense(creatureId, description) VALUES(102, ' passive Perception 13'); 
INSERT INTO Language(creatureId, name) VALUES(102, ''); 
INSERT INTO ArmorClass(creatureId, value) VALUES(102, 13); 
INSERT INTO HitPoint(creatureId, value, hitDice) VALUES(102, 44, '8d8'); 
INSERT INTO Action(creatureId, name, description, attackBonus, damageDice, damageBonus, actionCategory) VALUES(102, 'Spider Climb', 'The ettercap can climb difficult surfaces, including upside down on ceilings, without needing to make an ability check.', 0, NULL, NULL, 'SpecialAbility'); 
INSERT INTO Action(creatureId, name, description, attackBonus, damageDice, damageBonus, actionCategory) VALUES(102, 'Web Sense', 'While in contact with a web, the ettercap knows the exact location of any other creature in contact with the same web.', 0, NULL, NULL, 'SpecialAbility'); 
INSERT INTO Action(creatureId, name, description, attackBonus, damageDice, damageBonus, actionCategory) VALUES(102, 'Web Walker', 'The ettercap ignores movement restrictions caused by webbing.', 0, NULL, NULL, 'SpecialAbility'); 
INSERT INTO Action(creatureId, name, description, attackBonus, damageDice, damageBonus, actionCategory) VALUES(102, 'Multiattack', 'The ettercap makes two attacks: one with its bite and one with its claws.', 0, NULL, NULL, 'Action'); 
INSERT INTO Action(creatureId, name, description, attackBonus, damageDice, damageBonus, actionCategory) VALUES(102, 'Bite', 'Melee Weapon Attack: +4 to hit, reach 5 ft., one creature. Hit: 6 (1d8 + 2) piercing damage plus 4 (1d8) poison damage. The target must succeed on a DC 11 Constitution saving throw or be poisoned for 1 minute. The creature can repeat the saving throw at the end of each of its turns, ending the effect on itself on a success.', 4, '1d8', 2, 'Action'); 
INSERT INTO Action(creatureId, name, description, attackBonus, damageDice, damageBonus, actionCategory) VALUES(102, 'Claws', 'Melee Weapon Attack: +4 to hit, reach 5 ft., one target. Hit: 7 (2d4 + 2) slashing damage.', 4, '2d4', 2, 'Action'); 
INSERT INTO Action(creatureId, name, description, attackBonus, damageDice, damageBonus, actionCategory) VALUES(102, 'Web (Recharge 5-6)', 'Ranged Weapon Attack: +4 to hit, range 30/60 ft., one Large or smaller creature. Hit: The creature is restrained by webbing. As an action, the restrained creature can make a DC 11 Strength check, escaping from the webbing on a success. The effect ends if the webbing is destroyed. The webbing has AC 10, 5 hit points, is vulnerable to fire damage and immune to bludgeoning damage.', 0, NULL, NULL, 'Action'); 
INSERT INTO Action(creatureId, name, description, attackBonus, damageDice, damageBonus, actionCategory) VALUES(102, 'Variant: Web Garrote', 'Melee Weapon Attack: +4 to hit, reach 5 ft., one Medium or Small creature against which the ettercap has advantage on the attack roll. Hit: 4 (1d4 + 2) bludgeoning damage, and the target is grappled (escape DC 12). Until this grapple ends, the target can''t breathe, and the ettercap has advantage on attack rolls against it.', 4, '1d4', 2, 'Action'); 
INSERT INTO Creature VALUES(103, 'Ettin', 'Large', 'giant', NULL, 'chaotic evil', 21, 8, 17, 6, 10, 8, '4', 0); 
INSERT INTO Speed(creatureId, name) VALUES(103, '40 ft.'); 
INSERT INTO Skill (creatureId, name, modifier) VALUES(103, 'perception', 4); 
INSERT INTO Sense(creatureId, description) VALUES(103, 'darkvision 60 ft.'); 
INSERT INTO Sense(creatureId, description) VALUES(103, ' passive Perception 14'); 
INSERT INTO Language(creatureId, name) VALUES(103, 'Giant'); 
INSERT INTO Language(creatureId, name) VALUES(103, ' Orc'); 
INSERT INTO ArmorClass(creatureId, value) VALUES(103, 12); 
INSERT INTO HitPoint(creatureId, value, hitDice) VALUES(103, 85, '10d10'); 
INSERT INTO Action(creatureId, name, description, attackBonus, damageDice, damageBonus, actionCategory) VALUES(103, 'Two Heads', 'The ettin has advantage on Wisdom (Perception) checks and on saving throws against being blinded, charmed, deafened, frightened, stunned, and knocked unconscious.', 0, NULL, NULL, 'SpecialAbility'); 
INSERT INTO Action(creatureId, name, description, attackBonus, damageDice, damageBonus, actionCategory) VALUES(103, 'Wakeful', 'When one of the ettin''s heads is asleep, its other head is awake.', 0, NULL, NULL, 'SpecialAbility'); 
INSERT INTO Action(creatureId, name, description, attackBonus, damageDice, damageBonus, actionCategory) VALUES(103, 'Multiattack', 'The ettin makes two attacks: one with its battleaxe and one with its morningstar.', 0, NULL, NULL, 'Action'); 
INSERT INTO Action(creatureId, name, description, attackBonus, damageDice, damageBonus, actionCategory) VALUES(103, 'Battleaxe', 'Melee Weapon Attack: +7 to hit, reach 5 ft., one target. Hit: 14 (2d8 + 5) slashing damage.', 7, '2d8', 5, 'Action'); 
INSERT INTO Action(creatureId, name, description, attackBonus, damageDice, damageBonus, actionCategory) VALUES(103, 'Morningstar', 'Melee Weapon Attack: +7 to hit, reach 5 ft., one target. Hit: 14 (2d8 + 5) piercing damage.', 7, '2d8', 5, 'Action'); 
INSERT INTO Creature VALUES(104, 'Fire Elemental', 'Large', 'elemental', NULL, 'neutral', 10, 17, 16, 6, 10, 7, '5', 0); 
INSERT INTO Speed(creatureId, name) VALUES(104, '50 ft.'); 
INSERT INTO DamageResistance(creatureId, name) VALUES(104, 'bludgeoning, piercing, and slashing from nonmagical weapons'); 
INSERT INTO DamageImmunity(creatureId, name) VALUES(104, 'fire, poison'); 
INSERT INTO ConditionImmunity(creatureId, name) VALUES(104, 'exhaustion, grappled, paralyzed, petrified, poisoned, prone, restrained, unconscious'); 
INSERT INTO Sense(creatureId, description) VALUES(104, 'darkvision 60 ft.'); 
INSERT INTO Sense(creatureId, description) VALUES(104, ' passive Perception 10'); 
INSERT INTO Language(creatureId, name) VALUES(104, 'Ignan'); 
INSERT INTO ArmorClass(creatureId, value) VALUES(104, 13); 
INSERT INTO HitPoint(creatureId, value, hitDice) VALUES(104, 102, '12d10'); 
INSERT INTO Action(creatureId, name, description, attackBonus, damageDice, damageBonus, actionCategory) VALUES(104, 'Fire Form', 'The elemental can move through a space as narrow as 1 inch wide without squeezing. A creature that touches the elemental or hits it with a melee attack while within 5 ft. of it takes 5 (1d10) fire damage. In addition, the elemental can enter a hostile creature''s space and stop there. The first time it enters a creature''s space on a turn, that creature takes 5 (1d10) fire damage and catches fire; until someone takes an action to douse the fire, the creature takes 5 (1d10) fire damage at the start of each of its turns.', 0, '5d10', NULL, 'SpecialAbility'); 
INSERT INTO Action(creatureId, name, description, attackBonus, damageDice, damageBonus, actionCategory) VALUES(104, 'Illumination', 'The elemental sheds bright light in a 30-foot radius and dim light in an additional 30 ft..', 0, NULL, NULL, 'SpecialAbility'); 
INSERT INTO Action(creatureId, name, description, attackBonus, damageDice, damageBonus, actionCategory) VALUES(104, 'Water Susceptibility', 'For every 5 ft. the elemental moves in water, or for every gallon of water splashed on it, it takes 1 cold damage.', 0, NULL, NULL, 'SpecialAbility'); 
INSERT INTO Action(creatureId, name, description, attackBonus, damageDice, damageBonus, actionCategory) VALUES(104, 'Multiattack', 'The elemental makes two touch attacks.', 0, NULL, NULL, 'Action'); 
INSERT INTO Action(creatureId, name, description, attackBonus, damageDice, damageBonus, actionCategory) VALUES(104, 'Touch', 'Melee Weapon Attack: +6 to hit, reach 5 ft., one target. Hit: 10 (2d6 + 3) fire damage. If the target is a creature or a flammable object, it ignites. Until a creature takes an action to douse the fire, the target takes 5 (1d10) fire damage at the start of each of its turns.', 6, '2d6', 3, 'Action'); 
INSERT INTO Creature VALUES(105, 'Fire Giant', 'Huge', 'giant', NULL, 'lawful evil', 25, 9, 23, 10, 14, 13, '9', 0); 
INSERT INTO Speed(creatureId, name) VALUES(105, '30 ft.'); 
INSERT INTO SavingThrow (creatureId, name, modifier) VALUES(105, 'dexterity_save', 3); 
INSERT INTO SavingThrow (creatureId, name, modifier) VALUES(105, 'constitution_save', 10); 
INSERT INTO SavingThrow (creatureId, name, modifier) VALUES(105, 'charisma_save', 5); 
INSERT INTO Skill (creatureId, name, modifier) VALUES(105, 'athletics', 11); 
INSERT INTO Skill (creatureId, name, modifier) VALUES(105, 'perception', 6); 
INSERT INTO DamageImmunity(creatureId, name) VALUES(105, 'fire'); 
INSERT INTO Sense(creatureId, description) VALUES(105, 'passive Perception 16'); 
INSERT INTO Language(creatureId, name) VALUES(105, 'Giant'); 
INSERT INTO ArmorClass(creatureId, value) VALUES(105, 18); 
INSERT INTO HitPoint(creatureId, value, hitDice) VALUES(105, 162, '13d12'); 
INSERT INTO Action(creatureId, name, description, attackBonus, damageDice, damageBonus, actionCategory) VALUES(105, 'Multiattack', 'The giant makes two greatsword attacks.', 0, NULL, NULL, 'Action'); 
INSERT INTO Action(creatureId, name, description, attackBonus, damageDice, damageBonus, actionCategory) VALUES(105, 'Greatsword', 'Melee Weapon Attack: +11 to hit, reach 10 ft., one target. Hit: 28 (6d6 + 7) slashing damage.', 11, '6d6', 7, 'Action'); 
INSERT INTO Action(creatureId, name, description, attackBonus, damageDice, damageBonus, actionCategory) VALUES(105, 'Rock', 'Ranged Weapon Attack: +11 to hit, range 60/240 ft., one target. Hit: 29 (4d10 + 7) bludgeoning damage.', 11, '4d10', 7, 'Action'); 
INSERT INTO Creature VALUES(106, 'Flesh Golem', 'Medium', 'construct', NULL, 'neutral', 19, 9, 18, 6, 10, 5, '5', 0); 
INSERT INTO Speed(creatureId, name) VALUES(106, '30 ft.'); 
INSERT INTO DamageImmunity(creatureId, name) VALUES(106, 'lightning, poison; bludgeoning, piercing, and slashing from nonmagical weapons that aren''t adamantine'); 
INSERT INTO ConditionImmunity(creatureId, name) VALUES(106, 'charmed, exhaustion, frightened, paralyzed, petrified, poisoned'); 
INSERT INTO Sense(creatureId, description) VALUES(106, 'darkvision 60 ft.'); 
INSERT INTO Sense(creatureId, description) VALUES(106, ' passive Perception 10'); 
INSERT INTO Language(creatureId, name) VALUES(106, 'understands the languages of its creator but can''t speak'); 
INSERT INTO ArmorClass(creatureId, value) VALUES(106, 9); 
INSERT INTO HitPoint(creatureId, value, hitDice) VALUES(106, 93, '11d8'); 
INSERT INTO Action(creatureId, name, description, attackBonus, damageDice, damageBonus, actionCategory) VALUES(106, 'Berserk', 'Whenever the golem starts its turn with 40 hit points or fewer, roll a d6. On a 6, the golem goes berserk. On each of its turns while berserk, the golem attacks the nearest creature it can see. If no creature is near enough to move to and attack, the golem attacks an object, with preference for an object smaller than itself. Once the golem goes berserk, it continues to do so until it is destroyed or regains all its hit points.
The golem''s creator, if within 60 feet of the berserk golem, can try to calm it by speaking firmly and persuasively. The golem must be able to hear its creator, who must take an action to make a DC 15 Charisma (Persuasion) check. If the check succeeds, the golem ceases being berserk. If it takes damage while still at 40 hit points or fewer, the golem might go berserk again.', 0, NULL, NULL, 'SpecialAbility'); 
INSERT INTO Action(creatureId, name, description, attackBonus, damageDice, damageBonus, actionCategory) VALUES(106, 'Aversion of Fire', 'If the golem takes fire damage, it has disadvantage on attack rolls and ability checks until the end of its next turn.', 0, NULL, NULL, 'SpecialAbility'); 
INSERT INTO Action(creatureId, name, description, attackBonus, damageDice, damageBonus, actionCategory) VALUES(106, 'Immutable Form', 'The golem is immune to any spell or effect that would alter its form.', 0, NULL, NULL, 'SpecialAbility'); 
INSERT INTO Action(creatureId, name, description, attackBonus, damageDice, damageBonus, actionCategory) VALUES(106, 'Lightning Absorption', 'Whenever the golem is subjected to lightning damage, it takes no damage and instead regains a number of hit points equal to the lightning damage dealt.', 0, NULL, NULL, 'SpecialAbility'); 
INSERT INTO Action(creatureId, name, description, attackBonus, damageDice, damageBonus, actionCategory) VALUES(106, 'Magic Resistance', 'The golem has advantage on saving throws against spells and other magical effects.', 0, NULL, NULL, 'SpecialAbility'); 
INSERT INTO Action(creatureId, name, description, attackBonus, damageDice, damageBonus, actionCategory) VALUES(106, 'Magic Weapons', 'The golem''s weapon attacks are magical.', 0, NULL, NULL, 'SpecialAbility'); 
INSERT INTO Action(creatureId, name, description, attackBonus, damageDice, damageBonus, actionCategory) VALUES(106, 'Multiattack', 'The golem makes two slam attacks.', 0, NULL, NULL, 'Action'); 
INSERT INTO Action(creatureId, name, description, attackBonus, damageDice, damageBonus, actionCategory) VALUES(106, 'Slam', 'Melee Weapon Attack: +7 to hit, reach 5 ft., one target. Hit: 13 (2d8 + 4) bludgeoning damage.', 7, '2d8', 4, 'Action'); 
INSERT INTO Creature VALUES(107, 'Flying Snake', 'Tiny', 'beast', NULL, 'unaligned', 4, 18, 11, 2, 12, 5, '1/8', 0); 
INSERT INTO Speed(creatureId, name) VALUES(107, '30 ft.'); 
INSERT INTO Speed(creatureId, name) VALUES(107, ' fly 60 ft.'); 
INSERT INTO Speed(creatureId, name) VALUES(107, ' swim 30 ft.'); 
INSERT INTO Sense(creatureId, description) VALUES(107, 'blindsight 10 ft.'); 
INSERT INTO Sense(creatureId, description) VALUES(107, ' passive Perception 11'); 
INSERT INTO Language(creatureId, name) VALUES(107, ''); 
INSERT INTO ArmorClass(creatureId, value) VALUES(107, 14); 
INSERT INTO HitPoint(creatureId, value, hitDice) VALUES(107, 5, '2d4'); 
INSERT INTO Action(creatureId, name, description, attackBonus, damageDice, damageBonus, actionCategory) VALUES(107, 'Flyby', 'The snake doesn''t provoke opportunity attacks when it flies out of an enemy''s reach.', 0, NULL, NULL, 'SpecialAbility'); 
INSERT INTO Action(creatureId, name, description, attackBonus, damageDice, damageBonus, actionCategory) VALUES(107, 'Bite', 'Melee Weapon Attack: +6 to hit, reach 5 ft., one target. Hit: 1 piercing damage plus 7 (3d4) poison damage.', 6, NULL, 1, 'Action'); 
INSERT INTO Creature VALUES(108, 'Flying Sword', 'Small', 'construct', NULL, 'unaligned', 12, 15, 11, 1, 5, 1, '1/4', 0); 
INSERT INTO Speed(creatureId, name) VALUES(108, '0 ft.'); 
INSERT INTO Speed(creatureId, name) VALUES(108, ' fly 50 ft. It can hover.'); 
INSERT INTO SavingThrow (creatureId, name, modifier) VALUES(108, 'dexterity_save', 4); 
INSERT INTO DamageImmunity(creatureId, name) VALUES(108, 'poison, psychic'); 
INSERT INTO ConditionImmunity(creatureId, name) VALUES(108, 'blinded, charmed, deafened, frightened, paralyzed, petrified, poisoned'); 
INSERT INTO Sense(creatureId, description) VALUES(108, 'blindsight 60 ft. (blind beyond this radius)'); 
INSERT INTO Sense(creatureId, description) VALUES(108, ' passive Perception 7'); 
INSERT INTO Language(creatureId, name) VALUES(108, ''); 
INSERT INTO ArmorClass(creatureId, value) VALUES(108, 17); 
INSERT INTO HitPoint(creatureId, value, hitDice) VALUES(108, 17, '5d6'); 
INSERT INTO Action(creatureId, name, description, attackBonus, damageDice, damageBonus, actionCategory) VALUES(108, 'Antimagic Susceptibility', 'The sword is incapacitated while in the area of an antimagic field. If targeted by dispel magic, the sword must succeed on a Constitution saving throw against the caster''s spell save DC or fall unconscious for 1 minute.', 0, NULL, NULL, 'SpecialAbility'); 
INSERT INTO Action(creatureId, name, description, attackBonus, damageDice, damageBonus, actionCategory) VALUES(108, 'False Appearance', 'While the sword remains motionless and isn''t flying, it is indistinguishable from a normal sword.', 0, NULL, NULL, 'SpecialAbility'); 
INSERT INTO Action(creatureId, name, description, attackBonus, damageDice, damageBonus, actionCategory) VALUES(108, 'Longsword', 'Melee Weapon Attack: +3 to hit, reach 5 ft., one target. Hit: 5 (1d8 + 1) slashing damage.', 3, '1d8', 1, 'Action'); 
INSERT INTO Creature VALUES(109, 'Frog', 'Tiny', 'beast', NULL, 'unaligned', 1, 13, 8, 1, 8, 3, '0', 0); 
INSERT INTO Speed(creatureId, name) VALUES(109, '20 ft.'); 
INSERT INTO Speed(creatureId, name) VALUES(109, ' swim 20 ft.'); 
INSERT INTO Skill (creatureId, name, modifier) VALUES(109, 'perception', 1); 
INSERT INTO Skill (creatureId, name, modifier) VALUES(109, 'stealth', 3); 
INSERT INTO Sense(creatureId, description) VALUES(109, 'darkvision 30 ft.'); 
INSERT INTO Sense(creatureId, description) VALUES(109, ' passive Perception 11'); 
INSERT INTO Language(creatureId, name) VALUES(109, ''); 
INSERT INTO ArmorClass(creatureId, value) VALUES(109, 11); 
INSERT INTO HitPoint(creatureId, value, hitDice) VALUES(109, 1, '1d4'); 
INSERT INTO Action(creatureId, name, description, attackBonus, damageDice, damageBonus, actionCategory) VALUES(109, 'Amphibious', 'The frog can breathe air and water', 0, NULL, NULL, 'SpecialAbility'); 
INSERT INTO Action(creatureId, name, description, attackBonus, damageDice, damageBonus, actionCategory) VALUES(109, 'Standing Leap', 'The frog''s long jump is up to 10 ft. and its high jump is up to 5 ft., with or without a running start.', 0, NULL, NULL, 'SpecialAbility'); 
INSERT INTO Creature VALUES(110, 'Frost Giant', 'Huge', 'giant', NULL, 'neutral evil', 23, 9, 21, 9, 10, 12, '8', 0); 
INSERT INTO Speed(creatureId, name) VALUES(110, '40 ft.'); 
INSERT INTO SavingThrow (creatureId, name, modifier) VALUES(110, 'constitution_save', 8); 
INSERT INTO SavingThrow (creatureId, name, modifier) VALUES(110, 'wisdom_save', 3); 
INSERT INTO SavingThrow (creatureId, name, modifier) VALUES(110, 'charisma_save', 4); 
INSERT INTO Skill (creatureId, name, modifier) VALUES(110, 'athletics', 9); 
INSERT INTO Skill (creatureId, name, modifier) VALUES(110, 'perception', 3); 
INSERT INTO DamageImmunity(creatureId, name) VALUES(110, 'cold'); 
INSERT INTO Sense(creatureId, description) VALUES(110, 'passive Perception 13'); 
INSERT INTO Language(creatureId, name) VALUES(110, 'Giant'); 
INSERT INTO ArmorClass(creatureId, value) VALUES(110, 15); 
INSERT INTO HitPoint(creatureId, value, hitDice) VALUES(110, 138, '12d12'); 
INSERT INTO Action(creatureId, name, description, attackBonus, damageDice, damageBonus, actionCategory) VALUES(110, 'Multiattack', 'The giant makes two greataxe attacks.', 0, NULL, NULL, 'Action'); 
INSERT INTO Action(creatureId, name, description, attackBonus, damageDice, damageBonus, actionCategory) VALUES(110, 'Greataxe', 'Melee Weapon Attack: +9 to hit, reach 10 ft., one target. Hit: 25 (3d12 + 6) slashing damage.', 9, '3d12', 6, 'Action'); 
INSERT INTO Action(creatureId, name, description, attackBonus, damageDice, damageBonus, actionCategory) VALUES(110, 'Rock', 'Ranged Weapon Attack: +9 to hit, range 60/240 ft., one target. Hit: 28 (4d10 + 6) bludgeoning damage.', 9, '4d10', 6, 'Action'); 
INSERT INTO Creature VALUES(111, 'Gargoyle', 'Medium', 'elemental', NULL, 'chaotic evil', 15, 11, 16, 6, 11, 7, '2', 0); 
INSERT INTO Speed(creatureId, name) VALUES(111, '30 ft.'); 
INSERT INTO Speed(creatureId, name) VALUES(111, ' fly 60 ft.'); 
INSERT INTO DamageResistance(creatureId, name) VALUES(111, 'bludgeoning, piercing, and slashing from nonmagical weapons that aren''t adamantine'); 
INSERT INTO DamageImmunity(creatureId, name) VALUES(111, 'poison'); 
INSERT INTO ConditionImmunity(creatureId, name) VALUES(111, 'exhaustion, petrified, poisoned'); 
INSERT INTO Sense(creatureId, description) VALUES(111, 'darkvision 60 ft.'); 
INSERT INTO Sense(creatureId, description) VALUES(111, ' passive Perception 10'); 
INSERT INTO Language(creatureId, name) VALUES(111, 'Terran'); 
INSERT INTO ArmorClass(creatureId, value) VALUES(111, 15); 
INSERT INTO HitPoint(creatureId, value, hitDice) VALUES(111, 52, '7d8'); 
INSERT INTO Action(creatureId, name, description, attackBonus, damageDice, damageBonus, actionCategory) VALUES(111, 'False Appearance', 'While the gargoyle remains motion less, it is indistinguishable from an inanimate statue.', 0, NULL, NULL, 'SpecialAbility'); 
INSERT INTO Action(creatureId, name, description, attackBonus, damageDice, damageBonus, actionCategory) VALUES(111, 'Multiattack', 'The gargoyle makes two attacks: one with its bite and one with its claws.', 0, NULL, NULL, 'Action'); 
INSERT INTO Action(creatureId, name, description, attackBonus, damageDice, damageBonus, actionCategory) VALUES(111, 'Bite', 'Melee Weapon Attack: +4 to hit, reach 5 ft., one target. Hit: 5 (1d6 + 2) piercing damage.', 4, '1d6', 2, 'Action'); 
INSERT INTO Action(creatureId, name, description, attackBonus, damageDice, damageBonus, actionCategory) VALUES(111, 'Claws', 'Melee Weapon Attack: +4 to hit, reach 5 ft., one target. Hit: 5 (1d6 + 2) slashing damage.', 4, '1d6', 2, 'Action'); 
INSERT INTO Creature VALUES(112, 'Gelatinous Cube', 'Large', 'ooze', NULL, 'unaligned', 14, 3, 20, 1, 6, 1, '2', 0); 
INSERT INTO Speed(creatureId, name) VALUES(112, '15 ft.'); 
INSERT INTO ConditionImmunity(creatureId, name) VALUES(112, 'blinded, charmed, deafened, exhaustion, frightened, prone'); 
INSERT INTO Sense(creatureId, description) VALUES(112, 'blindsight 60 ft. (blind beyond this radius)'); 
INSERT INTO Sense(creatureId, description) VALUES(112, ' passive Perception 8'); 
INSERT INTO Language(creatureId, name) VALUES(112, ''); 
INSERT INTO ArmorClass(creatureId, value) VALUES(112, 6); 
INSERT INTO HitPoint(creatureId, value, hitDice) VALUES(112, 84, '8d10'); 
INSERT INTO Action(creatureId, name, description, attackBonus, damageDice, damageBonus, actionCategory) VALUES(112, 'Ooze Cube', 'The cube takes up its entire space. Other creatures can enter the space, but a creature that does so is subjected to the cube''s Engulf and has disadvantage on the saving throw.
Creatures inside the cube can be seen but have total cover.
A creature within 5 feet of the cube can take an action to pull a creature or object out of the cube. Doing so requires a successful DC 12 Strength check, and the creature making the attempt takes 10 (3d6) acid damage.
The cube can hold only one Large creature or up to four Medium or smaller creatures inside it at a time.', 0, NULL, NULL, 'SpecialAbility'); 
INSERT INTO Action(creatureId, name, description, attackBonus, damageDice, damageBonus, actionCategory) VALUES(112, 'Transparent', 'Even when the cube is in plain sight, it takes a successful DC 15 Wisdom (Perception) check to spot a cube that has neither moved nor attacked. A creature that tries to enter the cube''s space while unaware of the cube is surprised by the cube.', 0, NULL, NULL, 'SpecialAbility'); 
INSERT INTO Action(creatureId, name, description, attackBonus, damageDice, damageBonus, actionCategory) VALUES(112, 'Pseudopod', 'Melee Weapon Attack: +4 to hit, reach 5 ft., one creature. Hit: 10 (3d6) acid damage.', 4, '3d6', NULL, 'Action'); 
INSERT INTO Action(creatureId, name, description, attackBonus, damageDice, damageBonus, actionCategory) VALUES(112, 'Engulf', 'The cube moves up to its speed. While doing so, it can enter Large or smaller creatures'' spaces. Whenever the cube enters a creature''s space, the creature must make a DC 12 Dexterity saving throw.
On a successful save, the creature can choose to be pushed 5 feet back or to the side of the cube. A creature that chooses not to be pushed suffers the consequences of a failed saving throw.
On a failed save, the cube enters the creature''s space, and the creature takes 10 (3d6) acid damage and is engulfed. The engulfed creature can''t breathe, is restrained, and takes 21 (6d6) acid damage at the start of each of the cube''s turns. When the cube moves, the engulfed creature moves with it.
An engulfed creature can try to escape by taking an action to make a DC 12 Strength check. On a success, the creature escapes and enters a space of its choice within 5 feet of the cube.', 0, NULL, NULL, 'Action'); 
INSERT INTO Creature VALUES(113, 'Ghast', 'Medium', 'undead', NULL, 'chaotic evil', 16, 17, 10, 11, 10, 8, '2', 0); 
INSERT INTO Speed(creatureId, name) VALUES(113, '30 ft.'); 
INSERT INTO DamageImmunity(creatureId, name) VALUES(113, 'necrotic'); 
INSERT INTO ConditionImmunity(creatureId, name) VALUES(113, 'poisoned'); 
INSERT INTO Sense(creatureId, description) VALUES(113, 'darkvision 60 ft.'); 
INSERT INTO Sense(creatureId, description) VALUES(113, ' passive Perception 10'); 
INSERT INTO Language(creatureId, name) VALUES(113, 'Common'); 
INSERT INTO ArmorClass(creatureId, value) VALUES(113, 13); 
INSERT INTO HitPoint(creatureId, value, hitDice) VALUES(113, 36, '8d8'); 
INSERT INTO Action(creatureId, name, description, attackBonus, damageDice, damageBonus, actionCategory) VALUES(113, 'Stench', 'Any creature that starts its turn within 5 ft. of the ghast must succeed on a DC 10 Constitution saving throw or be poisoned until the start of its next turn. On a successful saving throw, the creature is immune to the ghast''s Stench for 24 hours.', 0, NULL, NULL, 'SpecialAbility'); 
INSERT INTO Action(creatureId, name, description, attackBonus, damageDice, damageBonus, actionCategory) VALUES(113, 'Turn Defiance', 'The ghast and any ghouls within 30 ft. of it have advantage on saving throws against effects that turn undead.', 0, NULL, NULL, 'SpecialAbility'); 
INSERT INTO Action(creatureId, name, description, attackBonus, damageDice, damageBonus, actionCategory) VALUES(113, 'Bite', 'Melee Weapon Attack: +3 to hit, reach 5 ft., one creature. Hit: 12 (2d8 + 3) piercing damage.', 3, '2d8', 3, 'Action'); 
INSERT INTO Action(creatureId, name, description, attackBonus, damageDice, damageBonus, actionCategory) VALUES(113, 'Claws', 'Melee Weapon Attack: +5 to hit, reach 5 ft., one target. Hit: 10 (2d6 + 3) slashing damage. If the target is a creature other than an undead, it must succeed on a DC 10 Constitution saving throw or be paralyzed for 1 minute. The target can repeat the saving throw at the end of each of its turns, ending the effect on itself on a success.', 5, '2d6', 3, 'Action'); 
INSERT INTO Creature VALUES(114, 'Ghost', 'Medium', 'undead', NULL, 'any alignment', 7, 13, 10, 10, 12, 17, '4', 0); 
INSERT INTO Speed(creatureId, name) VALUES(114, '0 ft.'); 
INSERT INTO Speed(creatureId, name) VALUES(114, ' fly 40 ft. It can hover.'); 
INSERT INTO DamageResistance(creatureId, name) VALUES(114, 'acid, fire, lightning, thunder; bludgeoning, piercing, and slashing from nonmagical weapons'); 
INSERT INTO DamageImmunity(creatureId, name) VALUES(114, 'cold, necrotic, poison'); 
INSERT INTO ConditionImmunity(creatureId, name) VALUES(114, 'charmed, exhaustion, frightened, grappled, paralyzed, petrified, poisoned, prone, restrained'); 
INSERT INTO Sense(creatureId, description) VALUES(114, 'darkvision 60 ft.'); 
INSERT INTO Sense(creatureId, description) VALUES(114, ' passive Perception 11'); 
INSERT INTO Language(creatureId, name) VALUES(114, 'any languages it knew in life'); 
INSERT INTO ArmorClass(creatureId, value) VALUES(114, 11); 
INSERT INTO HitPoint(creatureId, value, hitDice) VALUES(114, 45, '10d8'); 
INSERT INTO Action(creatureId, name, description, attackBonus, damageDice, damageBonus, actionCategory) VALUES(114, 'Ethereal Sight', 'The ghost can see 60 ft. into the Ethereal Plane when it is on the Material Plane, and vice versa.', 0, NULL, NULL, 'SpecialAbility'); 
INSERT INTO Action(creatureId, name, description, attackBonus, damageDice, damageBonus, actionCategory) VALUES(114, 'Incorporeal Movement', 'The ghost can move through other creatures and objects as if they were difficult terrain. It takes 5 (1d10) force damage if it ends its turn inside an object.', 0, NULL, NULL, 'SpecialAbility'); 
INSERT INTO Action(creatureId, name, description, attackBonus, damageDice, damageBonus, actionCategory) VALUES(114, 'Withering Touch', 'Melee Weapon Attack: +5 to hit, reach 5 ft., one target. Hit: 17 (4d6 + 3) necrotic damage.', 5, '4d6', 3, 'Action'); 
INSERT INTO Action(creatureId, name, description, attackBonus, damageDice, damageBonus, actionCategory) VALUES(114, 'Etherealness', 'The ghost enters the Ethereal Plane from the Material Plane, or vice versa. It is visible on the Material Plane while it is in the Border Ethereal, and vice versa, yet it can''t affect or be affected by anything on the other plane.', 0, NULL, NULL, 'Action'); 
INSERT INTO Action(creatureId, name, description, attackBonus, damageDice, damageBonus, actionCategory) VALUES(114, 'Horrifying Visage', 'Each non-undead creature within 60 ft. of the ghost that can see it must succeed on a DC 13 Wisdom saving throw or be frightened for 1 minute. If the save fails by 5 or more, the target also ages 1d4 _ 10 years. A frightened target can repeat the saving throw at the end of each of its turns, ending the frightened condition on itself on a success. If a target''s saving throw is successful or the effect ends for it, the target is immune to this ghost''s Horrifying Visage for the next 24 hours. The aging effect can be reversed with a greater restoration spell, but only within 24 hours of it occurring.', 0, NULL, NULL, 'Action'); 
INSERT INTO Action(creatureId, name, description, attackBonus, damageDice, damageBonus, actionCategory) VALUES(114, 'Possession (Recharge 6)', 'One humanoid that the ghost can see within 5 ft. of it must succeed on a DC 13 Charisma saving throw or be possessed by the ghost; the ghost then disappears, and the target is incapacitated and loses control of its body. The ghost now controls the body but doesn''t deprive the target of awareness. The ghost can''t be targeted by any attack, spell, or other effect, except ones that turn undead, and it retains its alignment, Intelligence, Wisdom, Charisma, and immunity to being charmed and frightened. It otherwise uses the possessed target''s statistics, but doesn''t gain access to the target''s knowledge, class features, or proficiencies.
The possession lasts until the body drops to 0 hit points, the ghost ends it as a bonus action, or the ghost is turned or forced out by an effect like the dispel evil and good spell. When the possession ends, the ghost reappears in an unoccupied space within 5 ft. of the body. The target is immune to this ghost''s Possession for 24 hours after succeeding on the saving throw or after the possession ends.', 0, NULL, NULL, 'Action'); 
INSERT INTO Creature VALUES(115, 'Ghoul', 'Medium', 'undead', NULL, 'chaotic evil', 13, 15, 10, 7, 10, 6, '1', 0); 
INSERT INTO Speed(creatureId, name) VALUES(115, '30 ft.'); 
INSERT INTO ConditionImmunity(creatureId, name) VALUES(115, 'poisoned'); 
INSERT INTO Sense(creatureId, description) VALUES(115, 'darkvision 60 ft.'); 
INSERT INTO Sense(creatureId, description) VALUES(115, ' passive Perception 10'); 
INSERT INTO Language(creatureId, name) VALUES(115, 'Common'); 
INSERT INTO ArmorClass(creatureId, value) VALUES(115, 12); 
INSERT INTO HitPoint(creatureId, value, hitDice) VALUES(115, 22, '5d8'); 
INSERT INTO Action(creatureId, name, description, attackBonus, damageDice, damageBonus, actionCategory) VALUES(115, 'Bite', 'Melee Weapon Attack: +2 to hit, reach 5 ft., one creature. Hit: 9 (2d6 + 2) piercing damage.', 2, '2d6', 2, 'Action'); 
INSERT INTO Action(creatureId, name, description, attackBonus, damageDice, damageBonus, actionCategory) VALUES(115, 'Claws', 'Melee Weapon Attack: +4 to hit, reach 5 ft., one target. Hit: 7 (2d4 + 2) slashing damage. If the target is a creature other than an elf or undead, it must succeed on a DC 10 Constitution saving throw or be paralyzed for 1 minute. The target can repeat the saving throw at the end of each of its turns, ending the effect on itself on a success.', 0, NULL, NULL, 'Action'); 
INSERT INTO Creature VALUES(116, 'Giant Ape', 'Huge', 'beast', NULL, 'unaligned', 23, 14, 18, 7, 12, 7, '7', 0); 
INSERT INTO Speed(creatureId, name) VALUES(116, '40 ft.'); 
INSERT INTO Speed(creatureId, name) VALUES(116, ' climb 40 ft.'); 
INSERT INTO Skill (creatureId, name, modifier) VALUES(116, 'athletics', 9); 
INSERT INTO Skill (creatureId, name, modifier) VALUES(116, 'perception', 4); 
INSERT INTO Sense(creatureId, description) VALUES(116, 'passive Perception 14'); 
INSERT INTO Language(creatureId, name) VALUES(116, ''); 
INSERT INTO ArmorClass(creatureId, value) VALUES(116, 12); 
INSERT INTO HitPoint(creatureId, value, hitDice) VALUES(116, 157, '15d12'); 
INSERT INTO Action(creatureId, name, description, attackBonus, damageDice, damageBonus, actionCategory) VALUES(116, 'Multiattack', 'The ape makes two fist attacks.', 0, NULL, NULL, 'Action'); 
INSERT INTO Action(creatureId, name, description, attackBonus, damageDice, damageBonus, actionCategory) VALUES(116, 'Fist', 'Melee Weapon Attack: +9 to hit, reach 10 ft., one target. Hit: 22 (3d10 + 6) bludgeoning damage.', 9, '3d10', 6, 'Action'); 
INSERT INTO Action(creatureId, name, description, attackBonus, damageDice, damageBonus, actionCategory) VALUES(116, 'Rock', 'Ranged Weapon Attack: +9 to hit, range 50/100 ft., one target. Hit: 30 (7d6 + 6) bludgeoning damage.', 9, '7d6', 6, 'Action'); 
INSERT INTO Creature VALUES(117, 'Giant Badger', 'Medium', 'beast', NULL, 'unaligned', 13, 10, 15, 2, 12, 5, '1/4', 0); 
INSERT INTO Speed(creatureId, name) VALUES(117, '30 ft.'); 
INSERT INTO Speed(creatureId, name) VALUES(117, ' burrow 10 ft.'); 
INSERT INTO Sense(creatureId, description) VALUES(117, 'darkvision 30 ft.'); 
INSERT INTO Sense(creatureId, description) VALUES(117, ' passive Perception 11'); 
INSERT INTO Language(creatureId, name) VALUES(117, ''); 
INSERT INTO ArmorClass(creatureId, value) VALUES(117, 10); 
INSERT INTO HitPoint(creatureId, value, hitDice) VALUES(117, 13, '2d8'); 
INSERT INTO Action(creatureId, name, description, attackBonus, damageDice, damageBonus, actionCategory) VALUES(117, 'Keen Smell', 'The badger has advantage on Wisdom (Perception) checks that rely on smell.', 0, NULL, NULL, 'SpecialAbility'); 
INSERT INTO Action(creatureId, name, description, attackBonus, damageDice, damageBonus, actionCategory) VALUES(117, 'Multiattack', 'The badger makes two attacks: one with its bite and one with its claws.', 0, NULL, NULL, 'Action'); 
INSERT INTO Action(creatureId, name, description, attackBonus, damageDice, damageBonus, actionCategory) VALUES(117, 'Bite', 'Melee Weapon Attack: +3 to hit, reach 5 ft., one target. Hit: 4 (1d6 + 1) piercing damage.', 3, '1d6', 1, 'Action'); 
INSERT INTO Action(creatureId, name, description, attackBonus, damageDice, damageBonus, actionCategory) VALUES(117, 'Claws', 'Melee Weapon Attack: +3 to hit, reach 5 ft., one target. Hit: 6 (2d4 + 1) slashing damage.', 3, '2d4', 1, 'Action'); 
INSERT INTO Creature VALUES(118, 'Giant Bat', 'Large', 'beast', NULL, 'unaligned', 15, 16, 11, 2, 12, 6, '1/4', 0); 
INSERT INTO Speed(creatureId, name) VALUES(118, '10 ft.'); 
INSERT INTO Speed(creatureId, name) VALUES(118, ' fly 60 ft.'); 
INSERT INTO Sense(creatureId, description) VALUES(118, 'blindsight 60 ft.'); 
INSERT INTO Sense(creatureId, description) VALUES(118, ' passive Perception 11'); 
INSERT INTO Language(creatureId, name) VALUES(118, ''); 
INSERT INTO ArmorClass(creatureId, value) VALUES(118, 13); 
INSERT INTO HitPoint(creatureId, value, hitDice) VALUES(118, 22, '4d10'); 
INSERT INTO Action(creatureId, name, description, attackBonus, damageDice, damageBonus, actionCategory) VALUES(118, 'Echolocation', 'The bat can''t use its blindsight while deafened.', 0, NULL, NULL, 'SpecialAbility'); 
INSERT INTO Action(creatureId, name, description, attackBonus, damageDice, damageBonus, actionCategory) VALUES(118, 'Keen Hearing', 'The bat has advantage on Wisdom (Perception) checks that rely on hearing.', 0, NULL, NULL, 'SpecialAbility'); 
INSERT INTO Action(creatureId, name, description, attackBonus, damageDice, damageBonus, actionCategory) VALUES(118, 'Bite', 'Melee Weapon Attack: +4 to hit, reach 5 ft., one creature. Hit: 5 (1d6 + 2) piercing damage.', 4, '1d6', 2, 'Action'); 
INSERT INTO Creature VALUES(119, 'Giant Boar', 'Large', 'beast', NULL, 'unaligned', 17, 10, 16, 2, 7, 5, '2', 0); 
INSERT INTO Speed(creatureId, name) VALUES(119, '40 ft.'); 
INSERT INTO Sense(creatureId, description) VALUES(119, 'passive Perception 8'); 
INSERT INTO Language(creatureId, name) VALUES(119, ''); 
INSERT INTO ArmorClass(creatureId, value) VALUES(119, 12); 
INSERT INTO HitPoint(creatureId, value, hitDice) VALUES(119, 42, '5d10'); 
INSERT INTO Action(creatureId, name, description, attackBonus, damageDice, damageBonus, actionCategory) VALUES(119, 'Charge', 'If the boar moves at least 20 ft. straight toward a target and then hits it with a tusk attack on the same turn, the target takes an extra 7 (2d6) slashing damage. If the target is a creature, it must succeed on a DC 13 Strength saving throw or be knocked prone.', 0, '2d6', NULL, 'SpecialAbility'); 
INSERT INTO Action(creatureId, name, description, attackBonus, damageDice, damageBonus, actionCategory) VALUES(119, 'Relentless (Recharges after a Short or Long Rest)', 'If the boar takes 10 damage or less that would reduce it to 0 hit points, it is reduced to 1 hit point instead.', 0, NULL, NULL, 'SpecialAbility'); 
INSERT INTO Action(creatureId, name, description, attackBonus, damageDice, damageBonus, actionCategory) VALUES(119, 'Tusk', 'Melee Weapon Attack: +5 to hit, reach 5 ft., one target. Hit: 10 (2d6 + 3) slashing damage.', 5, '2d6', 3, 'Action'); 
INSERT INTO Creature VALUES(120, 'Giant Centipede', 'Small', 'beast', NULL, 'unaligned', 5, 14, 12, 1, 7, 3, '1/4', 0); 
INSERT INTO Speed(creatureId, name) VALUES(120, '30 ft.'); 
INSERT INTO Speed(creatureId, name) VALUES(120, ' climb 30 ft.'); 
INSERT INTO Sense(creatureId, description) VALUES(120, 'blindsight 30 ft.'); 
INSERT INTO Sense(creatureId, description) VALUES(120, ' passive Perception 8'); 
INSERT INTO Language(creatureId, name) VALUES(120, ''); 
INSERT INTO ArmorClass(creatureId, value) VALUES(120, 13); 
INSERT INTO HitPoint(creatureId, value, hitDice) VALUES(120, 4, '1d6'); 
INSERT INTO Action(creatureId, name, description, attackBonus, damageDice, damageBonus, actionCategory) VALUES(120, 'Bite', 'Bite. Melee Weapon Attack: +4 to hit, reach 5 ft., one creature. Hit: 4 (1d4 + 2) piercing damage, and the target must succeed on a DC 11 Constitution saving throw or take 10 (3d6) poison damage. If the poison damage reduces the target to 0 hit points, the target is stable but poisoned for 1 hour, even after regaining hit points, and is paralyzed while poisoned in this way.', 4, '1d4', 2, 'Action'); 
INSERT INTO Creature VALUES(121, 'Giant Constrictor Snake', 'Huge', 'beast', NULL, 'unaligned', 19, 14, 12, 1, 10, 3, '2', 0); 
INSERT INTO Speed(creatureId, name) VALUES(121, '30 ft.'); 
INSERT INTO Speed(creatureId, name) VALUES(121, ' swim 30 ft.'); 
INSERT INTO Skill (creatureId, name, modifier) VALUES(121, 'perception', 2); 
INSERT INTO Sense(creatureId, description) VALUES(121, 'blindsight 10 ft.'); 
INSERT INTO Sense(creatureId, description) VALUES(121, ' passive Perception 12'); 
INSERT INTO Language(creatureId, name) VALUES(121, ''); 
INSERT INTO ArmorClass(creatureId, value) VALUES(121, 12); 
INSERT INTO HitPoint(creatureId, value, hitDice) VALUES(121, 60, '8d12'); 
INSERT INTO Action(creatureId, name, description, attackBonus, damageDice, damageBonus, actionCategory) VALUES(121, 'Bite', 'Melee Weapon Attack: +6 to hit, reach 10 ft., one creature. Hit: 11 (2d6 + 4) piercing damage.', 6, '2d6', 4, 'Action'); 
INSERT INTO Action(creatureId, name, description, attackBonus, damageDice, damageBonus, actionCategory) VALUES(121, 'Constrict', 'Melee Weapon Attack: +6 to hit, reach 5 ft., one creature. Hit: 13 (2d8 + 4) bludgeoning damage, and the target is grappled (escape DC 16). Until this grapple ends, the creature is restrained, and the snake can''t constrict another target.', 6, '2d8', 4, 'Action'); 
INSERT INTO Creature VALUES(122, 'Giant Crab', 'Medium', 'beast', NULL, 'unaligned', 13, 15, 11, 1, 9, 3, '1/8', 0); 
INSERT INTO Speed(creatureId, name) VALUES(122, '30 ft.'); 
INSERT INTO Speed(creatureId, name) VALUES(122, ' swim 30 ft.'); 
INSERT INTO Skill (creatureId, name, modifier) VALUES(122, 'stealth', 4); 
INSERT INTO Sense(creatureId, description) VALUES(122, 'blindsight 30 ft.'); 
INSERT INTO Sense(creatureId, description) VALUES(122, ' passive Perception 9'); 
INSERT INTO Language(creatureId, name) VALUES(122, ''); 
INSERT INTO ArmorClass(creatureId, value) VALUES(122, 15); 
INSERT INTO HitPoint(creatureId, value, hitDice) VALUES(122, 13, '3d8'); 
INSERT INTO Action(creatureId, name, description, attackBonus, damageDice, damageBonus, actionCategory) VALUES(122, 'Amphibious', 'The crab can breathe air and water.', 0, NULL, NULL, 'SpecialAbility'); 
INSERT INTO Action(creatureId, name, description, attackBonus, damageDice, damageBonus, actionCategory) VALUES(122, 'Claw', 'Melee Weapon Attack: +3 to hit, reach 5 ft., one target. Hit: 4 (1d6 + 1) bludgeoning damage, and the target is grappled (escape DC 11). The crab has two claws, each of which can grapple only one target.', 3, '1d6', 1, 'Action'); 
INSERT INTO Creature VALUES(123, 'Giant Crocodile', 'Huge', 'beast', NULL, 'unaligned', 21, 9, 17, 2, 10, 7, '5', 0); 
INSERT INTO Speed(creatureId, name) VALUES(123, '30 ft.'); 
INSERT INTO Speed(creatureId, name) VALUES(123, ' swim 50 ft.'); 
INSERT INTO Skill (creatureId, name, modifier) VALUES(123, 'stealth', 5); 
INSERT INTO Sense(creatureId, description) VALUES(123, 'passive Perception 10'); 
INSERT INTO Language(creatureId, name) VALUES(123, ''); 
INSERT INTO ArmorClass(creatureId, value) VALUES(123, 14); 
INSERT INTO HitPoint(creatureId, value, hitDice) VALUES(123, 85, '9d12'); 
INSERT INTO Action(creatureId, name, description, attackBonus, damageDice, damageBonus, actionCategory) VALUES(123, 'Hold Breath', 'The crocodile can hold its breath for 30 minutes.', 0, NULL, NULL, 'SpecialAbility'); 
INSERT INTO Action(creatureId, name, description, attackBonus, damageDice, damageBonus, actionCategory) VALUES(123, 'Multiattack', 'The crocodile makes two attacks: one with its bite and one with its tail.', 0, NULL, NULL, 'Action'); 
INSERT INTO Action(creatureId, name, description, attackBonus, damageDice, damageBonus, actionCategory) VALUES(123, 'Bite', 'Melee Weapon Attack: +8 to hit, reach 5 ft., one target. Hit: 21 (3d10 + 5) piercing damage, and the target is grappled (escape DC 16). Until this grapple ends, the target is restrained, and the crocodile can''t bite another target.', 8, '3d10', 5, 'Action'); 
INSERT INTO Action(creatureId, name, description, attackBonus, damageDice, damageBonus, actionCategory) VALUES(123, 'Tail', 'Melee Weapon Attack: +8 to hit, reach 10 ft., one target not grappled by the crocodile. Hit: 14 (2d8 + 5) bludgeoning damage. If the target is a creature, it must succeed on a DC 16 Strength saving throw or be knocked prone.', 8, '2d8', 5, 'Action'); 
INSERT INTO Creature VALUES(124, 'Giant Eagle', 'Large', 'beast', NULL, 'neutral good', 16, 17, 13, 8, 14, 10, '1', 0); 
INSERT INTO Speed(creatureId, name) VALUES(124, '10 ft.'); 
INSERT INTO Speed(creatureId, name) VALUES(124, ' fly 80 ft.'); 
INSERT INTO Skill (creatureId, name, modifier) VALUES(124, 'perception', 4); 
INSERT INTO Sense(creatureId, description) VALUES(124, 'passive Perception 14'); 
INSERT INTO Language(creatureId, name) VALUES(124, 'Giant Eagle'); 
INSERT INTO Language(creatureId, name) VALUES(124, ' understands Common and Auran but can''t speak'); 
INSERT INTO ArmorClass(creatureId, value) VALUES(124, 13); 
INSERT INTO HitPoint(creatureId, value, hitDice) VALUES(124, 26, '4d10'); 
INSERT INTO Action(creatureId, name, description, attackBonus, damageDice, damageBonus, actionCategory) VALUES(124, 'Keen Sight', 'The eagle has advantage on Wisdom (Perception) checks that rely on sight.', 0, NULL, NULL, 'SpecialAbility'); 
INSERT INTO Action(creatureId, name, description, attackBonus, damageDice, damageBonus, actionCategory) VALUES(124, 'Multiattack', 'The eagle makes two attacks: one with its beak and one with its talons.', 0, NULL, NULL, 'Action'); 
INSERT INTO Action(creatureId, name, description, attackBonus, damageDice, damageBonus, actionCategory) VALUES(124, 'Beak', 'Melee Weapon Attack: +5 to hit, reach 5 ft., one target. Hit: 6 (1d6 + 3) piercing damage.', 5, '1d6', 3, 'Action'); 
INSERT INTO Action(creatureId, name, description, attackBonus, damageDice, damageBonus, actionCategory) VALUES(124, 'Talons', 'Melee Weapon Attack: +5 to hit, reach 5 ft., one target. Hit: 10 (2d6 + 3) slashing damage.', 5, '2d6', 3, 'Action'); 
INSERT INTO Creature VALUES(125, 'Giant Elk', 'Huge', 'beast', NULL, 'unaligned', 19, 16, 14, 7, 14, 10, '2', 0); 
INSERT INTO Speed(creatureId, name) VALUES(125, '60 ft.'); 
INSERT INTO Skill (creatureId, name, modifier) VALUES(125, 'perception', 4); 
INSERT INTO Sense(creatureId, description) VALUES(125, 'passive Perception 14'); 
INSERT INTO Language(creatureId, name) VALUES(125, 'Giant Elk'); 
INSERT INTO Language(creatureId, name) VALUES(125, ' understands Common'); 
INSERT INTO Language(creatureId, name) VALUES(125, ' Elvish'); 
INSERT INTO Language(creatureId, name) VALUES(125, ' and Sylvan but can''t speak'); 
INSERT INTO ArmorClass(creatureId, value) VALUES(125, 15); 
INSERT INTO HitPoint(creatureId, value, hitDice) VALUES(125, 42, '5d12'); 
INSERT INTO Action(creatureId, name, description, attackBonus, damageDice, damageBonus, actionCategory) VALUES(125, 'Charge', 'If the elk moves at least 20 ft. straight toward a target and then hits it with a ram attack on the same turn, the target takes an extra 7 (2d6) damage. If the target is a creature, it must succeed on a DC 14 Strength saving throw or be knocked prone.', 0, '2d6', NULL, 'SpecialAbility'); 
INSERT INTO Action(creatureId, name, description, attackBonus, damageDice, damageBonus, actionCategory) VALUES(125, 'Ram', 'Melee Weapon Attack: +6 to hit, reach 10 ft., one target. Hit: 11 (2d6 + 4) bludgeoning damage.', 6, '2d6', 4, 'Action'); 
INSERT INTO Action(creatureId, name, description, attackBonus, damageDice, damageBonus, actionCategory) VALUES(125, 'Hooves', 'Melee Weapon Attack: +6 to hit, reach 5 ft., one prone creature. Hit: 22 (4d8 + 4) bludgeoning damage.', 6, '4d8', 4, 'Action'); 
INSERT INTO Creature VALUES(126, 'Giant Fire Beetle', 'Small', 'beast', NULL, 'unaligned', 8, 10, 12, 1, 7, 3, '0', 0); 
INSERT INTO Speed(creatureId, name) VALUES(126, '30 ft.'); 
INSERT INTO Sense(creatureId, description) VALUES(126, 'blindsight 30 ft.'); 
INSERT INTO Sense(creatureId, description) VALUES(126, ' passive Perception 8'); 
INSERT INTO Language(creatureId, name) VALUES(126, ''); 
INSERT INTO ArmorClass(creatureId, value) VALUES(126, 13); 
INSERT INTO HitPoint(creatureId, value, hitDice) VALUES(126, 4, '1d6'); 
INSERT INTO Action(creatureId, name, description, attackBonus, damageDice, damageBonus, actionCategory) VALUES(126, 'Illumination', 'The beetle sheds bright light in a 10-foot radius and dim light for an additional 10 ft..', 0, NULL, NULL, 'SpecialAbility'); 
INSERT INTO Action(creatureId, name, description, attackBonus, damageDice, damageBonus, actionCategory) VALUES(126, 'Bite', 'Melee Weapon Attack: +1 to hit, reach 5 ft., one target. Hit: 2 (1d6 — 1) slashing damage.', 1, '1d6', -1, 'Action'); 
INSERT INTO Creature VALUES(127, 'Giant Frog', 'Medium', 'beast', NULL, 'unaligned', 12, 13, 11, 2, 10, 3, '1/4', 0); 
INSERT INTO Speed(creatureId, name) VALUES(127, '30 ft.'); 
INSERT INTO Speed(creatureId, name) VALUES(127, ' swim 30 ft.'); 
INSERT INTO Skill (creatureId, name, modifier) VALUES(127, 'perception', 2); 
INSERT INTO Skill (creatureId, name, modifier) VALUES(127, 'stealth', 3); 
INSERT INTO Sense(creatureId, description) VALUES(127, 'darkvision 30 ft.'); 
INSERT INTO Sense(creatureId, description) VALUES(127, ' passive Perception 12'); 
INSERT INTO Language(creatureId, name) VALUES(127, ''); 
INSERT INTO ArmorClass(creatureId, value) VALUES(127, 11); 
INSERT INTO HitPoint(creatureId, value, hitDice) VALUES(127, 18, '4d8'); 
INSERT INTO Action(creatureId, name, description, attackBonus, damageDice, damageBonus, actionCategory) VALUES(127, 'Amphibious', 'The frog can breathe air and water', 0, NULL, NULL, 'SpecialAbility'); 
INSERT INTO Action(creatureId, name, description, attackBonus, damageDice, damageBonus, actionCategory) VALUES(127, 'Standing Leap', 'The frog''s long jump is up to 20 ft. and its high jump is up to 10 ft., with or without a running start.', 0, NULL, NULL, 'SpecialAbility'); 
INSERT INTO Action(creatureId, name, description, attackBonus, damageDice, damageBonus, actionCategory) VALUES(127, 'Bite', 'Melee Weapon Attack: +3 to hit, reach 5 ft., one target. Hit: 4 (1d6 + 1) piercing damage, and the target is grappled (escape DC 11). Until this grapple ends, the target is restrained, and the frog can''t bite another target.', 3, '1d6', 1, 'Action'); 
INSERT INTO Action(creatureId, name, description, attackBonus, damageDice, damageBonus, actionCategory) VALUES(127, 'Swallow', 'The frog makes one bite attack against a Small or smaller target it is grappling. If the attack hits, the target is swallowed, and the grapple ends. The swallowed target is blinded and restrained, it has total cover against attacks and other effects outside the frog, and it takes 5 (2d4) acid damage at the start of each of the frog''s turns. The frog can have only one target swallowed at a time. If the frog dies, a swallowed creature is no longer restrained by it and can escape from the corpse using 5 ft. of movement, exiting prone.', 0, NULL, NULL, 'Action'); 
INSERT INTO Creature VALUES(128, 'Giant Goat', 'Large', 'beast', NULL, 'unaligned', 17, 11, 12, 3, 12, 6, '1/2', 0); 
INSERT INTO Speed(creatureId, name) VALUES(128, '40 ft.'); 
INSERT INTO Sense(creatureId, description) VALUES(128, 'passive Perception 11'); 
INSERT INTO Language(creatureId, name) VALUES(128, ''); 
INSERT INTO ArmorClass(creatureId, value) VALUES(128, 11); 
INSERT INTO HitPoint(creatureId, value, hitDice) VALUES(128, 19, '3d10'); 
INSERT INTO Action(creatureId, name, description, attackBonus, damageDice, damageBonus, actionCategory) VALUES(128, 'Charge', 'If the goat moves at least 20 ft. straight toward a target and then hits it with a ram attack on the same turn, the target takes an extra 5 (2d4) bludgeoning damage. If the target is a creature, it must succeed on a DC 13 Strength saving throw or be knocked prone.', 0, '2d4', NULL, 'SpecialAbility'); 
INSERT INTO Action(creatureId, name, description, attackBonus, damageDice, damageBonus, actionCategory) VALUES(128, 'Sure-Footed', 'The goat has advantage on Strength and Dexterity saving throws made against effects that would knock it prone.', 0, NULL, NULL, 'SpecialAbility'); 
INSERT INTO Action(creatureId, name, description, attackBonus, damageDice, damageBonus, actionCategory) VALUES(128, 'Ram', 'Melee Weapon Attack: +5 to hit, reach 5 ft., one target. Hit: 8 (2d4 + 3) bludgeoning damage.', 5, '2d4', 3, 'Action'); 
INSERT INTO Creature VALUES(129, 'Giant Hyena', 'Large', 'beast', NULL, 'unaligned', 16, 14, 14, 2, 12, 7, '1', 0); 
INSERT INTO Speed(creatureId, name) VALUES(129, '50 ft.'); 
INSERT INTO Skill (creatureId, name, modifier) VALUES(129, 'perception', 3); 
INSERT INTO Sense(creatureId, description) VALUES(129, 'passive Perception 13'); 
INSERT INTO Language(creatureId, name) VALUES(129, ''); 
INSERT INTO ArmorClass(creatureId, value) VALUES(129, 12); 
INSERT INTO HitPoint(creatureId, value, hitDice) VALUES(129, 45, '6d10'); 
INSERT INTO Action(creatureId, name, description, attackBonus, damageDice, damageBonus, actionCategory) VALUES(129, 'Rampage', 'When the hyena reduces a creature to 0 hit points with a melee attack on its turn, the hyena can take a bonus action to move up to half its speed and make a bite attack.', 0, NULL, NULL, 'SpecialAbility'); 
INSERT INTO Action(creatureId, name, description, attackBonus, damageDice, damageBonus, actionCategory) VALUES(129, 'Bite', 'Melee Weapon Attack: +5 to hit, reach 5 ft., one target. Hit: 10 (2d6 + 3) piercing damage.', 5, '1d6', 3, 'Action'); 
INSERT INTO Creature VALUES(130, 'Giant Lizard', 'Large', 'beast', NULL, 'unaligned', 15, 12, 13, 2, 10, 5, '1/4', 0); 
INSERT INTO Speed(creatureId, name) VALUES(130, '30 ft.'); 
INSERT INTO Speed(creatureId, name) VALUES(130, ' climb 30 ft.'); 
INSERT INTO Sense(creatureId, description) VALUES(130, 'darkvision 30 ft.'); 
INSERT INTO Sense(creatureId, description) VALUES(130, ' passive Perception 10'); 
INSERT INTO Language(creatureId, name) VALUES(130, ''); 
INSERT INTO ArmorClass(creatureId, value) VALUES(130, 12); 
INSERT INTO HitPoint(creatureId, value, hitDice) VALUES(130, 19, '3d10'); 
INSERT INTO Action(creatureId, name, description, attackBonus, damageDice, damageBonus, actionCategory) VALUES(130, 'Variant: Hold Breath', 'The lizard can hold its breath for 15 minutes. (A lizard that has this trait also has a swimming speed of 30 feet.)', 0, NULL, NULL, 'SpecialAbility'); 
INSERT INTO Action(creatureId, name, description, attackBonus, damageDice, damageBonus, actionCategory) VALUES(130, 'Variant: Spider Climb', 'The lizard can climb difficult surfaces, including upside down on ceilings, without needing to make an ability check.', 0, NULL, NULL, 'SpecialAbility'); 
INSERT INTO Action(creatureId, name, description, attackBonus, damageDice, damageBonus, actionCategory) VALUES(130, 'Bite', 'Melee Weapon Attack: +4 to hit, reach 5 ft., one target. Hit: 6 (1d8 + 2) piercing damage.', 4, '1d8', 2, 'Action'); 
INSERT INTO Creature VALUES(131, 'Giant Octopus', 'Large', 'beast', NULL, 'unaligned', 17, 13, 13, 4, 10, 4, '1', 0); 
INSERT INTO Speed(creatureId, name) VALUES(131, '10 ft.'); 
INSERT INTO Speed(creatureId, name) VALUES(131, ' swim 60 ft.'); 
INSERT INTO Skill (creatureId, name, modifier) VALUES(131, 'perception', 4); 
INSERT INTO Skill (creatureId, name, modifier) VALUES(131, 'stealth', 5); 
INSERT INTO Sense(creatureId, description) VALUES(131, 'darkvision 60 ft.'); 
INSERT INTO Sense(creatureId, description) VALUES(131, ' passive Perception 14'); 
INSERT INTO Language(creatureId, name) VALUES(131, ''); 
INSERT INTO ArmorClass(creatureId, value) VALUES(131, 11); 
INSERT INTO HitPoint(creatureId, value, hitDice) VALUES(131, 52, '8d10'); 
INSERT INTO Action(creatureId, name, description, attackBonus, damageDice, damageBonus, actionCategory) VALUES(131, 'Hold Breath', 'While out of water, the octopus can hold its breath for 1 hour.', 0, NULL, NULL, 'SpecialAbility'); 
INSERT INTO Action(creatureId, name, description, attackBonus, damageDice, damageBonus, actionCategory) VALUES(131, 'Underwater Camouflage', 'The octopus has advantage on Dexterity (Stealth) checks made while underwater.', 0, NULL, NULL, 'SpecialAbility'); 
INSERT INTO Action(creatureId, name, description, attackBonus, damageDice, damageBonus, actionCategory) VALUES(131, 'Water Breathing', 'The octopus can breathe only underwater.', 0, NULL, NULL, 'SpecialAbility'); 
INSERT INTO Action(creatureId, name, description, attackBonus, damageDice, damageBonus, actionCategory) VALUES(131, 'Tentacles', 'Melee Weapon Attack: +5 to hit, reach 15 ft., one target. Hit: 10 (2d6 + 3) bludgeoning damage. If the target is a creature, it is grappled (escape DC 16). Until this grapple ends, the target is restrained, and the octopus can''t use its tentacles on another target.', 5, '2d6', 3, 'Action'); 
INSERT INTO Action(creatureId, name, description, attackBonus, damageDice, damageBonus, actionCategory) VALUES(131, 'Ink Cloud (Recharges after a Short or Long Rest)', 'A 20-foot-radius cloud of ink extends all around the octopus if it is underwater. The area is heavily obscured for 1 minute, although a significant current can disperse the ink. After releasing the ink, the octopus can use the Dash action as a bonus action.', 0, NULL, NULL, 'Action'); 
INSERT INTO Creature VALUES(132, 'Giant Owl', 'Large', 'beast', NULL, 'neutral', 13, 15, 12, 8, 13, 10, '1/4', 0); 
INSERT INTO Speed(creatureId, name) VALUES(132, '5 ft.'); 
INSERT INTO Speed(creatureId, name) VALUES(132, ' fly 60 ft.'); 
INSERT INTO Skill (creatureId, name, modifier) VALUES(132, 'perception', 5); 
INSERT INTO Skill (creatureId, name, modifier) VALUES(132, 'stealth', 4); 
INSERT INTO Sense(creatureId, description) VALUES(132, 'darkvision 120 ft.'); 
INSERT INTO Sense(creatureId, description) VALUES(132, ' passive Perception 15'); 
INSERT INTO Language(creatureId, name) VALUES(132, 'Giant Owl'); 
INSERT INTO Language(creatureId, name) VALUES(132, ' understands Common'); 
INSERT INTO Language(creatureId, name) VALUES(132, ' Elvish'); 
INSERT INTO Language(creatureId, name) VALUES(132, ' and Sylvan but can''t speak'); 
INSERT INTO ArmorClass(creatureId, value) VALUES(132, 12); 
INSERT INTO HitPoint(creatureId, value, hitDice) VALUES(132, 19, '3d10'); 
INSERT INTO Action(creatureId, name, description, attackBonus, damageDice, damageBonus, actionCategory) VALUES(132, 'Flyby', 'The owl doesn''t provoke opportunity attacks when it flies out of an enemy''s reach.', 0, NULL, NULL, 'SpecialAbility'); 
INSERT INTO Action(creatureId, name, description, attackBonus, damageDice, damageBonus, actionCategory) VALUES(132, 'Keen Hearing and Sight', 'The owl has advantage on Wisdom (Perception) checks that rely on hearing or sight.', 0, NULL, NULL, 'SpecialAbility'); 
INSERT INTO Action(creatureId, name, description, attackBonus, damageDice, damageBonus, actionCategory) VALUES(132, 'Talons', 'Melee Weapon Attack: +3 to hit, reach 5 ft., one target. Hit: 8 (2d6 + 1) slashing damage.', 3, '2d6', 1, 'Action'); 
INSERT INTO Creature VALUES(133, 'Giant Poisonous Snake', 'Medium', 'beast', NULL, 'unaligned', 10, 18, 13, 2, 10, 3, '1/4', 0); 
INSERT INTO Speed(creatureId, name) VALUES(133, '30 ft.'); 
INSERT INTO Speed(creatureId, name) VALUES(133, ' swim 30 ft.'); 
INSERT INTO Skill (creatureId, name, modifier) VALUES(133, 'perception', 2); 
INSERT INTO Sense(creatureId, description) VALUES(133, 'blindsight 10 ft.'); 
INSERT INTO Sense(creatureId, description) VALUES(133, ' passive Perception 12'); 
INSERT INTO Language(creatureId, name) VALUES(133, ''); 
INSERT INTO ArmorClass(creatureId, value) VALUES(133, 14); 
INSERT INTO HitPoint(creatureId, value, hitDice) VALUES(133, 11, '2d8'); 
INSERT INTO Action(creatureId, name, description, attackBonus, damageDice, damageBonus, actionCategory) VALUES(133, 'Bite', 'Melee Weapon Attack: +6 to hit, reach 10 ft., one target. Hit: 6 (1d4 + 4) piercing damage, and the target must make a DC 11 Constitution saving throw, taking 10 (3d6) poison damage on a failed save, or half as much damage on a successful one.', 6, '1d4', 4, 'Action'); 
INSERT INTO Creature VALUES(134, 'Giant Rat', 'Small', 'beast', NULL, 'unaligned', 7, 15, 11, 2, 10, 4, '1/8', 0); 
INSERT INTO Speed(creatureId, name) VALUES(134, '30 ft.'); 
INSERT INTO Sense(creatureId, description) VALUES(134, 'darkvision 60 ft.'); 
INSERT INTO Sense(creatureId, description) VALUES(134, ' passive Perception 10'); 
INSERT INTO Language(creatureId, name) VALUES(134, ''); 
INSERT INTO ArmorClass(creatureId, value) VALUES(134, 12); 
INSERT INTO HitPoint(creatureId, value, hitDice) VALUES(134, 7, '2d6'); 
INSERT INTO Action(creatureId, name, description, attackBonus, damageDice, damageBonus, actionCategory) VALUES(134, 'Keen Smell', 'The rat has advantage on Wisdom (Perception) checks that rely on smell.', 0, NULL, NULL, 'SpecialAbility'); 
INSERT INTO Action(creatureId, name, description, attackBonus, damageDice, damageBonus, actionCategory) VALUES(134, 'Pack Tactics', 'The rat has advantage on an attack roll against a creature if at least one of the rat''s allies is within 5 ft. of the creature and the ally isn''t incapacitated.', 0, NULL, NULL, 'SpecialAbility'); 
INSERT INTO Action(creatureId, name, description, attackBonus, damageDice, damageBonus, actionCategory) VALUES(134, 'Bite', 'Melee Weapon Attack: +4 to hit, reach 5 ft., one target. Hit: 4 (1d4 + 2) piercing damage.', 4, '1d4', 2, 'Action'); 
INSERT INTO Creature VALUES(135, 'Giant Rat (Diseased)', 'Small', 'beast', NULL, 'unaligned', 7, 15, 11, 2, 10, 4, '1/8', 0); 
INSERT INTO Speed(creatureId, name) VALUES(135, '30 ft.'); 
INSERT INTO Sense(creatureId, description) VALUES(135, 'darkvision 60 ft.'); 
INSERT INTO Sense(creatureId, description) VALUES(135, ' passive Perception 10'); 
INSERT INTO Language(creatureId, name) VALUES(135, ''); 
INSERT INTO ArmorClass(creatureId, value) VALUES(135, 12); 
INSERT INTO HitPoint(creatureId, value, hitDice) VALUES(135, 7, '2d6'); 
INSERT INTO Action(creatureId, name, description, attackBonus, damageDice, damageBonus, actionCategory) VALUES(135, 'Bite', 'Melee Weapon Attack: +4 to hit, reach 5 ft., one target. Hit: 3 (1d4 + 2) piercing damage. If the target is a creature, it must succeed on a DC 10 Constitution saving throw or contract a disease. Until the disease is cured, the target can''t regain hit points except by magical means, and the target''s hit point maximum decreases by 3 (1d6) every 24 hours. If the target''s hit point maximum drops to 0 as a result of this disease, the target dies.', 4, '1d4', 2, 'Action'); 
INSERT INTO Creature VALUES(136, 'Giant Scorpion', 'Large', 'beast', NULL, 'unaligned', 15, 13, 15, 1, 9, 3, '3', 0); 
INSERT INTO Speed(creatureId, name) VALUES(136, '40 ft.'); 
INSERT INTO Sense(creatureId, description) VALUES(136, 'blindsight 60 ft.'); 
INSERT INTO Sense(creatureId, description) VALUES(136, ' passive Perception 9'); 
INSERT INTO Language(creatureId, name) VALUES(136, ''); 
INSERT INTO ArmorClass(creatureId, value) VALUES(136, 15); 
INSERT INTO HitPoint(creatureId, value, hitDice) VALUES(136, 52, '7d10'); 
INSERT INTO Action(creatureId, name, description, attackBonus, damageDice, damageBonus, actionCategory) VALUES(136, 'Claw', 'Melee Weapon Attack: +4 to hit, reach 5 ft., one target. Hit: 6 (1d8 + 2) bludgeoning damage, and the target is grappled (escape DC 12). The scorpion has two claws, each of which can grapple only one target.', 4, '1d8', 2, 'Action'); 
INSERT INTO Action(creatureId, name, description, attackBonus, damageDice, damageBonus, actionCategory) VALUES(136, 'Multiattack', 'The scorpion makes three attacks: two with its claws and one with its sting.', 0, NULL, NULL, 'Action'); 
INSERT INTO Action(creatureId, name, description, attackBonus, damageDice, damageBonus, actionCategory) VALUES(136, 'Sting', 'Melee Weapon Attack: +4 to hit, reach 5 ft., one creature. Hit: 7 (1d10 + 2) piercing damage, and the target must make a DC 12 Constitution saving throw, taking 22 (4d10) poison damage on a failed save, or half as much damage on a successful one.', 4, '1d10', 2, 'Action'); 
INSERT INTO Creature VALUES(137, 'Giant Sea Horse', 'Large', 'beast', NULL, 'unaligned', 12, 15, 11, 2, 12, 5, '1/2', 0); 
INSERT INTO Speed(creatureId, name) VALUES(137, '0 ft.'); 
INSERT INTO Speed(creatureId, name) VALUES(137, ' swim 40 ft.'); 
INSERT INTO Sense(creatureId, description) VALUES(137, 'passive Perception 11'); 
INSERT INTO Language(creatureId, name) VALUES(137, ''); 
INSERT INTO ArmorClass(creatureId, value) VALUES(137, 13); 
INSERT INTO HitPoint(creatureId, value, hitDice) VALUES(137, 16, '3d10'); 
INSERT INTO Action(creatureId, name, description, attackBonus, damageDice, damageBonus, actionCategory) VALUES(137, 'Charge', 'If the sea horse moves at least 20 ft. straight toward a target and then hits it with a ram attack on the same turn, the target takes an extra 7 (2d6) bludgeoning damage. If the target is a creature, it must succeed on a DC 11 Strength saving throw or be knocked prone.', 0, '2d6', NULL, 'SpecialAbility'); 
INSERT INTO Action(creatureId, name, description, attackBonus, damageDice, damageBonus, actionCategory) VALUES(137, 'Water Breathing', 'The sea horse can breathe only underwater.', 0, NULL, NULL, 'SpecialAbility'); 
INSERT INTO Action(creatureId, name, description, attackBonus, damageDice, damageBonus, actionCategory) VALUES(137, 'Ram', 'Melee Weapon Attack: +3 to hit, reach 5 ft., one target. Hit: 4 (1d6 + 1) bludgeoning damage.', 3, '1d6', 1, 'Action'); 
INSERT INTO Creature VALUES(138, 'Giant Shark', 'Huge', 'beast', NULL, 'unaligned', 23, 11, 21, 1, 10, 5, '5', 0); 
INSERT INTO Speed(creatureId, name) VALUES(138, 'swim 50 ft.'); 
INSERT INTO Skill (creatureId, name, modifier) VALUES(138, 'perception', 3); 
INSERT INTO Sense(creatureId, description) VALUES(138, 'blindsight 60 ft.'); 
INSERT INTO Sense(creatureId, description) VALUES(138, ' passive Perception 13'); 
INSERT INTO Language(creatureId, name) VALUES(138, ''); 
INSERT INTO ArmorClass(creatureId, value) VALUES(138, 13); 
INSERT INTO HitPoint(creatureId, value, hitDice) VALUES(138, 126, '11d12'); 
INSERT INTO Action(creatureId, name, description, attackBonus, damageDice, damageBonus, actionCategory) VALUES(138, 'Blood Frenzy', 'The shark has advantage on melee attack rolls against any creature that doesn''t have all its hit points.', 0, NULL, NULL, 'SpecialAbility'); 
INSERT INTO Action(creatureId, name, description, attackBonus, damageDice, damageBonus, actionCategory) VALUES(138, 'Water Breathing', 'The shark can breathe only underwater.', 0, NULL, NULL, 'SpecialAbility'); 
INSERT INTO Action(creatureId, name, description, attackBonus, damageDice, damageBonus, actionCategory) VALUES(138, 'Bite', 'Weapon Attack: +9 to hit, reach 5 ft., one target. Hit: 22 (3d10 + 6) piercing damage.', 9, '3d10', 6, 'Action'); 
INSERT INTO Creature VALUES(139, 'Giant Spider', 'Large', 'beast', NULL, 'unaligned', 14, 16, 12, 2, 11, 4, '1', 0); 
INSERT INTO Speed(creatureId, name) VALUES(139, '30 ft.'); 
INSERT INTO Speed(creatureId, name) VALUES(139, ' climb 30 ft.'); 
INSERT INTO Skill (creatureId, name, modifier) VALUES(139, 'stealth', 7); 
INSERT INTO Sense(creatureId, description) VALUES(139, 'blindsight 10 ft.'); 
INSERT INTO Sense(creatureId, description) VALUES(139, ' darkvision 60 ft.'); 
INSERT INTO Sense(creatureId, description) VALUES(139, ' passive Perception 10'); 
INSERT INTO Language(creatureId, name) VALUES(139, ''); 
INSERT INTO ArmorClass(creatureId, value) VALUES(139, 14); 
INSERT INTO HitPoint(creatureId, value, hitDice) VALUES(139, 26, '4d10'); 
INSERT INTO Action(creatureId, name, description, attackBonus, damageDice, damageBonus, actionCategory) VALUES(139, 'Spider Climb', 'The spider can climb difficult surfaces, including upside down on ceilings, without needing to make an ability check.', 0, NULL, NULL, 'SpecialAbility'); 
INSERT INTO Action(creatureId, name, description, attackBonus, damageDice, damageBonus, actionCategory) VALUES(139, 'Web Sense', 'While in contact with a web, the spider knows the exact location of any other creature in contact with the same web.', 0, NULL, NULL, 'SpecialAbility'); 
INSERT INTO Action(creatureId, name, description, attackBonus, damageDice, damageBonus, actionCategory) VALUES(139, 'Web Walker', 'The spider ignores movement restrictions caused by webbing.', 0, NULL, NULL, 'SpecialAbility'); 
INSERT INTO Action(creatureId, name, description, attackBonus, damageDice, damageBonus, actionCategory) VALUES(139, 'Bite', 'Melee Weapon Attack: +5 to hit, reach 5 ft., one creature. Hit: 7 (1d8 + 3) piercing damage, and the target must make a DC 11 Constitution saving throw, taking 9 (2d8) poison damage on a failed save, or half as much damage on a successful one. If the poison damage reduces the target to 0 hit points, the target is stable but poisoned for 1 hour, even after regaining hit points, and is paralyzed while poisoned in this way.', 5, '1d8', 3, 'Action'); 
INSERT INTO Action(creatureId, name, description, attackBonus, damageDice, damageBonus, actionCategory) VALUES(139, 'Web (Recharge 5-6)', 'Ranged Weapon Attack: +5 to hit, range 30/60 ft., one creature. Hit: The target is restrained by webbing. As an action, the restrained target can make a DC 12 Strength check, bursting the webbing on a success. The webbing can also be attacked and destroyed (AC 10; hp 5; vulnerability to fire damage; immunity to bludgeoning, poison, and psychic damage).', 5, NULL, NULL, 'Action'); 
INSERT INTO Creature VALUES(140, 'Giant Toad', 'Large', 'beast', NULL, 'unaligned', 15, 13, 13, 2, 10, 3, '1', 0); 
INSERT INTO Speed(creatureId, name) VALUES(140, '20 ft.'); 
INSERT INTO Speed(creatureId, name) VALUES(140, ' swim 40 ft.'); 
INSERT INTO Sense(creatureId, description) VALUES(140, 'darkvision 30 ft.'); 
INSERT INTO Sense(creatureId, description) VALUES(140, ' passive Perception 10'); 
INSERT INTO Language(creatureId, name) VALUES(140, ''); 
INSERT INTO ArmorClass(creatureId, value) VALUES(140, 11); 
INSERT INTO HitPoint(creatureId, value, hitDice) VALUES(140, 39, '6d10'); 
INSERT INTO Action(creatureId, name, description, attackBonus, damageDice, damageBonus, actionCategory) VALUES(140, 'Amphibious', 'The toad can breathe air and water', 0, NULL, NULL, 'SpecialAbility'); 
INSERT INTO Action(creatureId, name, description, attackBonus, damageDice, damageBonus, actionCategory) VALUES(140, 'Standing Leap', 'The toad''s long jump is up to 20 ft. and its high jump is up to 10 ft., with or without a running start.', 0, NULL, NULL, 'SpecialAbility'); 
INSERT INTO Action(creatureId, name, description, attackBonus, damageDice, damageBonus, actionCategory) VALUES(140, 'Bite', 'Melee Weapon Attack: +4 to hit, reach 5 ft., one target. Hit: 7 (1d10 + 2) piercing damage plus 5 (1d10) poison damage, and the target is grappled (escape DC 13). Until this grapple ends, the target is restrained, and the toad can''t bite another target.', 4, '1d10', 2, 'Action'); 
INSERT INTO Action(creatureId, name, description, attackBonus, damageDice, damageBonus, actionCategory) VALUES(140, 'Swallow', 'The toad makes one bite attack against a Medium or smaller target it is grappling. If the attack hits, the target is swallowed, and the grapple ends. The swallowed target is blinded and restrained, it has total cover against attacks and other effects outside the toad, and it takes 10 (3d6) acid damage at the start of each of the toad''s turns. The toad can have only one target swallowed at a time.
If the toad dies, a swallowed creature is no longer restrained by it and can escape from the corpse using 5 feet of movement, exiting prone.', 0, NULL, NULL, 'Action'); 
INSERT INTO Creature VALUES(141, 'Giant Vulture', 'Large', 'beast', NULL, 'neutral evil', 15, 10, 15, 6, 12, 7, '1', 0); 
INSERT INTO Speed(creatureId, name) VALUES(141, '10 ft.'); 
INSERT INTO Speed(creatureId, name) VALUES(141, ' fly 60 ft.'); 
INSERT INTO Skill (creatureId, name, modifier) VALUES(141, 'perception', 3); 
INSERT INTO Sense(creatureId, description) VALUES(141, 'passive Perception 13'); 
INSERT INTO Language(creatureId, name) VALUES(141, 'understands Common but can''t speak'); 
INSERT INTO ArmorClass(creatureId, value) VALUES(141, 10); 
INSERT INTO HitPoint(creatureId, value, hitDice) VALUES(141, 22, '3d10'); 
INSERT INTO Action(creatureId, name, description, attackBonus, damageDice, damageBonus, actionCategory) VALUES(141, 'Keen Sight and Smell', 'The vulture has advantage on Wisdom (Perception) checks that rely on sight or smell.', 0, NULL, NULL, 'SpecialAbility'); 
INSERT INTO Action(creatureId, name, description, attackBonus, damageDice, damageBonus, actionCategory) VALUES(141, 'Pack Tactics', 'The vulture has advantage on an attack roll against a creature if at least one of the vulture''s allies is within 5 ft. of the creature and the ally isn''t incapacitated.', 0, NULL, NULL, 'SpecialAbility'); 
INSERT INTO Action(creatureId, name, description, attackBonus, damageDice, damageBonus, actionCategory) VALUES(141, 'Multiattack', 'The vulture makes two attacks: one with its beak and one with its talons.', 0, NULL, NULL, 'Action'); 
INSERT INTO Action(creatureId, name, description, attackBonus, damageDice, damageBonus, actionCategory) VALUES(141, 'Beak', 'Melee Weapon Attack: +4 to hit, reach 5 ft., one target. Hit: 7 (2d4 + 2) piercing damage.', 4, '2d4', 2, 'Action'); 
INSERT INTO Action(creatureId, name, description, attackBonus, damageDice, damageBonus, actionCategory) VALUES(141, 'Talons', 'Melee Weapon Attack: +4 to hit, reach 5 ft., one target. Hit: 9 (2d6 + 2) slashing damage.', 4, '2d6', 2, 'Action'); 
INSERT INTO Creature VALUES(142, 'Giant Wasp', 'Medium', 'beast', NULL, 'unaligned', 10, 14, 10, 1, 10, 3, '1/2', 0); 
INSERT INTO Speed(creatureId, name) VALUES(142, '10 ft.'); 
INSERT INTO Speed(creatureId, name) VALUES(142, ' fly 50 ft.'); 
INSERT INTO Speed(creatureId, name) VALUES(142, ' swim 50 ft.'); 
INSERT INTO Sense(creatureId, description) VALUES(142, 'passive Perception 10'); 
INSERT INTO Language(creatureId, name) VALUES(142, ''); 
INSERT INTO ArmorClass(creatureId, value) VALUES(142, 12); 
INSERT INTO HitPoint(creatureId, value, hitDice) VALUES(142, 13, '3d8'); 
INSERT INTO Action(creatureId, name, description, attackBonus, damageDice, damageBonus, actionCategory) VALUES(142, 'Sting', 'Sting. Melee Weapon Attack: +4 to hit, reach 5 ft., one creature. Hit: 5 (1d6 + 2) piercing damage, and the target must make a DC 11 Constitution saving throw, taking 10 (3d6) poison damage on a failed save, or half as much damage on a successful one. If the poison damage reduces the target to 0 hit points, the target is stable but poisoned for 1 hour, even after regaining hit points, and is paralyzed while poisoned in this way.', 4, '1d6', 2, 'Action'); 
INSERT INTO Creature VALUES(143, 'Giant Weasel', 'Medium', 'beast', NULL, 'unaligned', 11, 16, 10, 4, 12, 5, '1/8', 0); 
INSERT INTO Speed(creatureId, name) VALUES(143, '40 ft.'); 
INSERT INTO Skill (creatureId, name, modifier) VALUES(143, 'perception', 3); 
INSERT INTO Skill (creatureId, name, modifier) VALUES(143, 'stealth', 5); 
INSERT INTO Sense(creatureId, description) VALUES(143, 'darkvision 60 ft.'); 
INSERT INTO Sense(creatureId, description) VALUES(143, ' passive Perception 13'); 
INSERT INTO Language(creatureId, name) VALUES(143, ''); 
INSERT INTO ArmorClass(creatureId, value) VALUES(143, 13); 
INSERT INTO HitPoint(creatureId, value, hitDice) VALUES(143, 9, '2d8'); 
INSERT INTO Action(creatureId, name, description, attackBonus, damageDice, damageBonus, actionCategory) VALUES(143, 'Keen Hearing and Smell', 'The weasel has advantage on Wisdom (Perception) checks that rely on hearing or smell.', 0, NULL, NULL, 'SpecialAbility'); 
INSERT INTO Action(creatureId, name, description, attackBonus, damageDice, damageBonus, actionCategory) VALUES(143, 'Bite', 'Weapon Attack: +5 to hit, reach 5 ft., one target. Hit: 5 (1d4 + 3) piercing damage.', 5, '1d4', 3, 'Action'); 
INSERT INTO Creature VALUES(144, 'Giant Wolf Spider', 'Medium', 'beast', NULL, 'unaligned', 12, 16, 13, 3, 12, 4, '1/4', 0); 
INSERT INTO Speed(creatureId, name) VALUES(144, '40 ft.'); 
INSERT INTO Speed(creatureId, name) VALUES(144, ' climb 40 ft.'); 
INSERT INTO Skill (creatureId, name, modifier) VALUES(144, 'perception', 3); 
INSERT INTO Skill (creatureId, name, modifier) VALUES(144, 'stealth', 7); 
INSERT INTO Sense(creatureId, description) VALUES(144, 'blindsight 10 ft.'); 
INSERT INTO Sense(creatureId, description) VALUES(144, ' darkvision 60 ft.'); 
INSERT INTO Sense(creatureId, description) VALUES(144, ' passive Perception 13'); 
INSERT INTO Language(creatureId, name) VALUES(144, ''); 
INSERT INTO ArmorClass(creatureId, value) VALUES(144, 13); 
INSERT INTO HitPoint(creatureId, value, hitDice) VALUES(144, 11, '2d8'); 
INSERT INTO Action(creatureId, name, description, attackBonus, damageDice, damageBonus, actionCategory) VALUES(144, 'Spider Climb', 'The spider can climb difficult surfaces, including upside down on ceilings, without needing to make an ability check.', 0, NULL, NULL, 'SpecialAbility'); 
INSERT INTO Action(creatureId, name, description, attackBonus, damageDice, damageBonus, actionCategory) VALUES(144, 'Web Sense', 'While in contact with a web, the spider knows the exact location of any other creature in contact with the same web.', 0, NULL, NULL, 'SpecialAbility'); 
INSERT INTO Action(creatureId, name, description, attackBonus, damageDice, damageBonus, actionCategory) VALUES(144, 'Web Walker', 'The spider ignores movement restrictions caused by webbing.', 0, NULL, NULL, 'SpecialAbility'); 
INSERT INTO Action(creatureId, name, description, attackBonus, damageDice, damageBonus, actionCategory) VALUES(144, 'Bite', 'Weapon Attack: +3 to hit, reach 5 ft., one creature. Hit: 4 (1d6 + 1) piercing damage, and the target must make a DC 11 Constitution saving throw, taking 7 (2d6) poison damage on a failed save, or half as much damage on a successful one. If the poison damage reduces the target to 0 hit points, the target is stable but poisoned for 1 hour, even after regaining hit points, and is paralyzed while poisoned in this way.', 3, '1d6', 1, 'Action'); 
INSERT INTO Creature VALUES(145, 'Gibbering Mouther', 'Medium', 'aberration', NULL, 'neutral', 10, 8, 16, 3, 10, 6, '2', 0); 
INSERT INTO Speed(creatureId, name) VALUES(145, '10 ft.'); 
INSERT INTO Speed(creatureId, name) VALUES(145, ' swim 10 ft.'); 
INSERT INTO ConditionImmunity(creatureId, name) VALUES(145, 'prone'); 
INSERT INTO Sense(creatureId, description) VALUES(145, 'darkvision 60 ft.'); 
INSERT INTO Sense(creatureId, description) VALUES(145, ' passive Perception 10'); 
INSERT INTO Language(creatureId, name) VALUES(145, ''); 
INSERT INTO ArmorClass(creatureId, value) VALUES(145, 9); 
INSERT INTO HitPoint(creatureId, value, hitDice) VALUES(145, 67, '9d8'); 
INSERT INTO Action(creatureId, name, description, attackBonus, damageDice, damageBonus, actionCategory) VALUES(145, 'Aberrant Ground', 'The ground in a 10-foot radius around the mouther is doughlike difficult terrain. Each creature that starts its turn in that area must succeed on a DC 10 Strength saving throw or have its speed reduced to 0 until the start of its next turn.', 0, NULL, NULL, 'SpecialAbility'); 
INSERT INTO Action(creatureId, name, description, attackBonus, damageDice, damageBonus, actionCategory) VALUES(145, 'Gibbering', 'The mouther babbles incoherently while it can see any creature and isn''t incapacitated. Each creature that starts its turn within 20 feet of the mouther and can hear the gibbering must succeed on a DC 10 Wisdom saving throw. On a failure, the creature can''t take reactions until the start of its next turn and rolls a d8 to determine what it does during its turn. On a 1 to 4, the creature does nothing. On a 5 or 6, the creature takes no action or bonus action and uses all its movement to move in a randomly determined direction. On a 7 or 8, the creature makes a melee attack against a randomly determined creature within its reach or does nothing if it can''t make such an attack.', 0, NULL, NULL, 'SpecialAbility'); 
INSERT INTO Action(creatureId, name, description, attackBonus, damageDice, damageBonus, actionCategory) VALUES(145, 'Multiattack', 'The gibbering mouther makes one bite attack and, if it can, uses its Blinding Spittle.', 0, NULL, NULL, 'Action'); 
INSERT INTO Action(creatureId, name, description, attackBonus, damageDice, damageBonus, actionCategory) VALUES(145, 'Bites', 'Melee Weapon Attack: +2 to hit, reach 5 ft., one creature. Hit: 17 (5d6) piercing damage. If the target is Medium or smaller, it must succeed on a DC 10 Strength saving throw or be knocked prone. If the target is killed by this damage, it is absorbed into the mouther.', 2, '5d6', NULL, 'Action'); 
INSERT INTO Action(creatureId, name, description, attackBonus, damageDice, damageBonus, actionCategory) VALUES(145, 'Blinding Spittle (Recharge 5-6)', 'The mouther spits a chemical glob at a point it can see within 15 feet of it. The glob explodes in a blinding flash of light on impact. Each creature within 5 feet of the flash must succeed on a DC 13 Dexterity saving throw or be blinded until the end of the mouther''s next turn.', 0, NULL, NULL, 'Action'); 
INSERT INTO Creature VALUES(146, 'Glabrezu', 'Large', 'fiend', 'demon', 'chaotic evil', 20, 15, 21, 19, 17, 16, '9', 0); 
INSERT INTO Speed(creatureId, name) VALUES(146, '40 ft.'); 
INSERT INTO SavingThrow (creatureId, name, modifier) VALUES(146, 'strength_save', 9); 
INSERT INTO SavingThrow (creatureId, name, modifier) VALUES(146, 'constitution_save', 9); 
INSERT INTO SavingThrow (creatureId, name, modifier) VALUES(146, 'wisdom_save', 7); 
INSERT INTO SavingThrow (creatureId, name, modifier) VALUES(146, 'charisma_save', 7); 
INSERT INTO DamageResistance(creatureId, name) VALUES(146, 'cold, fire, lightning; bludgeoning, piercing, and slashing from nonmagical weapons'); 
INSERT INTO DamageImmunity(creatureId, name) VALUES(146, 'poison'); 
INSERT INTO ConditionImmunity(creatureId, name) VALUES(146, 'poisoned'); 
INSERT INTO Sense(creatureId, description) VALUES(146, 'truesight 120 ft.'); 
INSERT INTO Sense(creatureId, description) VALUES(146, ' passive Perception 13'); 
INSERT INTO Language(creatureId, name) VALUES(146, 'Abyssal'); 
INSERT INTO Language(creatureId, name) VALUES(146, ' telepathy 120 ft.'); 
INSERT INTO ArmorClass(creatureId, value) VALUES(146, 17); 
INSERT INTO HitPoint(creatureId, value, hitDice) VALUES(146, 157, '15d10'); 
INSERT INTO Action(creatureId, name, description, attackBonus, damageDice, damageBonus, actionCategory) VALUES(146, 'Innate Spellcasting', 'The glabrezu''s spellcasting ability is Intelligence (spell save DC 16). The glabrezu can innately cast the following spells, requiring no material components:
At will: darkness, detect magic, dispel magic
1/day each: confusion, fly, power word stun', 0, NULL, NULL, 'SpecialAbility'); 
INSERT INTO Action(creatureId, name, description, attackBonus, damageDice, damageBonus, actionCategory) VALUES(146, 'Magic Resistance', 'The glabrezu has advantage on saving throws against spells and other magical effects.', 0, NULL, NULL, 'SpecialAbility'); 
INSERT INTO Action(creatureId, name, description, attackBonus, damageDice, damageBonus, actionCategory) VALUES(146, 'Multiattack', 'The glabrezu makes four attacks: two with its pincers and two with its fists. Alternatively, it makes two attacks with its pincers and casts one spell.', 0, NULL, NULL, 'Action'); 
INSERT INTO Action(creatureId, name, description, attackBonus, damageDice, damageBonus, actionCategory) VALUES(146, 'Pincer', 'Melee Weapon Attack: +9 to hit, reach 10 ft., one target. Hit: 16 (2d10 + 5) bludgeoning damage. If the target is a Medium or smaller creature, it is grappled (escape DC 15). The glabrezu has two pincers, each of which can grapple only one target.', 9, '2d10', 5, 'Action'); 
INSERT INTO Action(creatureId, name, description, attackBonus, damageDice, damageBonus, actionCategory) VALUES(146, 'Fist', 'Melee Weapon Attack: +9 to hit, reach 5 ft., one target. Hit: 7 (2d4 + 2) bludgeoning damage.', 9, '2d4', 2, 'Action'); 
INSERT INTO Action(creatureId, name, description, attackBonus, damageDice, damageBonus, actionCategory) VALUES(146, 'Variant: Summon Demon (1/Day)', 'The demon chooses what to summon and attempts a magical summoning.
A glabrezu has a 30 percent chance of summoning 1d3 vrocks, 1d2 hezrous, or one glabrezu.
A summoned demon appears in an unoccupied space within 60 feet of its summoner, acts as an ally of its summoner, and can''t summon other demons. It remains for 1 minute, until it or its summoner dies, or until its summoner dismisses it as an action.', 0, NULL, NULL, 'Action'); 
INSERT INTO Creature VALUES(147, 'Gladiator', 'Medium', 'humanoid', 'any race', 'any alignment', 18, 15, 16, 10, 12, 15, '5', 0); 
INSERT INTO Speed(creatureId, name) VALUES(147, '30 ft.'); 
INSERT INTO SavingThrow (creatureId, name, modifier) VALUES(147, 'strength_save', 7); 
INSERT INTO SavingThrow (creatureId, name, modifier) VALUES(147, 'dexterity_save', 5); 
INSERT INTO SavingThrow (creatureId, name, modifier) VALUES(147, 'constitution_save', 6); 
INSERT INTO Skill (creatureId, name, modifier) VALUES(147, 'athletics', 10); 
INSERT INTO Skill (creatureId, name, modifier) VALUES(147, 'intimidation', 5); 
INSERT INTO Sense(creatureId, description) VALUES(147, 'passive Perception 11'); 
INSERT INTO Language(creatureId, name) VALUES(147, 'any one language (usually Common)'); 
INSERT INTO ArmorClass(creatureId, value) VALUES(147, 16); 
INSERT INTO HitPoint(creatureId, value, hitDice) VALUES(147, 112, '15d8'); 
INSERT INTO Action(creatureId, name, description, attackBonus, damageDice, damageBonus, actionCategory) VALUES(147, 'Brave', 'The gladiator has advantage on saving throws against being frightened.', 0, NULL, NULL, 'SpecialAbility'); 
INSERT INTO Action(creatureId, name, description, attackBonus, damageDice, damageBonus, actionCategory) VALUES(147, 'Brute', 'A melee weapon deals one extra die of its damage when the gladiator hits with it (included in the attack).', 0, NULL, NULL, 'SpecialAbility'); 
INSERT INTO Action(creatureId, name, description, attackBonus, damageDice, damageBonus, actionCategory) VALUES(147, 'Multiattack', 'The gladiator makes three melee attacks or two ranged attacks.', 0, NULL, NULL, 'Action'); 
INSERT INTO Action(creatureId, name, description, attackBonus, damageDice, damageBonus, actionCategory) VALUES(147, 'Spear', 'Melee or Ranged Weapon Attack: +7 to hit, reach 5 ft. and range 20/60 ft., one target. Hit: 11 (2d6 + 4) piercing damage, or 13 (2d8 + 4) piercing damage if used with two hands to make a melee attack.', 7, '2d6', 4, 'Action'); 
INSERT INTO Action(creatureId, name, description, attackBonus, damageDice, damageBonus, actionCategory) VALUES(147, 'Shield Bash', 'Melee Weapon Attack: +7 to hit, reach 5 ft., one creature. Hit: 9 (2d4 + 4) bludgeoning damage. If the target is a Medium or smaller creature, it must succeed on a DC 15 Strength saving throw or be knocked prone.', 7, '2d4', 4, 'Action'); 
INSERT INTO Action(creatureId, name, description, attackBonus, damageDice, damageBonus, actionCategory) VALUES(147, 'Parry', 'The gladiator adds 3 to its AC against one melee attack that would hit it. To do so, the gladiator must see the attacker and be wielding a melee weapon.', 0, NULL, NULL, 'Reaction'); 
INSERT INTO Creature VALUES(148, 'Gnoll', 'Medium', 'humanoid', 'gnoll', 'chaotic evil', 14, 12, 11, 6, 10, 7, '1/2', 0); 
INSERT INTO Speed(creatureId, name) VALUES(148, '30 ft.'); 
INSERT INTO Sense(creatureId, description) VALUES(148, 'darkvision 60 ft.'); 
INSERT INTO Sense(creatureId, description) VALUES(148, ' passive Perception 10'); 
INSERT INTO Language(creatureId, name) VALUES(148, 'Gnoll'); 
INSERT INTO ArmorClass(creatureId, value) VALUES(148, 15); 
INSERT INTO HitPoint(creatureId, value, hitDice) VALUES(148, 22, '5d8'); 
INSERT INTO Action(creatureId, name, description, attackBonus, damageDice, damageBonus, actionCategory) VALUES(148, 'Rampage', 'When the gnoll reduces a creature to 0 hit points with a melee attack on its turn, the gnoll can take a bonus action to move up to half its speed and make a bite attack.', 0, NULL, NULL, 'SpecialAbility'); 
INSERT INTO Action(creatureId, name, description, attackBonus, damageDice, damageBonus, actionCategory) VALUES(148, 'Bite', 'Melee Weapon Attack: +4 to hit, reach 5 ft., one creature. Hit: 4 (1d4 + 2) piercing damage.', 4, '1d4', 2, 'Action'); 
INSERT INTO Action(creatureId, name, description, attackBonus, damageDice, damageBonus, actionCategory) VALUES(148, 'Spear', 'Melee or Ranged Weapon Attack: +4 to hit, reach 5 ft. or range 20/60 ft., one target. Hit: 5 (1d6 + 2) piercing damage, or 6 (1d8 + 2) piercing damage if used with two hands to make a melee attack.', 4, '1d6', 2, 'Action'); 
INSERT INTO Action(creatureId, name, description, attackBonus, damageDice, damageBonus, actionCategory) VALUES(148, 'Longbow', 'Ranged Weapon Attack: +3 to hit, range 150/600 ft., one target. Hit: 5 (1d8 + 1) piercing damage.', 3, '1d8', 1, 'Action'); 
INSERT INTO Creature VALUES(149, 'Goat', 'Medium', 'beast', NULL, 'unaligned', 12, 10, 11, 2, 10, 5, '0', 0); 
INSERT INTO Speed(creatureId, name) VALUES(149, '40 ft.'); 
INSERT INTO Sense(creatureId, description) VALUES(149, 'passive Perception 10'); 
INSERT INTO Language(creatureId, name) VALUES(149, ''); 
INSERT INTO ArmorClass(creatureId, value) VALUES(149, 10); 
INSERT INTO HitPoint(creatureId, value, hitDice) VALUES(149, 4, '1d8'); 
INSERT INTO Action(creatureId, name, description, attackBonus, damageDice, damageBonus, actionCategory) VALUES(149, 'Charge', 'If the goat moves at least 20 ft. straight toward a target and then hits it with a ram attack on the same turn, the target takes an extra 2 (1d4) bludgeoning damage. If the target is a creature, it must succeed on a DC 10 Strength saving throw or be knocked prone.', 0, '1d4', NULL, 'SpecialAbility'); 
INSERT INTO Action(creatureId, name, description, attackBonus, damageDice, damageBonus, actionCategory) VALUES(149, 'Sure-Footed', 'The goat has advantage on Strength and Dexterity saving throws made against effects that would knock it prone.', 0, NULL, NULL, 'SpecialAbility'); 
INSERT INTO Action(creatureId, name, description, attackBonus, damageDice, damageBonus, actionCategory) VALUES(149, 'Ram', 'Melee Weapon Attack: +3 to hit, reach 5 ft., one target. Hit: 3 (1d4 + 1) bludgeoning damage.', 3, '1d4', 1, 'Action'); 
INSERT INTO Creature VALUES(150, 'Goblin', 'Small', 'humanoid', 'goblinoid', 'neutral evil', 8, 14, 10, 10, 8, 8, '1/4', 0); 
INSERT INTO Speed(creatureId, name) VALUES(150, '30 ft.'); 
INSERT INTO Skill (creatureId, name, modifier) VALUES(150, 'stealth', 6); 
INSERT INTO Sense(creatureId, description) VALUES(150, 'darkvision 60 ft.'); 
INSERT INTO Sense(creatureId, description) VALUES(150, ' passive Perception 9'); 
INSERT INTO Language(creatureId, name) VALUES(150, 'Common'); 
INSERT INTO Language(creatureId, name) VALUES(150, ' Goblin'); 
INSERT INTO ArmorClass(creatureId, value) VALUES(150, 15); 
INSERT INTO HitPoint(creatureId, value, hitDice) VALUES(150, 7, '2d6'); 
INSERT INTO Action(creatureId, name, description, attackBonus, damageDice, damageBonus, actionCategory) VALUES(150, 'Nimble Escape', 'The goblin can take the Disengage or Hide action as a bonus action on each of its turns.', 0, NULL, NULL, 'SpecialAbility'); 
INSERT INTO Action(creatureId, name, description, attackBonus, damageDice, damageBonus, actionCategory) VALUES(150, 'Scimitar', 'Melee Weapon Attack: +4 to hit, reach 5 ft., one target. Hit: 5 (1d6 + 2) slashing damage.', 4, '1d6', 2, 'Action'); 
INSERT INTO Action(creatureId, name, description, attackBonus, damageDice, damageBonus, actionCategory) VALUES(150, 'Shortbow', 'Ranged Weapon Attack: +4 to hit, range 80/320 ft., one target. Hit: 5 (1d6 + 2) piercing damage.', 4, '1d6', 2, 'Action'); 
INSERT INTO Creature VALUES(151, 'Gold Dragon Wyrmling', 'Medium', 'dragon', NULL, 'lawful good', 19, 14, 17, 14, 11, 16, '3', 0); 
INSERT INTO Speed(creatureId, name) VALUES(151, '30 ft.'); 
INSERT INTO Speed(creatureId, name) VALUES(151, ' fly 60 ft.'); 
INSERT INTO Speed(creatureId, name) VALUES(151, ' swim 30 ft.'); 
INSERT INTO SavingThrow (creatureId, name, modifier) VALUES(151, 'dexterity_save', 4); 
INSERT INTO SavingThrow (creatureId, name, modifier) VALUES(151, 'constitution_save', 5); 
INSERT INTO SavingThrow (creatureId, name, modifier) VALUES(151, 'wisdom_save', 2); 
INSERT INTO SavingThrow (creatureId, name, modifier) VALUES(151, 'charisma_save', 5); 
INSERT INTO Skill (creatureId, name, modifier) VALUES(151, 'perception', 4); 
INSERT INTO Skill (creatureId, name, modifier) VALUES(151, 'stealth', 4); 
INSERT INTO DamageImmunity(creatureId, name) VALUES(151, 'fire'); 
INSERT INTO Sense(creatureId, description) VALUES(151, 'blindsight 10 ft.'); 
INSERT INTO Sense(creatureId, description) VALUES(151, ' darkvision 60 ft.'); 
INSERT INTO Sense(creatureId, description) VALUES(151, ' passive Perception 14'); 
INSERT INTO Language(creatureId, name) VALUES(151, 'Draconic'); 
INSERT INTO ArmorClass(creatureId, value) VALUES(151, 17); 
INSERT INTO HitPoint(creatureId, value, hitDice) VALUES(151, 60, '8d8'); 
INSERT INTO Action(creatureId, name, description, attackBonus, damageDice, damageBonus, actionCategory) VALUES(151, 'Amphibious', 'The dragon can breathe air and water.', 0, NULL, NULL, 'SpecialAbility'); 
INSERT INTO Action(creatureId, name, description, attackBonus, damageDice, damageBonus, actionCategory) VALUES(151, 'Bite', 'Melee Weapon Attack: +6 to hit, reach 5 ft., one target. Hit: 9 (1d10 + 4) piercing damage.', 6, '1d10', 4, 'Action'); 
INSERT INTO Action(creatureId, name, description, attackBonus, damageDice, damageBonus, actionCategory) VALUES(151, 'Breath Weapons (Recharge 5-6)', 'The dragon uses one of the following breath weapons.
Fire Breath. The dragon exhales fire in a 15-foot cone. Each creature in that area must make a DC 13 Dexterity saving throw, taking 22 (4d10) fire damage on a failed save, or half as much damage on a successful one.
Weakening Breath. The dragon exhales gas in a 15-foot cone. Each creature in that area must succeed on a DC 13 Strength saving throw or have disadvantage on Strength-based attack rolls, Strength checks, and Strength saving throws for 1 minute. A creature can repeat the saving throw at the end of each of its turns, ending the effect on itself on a success.', 0, '4d10', NULL, 'Action'); 
INSERT INTO Creature VALUES(152, 'Gorgon', 'Large', 'monstrosity', NULL, 'unaligned', 20, 11, 18, 2, 12, 7, '5', 0); 
INSERT INTO Speed(creatureId, name) VALUES(152, '40 ft.'); 
INSERT INTO Skill (creatureId, name, modifier) VALUES(152, 'perception', 4); 
INSERT INTO DamageImmunity(creatureId, name) VALUES(152, 'petrified'); 
INSERT INTO Sense(creatureId, description) VALUES(152, 'darkvision 60 ft.'); 
INSERT INTO Sense(creatureId, description) VALUES(152, ' passive Perception 14'); 
INSERT INTO Language(creatureId, name) VALUES(152, ''); 
INSERT INTO ArmorClass(creatureId, value) VALUES(152, 19); 
INSERT INTO HitPoint(creatureId, value, hitDice) VALUES(152, 114, '12d10'); 
INSERT INTO Action(creatureId, name, description, attackBonus, damageDice, damageBonus, actionCategory) VALUES(152, 'Trampling Charge', 'If the gorgon moves at least 20 feet straight toward a creature and then hits it with a gore attack on the same turn, that target must succeed on a DC 16 Strength saving throw or be knocked prone. If the target is prone, the gorgon can make one attack with its hooves against it as a bonus action.', 0, NULL, NULL, 'SpecialAbility'); 
INSERT INTO Action(creatureId, name, description, attackBonus, damageDice, damageBonus, actionCategory) VALUES(152, 'Gore', 'Melee Weapon Attack: +8 to hit, reach 5 ft., one target. Hit: 18 (2d12 + 5) piercing damage.', 8, '2d12', 5, 'Action'); 
INSERT INTO Action(creatureId, name, description, attackBonus, damageDice, damageBonus, actionCategory) VALUES(152, 'Hooves', 'Melee Weapon Attack: +8 to hit, reach 5 ft., one target. Hit: 16 (2d10 + 5) bludgeoning damage.', 8, '2d10', 5, 'Action'); 
INSERT INTO Action(creatureId, name, description, attackBonus, damageDice, damageBonus, actionCategory) VALUES(152, 'Petrifying Breath (Recharge 5-6)', 'The gorgon exhales petrifying gas in a 30-foot cone. Each creature in that area must succeed on a DC 13 Constitution saving throw. On a failed save, a target begins to turn to stone and is restrained. The restrained target must repeat the saving throw at the end of its next turn. On a success, the effect ends on the target. On a failure, the target is petrified until freed by the greater restoration spell or other magic.', 0, NULL, NULL, 'Action'); 
INSERT INTO Creature VALUES(153, 'Gray Ooze', 'Medium', 'ooze', NULL, 'unaligned', 12, 6, 16, 1, 6, 2, '1/2', 0); 
INSERT INTO Speed(creatureId, name) VALUES(153, '10 ft.'); 
INSERT INTO Speed(creatureId, name) VALUES(153, ' climb 10 ft.'); 
INSERT INTO Skill (creatureId, name, modifier) VALUES(153, 'stealth', 2); 
INSERT INTO DamageResistance(creatureId, name) VALUES(153, 'acid, cold, fire'); 
INSERT INTO ConditionImmunity(creatureId, name) VALUES(153, 'blinded, charmed, deafened, exhaustion, frightened, prone'); 
INSERT INTO Sense(creatureId, description) VALUES(153, 'blindsight 60 ft. (blind beyond this radius)'); 
INSERT INTO Sense(creatureId, description) VALUES(153, ' passive Perception 8'); 
INSERT INTO Language(creatureId, name) VALUES(153, ''); 
INSERT INTO ArmorClass(creatureId, value) VALUES(153, 8); 
INSERT INTO HitPoint(creatureId, value, hitDice) VALUES(153, 22, '3d8'); 
INSERT INTO Action(creatureId, name, description, attackBonus, damageDice, damageBonus, actionCategory) VALUES(153, 'Amorphous', 'The ooze can move through a space as narrow as 1 inch wide without squeezing.', 0, NULL, NULL, 'SpecialAbility'); 
INSERT INTO Action(creatureId, name, description, attackBonus, damageDice, damageBonus, actionCategory) VALUES(153, 'Corrode Metal', 'Any nonmagical weapon made of metal that hits the ooze corrodes. After dealing damage, the weapon takes a permanent and cumulative -1 penalty to damage rolls. If its penalty drops to -5, the weapon is destroyed. Nonmagical ammunition made of metal that hits the ooze is destroyed after dealing damage.
The ooze can eat through 2-inch-thick, nonmagical metal in 1 round.', 0, NULL, NULL, 'SpecialAbility'); 
INSERT INTO Action(creatureId, name, description, attackBonus, damageDice, damageBonus, actionCategory) VALUES(153, 'False Appearance', 'While the ooze remains motionless, it is indistinguishable from an oily pool or wet rock.', 0, NULL, NULL, 'SpecialAbility'); 
INSERT INTO Action(creatureId, name, description, attackBonus, damageDice, damageBonus, actionCategory) VALUES(153, 'Pseudopod', 'Melee Weapon Attack: +3 to hit, reach 5 ft., one target. Hit: 4 (1d6 + 1) bludgeoning damage plus 7 (2d6) acid damage, and if the target is wearing nonmagical metal armor, its armor is partly corroded and takes a permanent and cumulative -1 penalty to the AC it offers. The armor is destroyed if the penalty reduces its AC to 10.', 3, '1d6', 1, 'Action'); 
INSERT INTO Creature VALUES(154, 'Green Dragon Wyrmling', 'Medium', 'dragon', NULL, 'lawful evil', 15, 12, 13, 14, 11, 13, '2', 0); 
INSERT INTO Speed(creatureId, name) VALUES(154, '30 ft.'); 
INSERT INTO Speed(creatureId, name) VALUES(154, ' fly 60 ft.'); 
INSERT INTO Speed(creatureId, name) VALUES(154, ' swim 30 ft.'); 
INSERT INTO SavingThrow (creatureId, name, modifier) VALUES(154, 'dexterity_save', 3); 
INSERT INTO SavingThrow (creatureId, name, modifier) VALUES(154, 'constitution_save', 3); 
INSERT INTO SavingThrow (creatureId, name, modifier) VALUES(154, 'wisdom_save', 2); 
INSERT INTO SavingThrow (creatureId, name, modifier) VALUES(154, 'charisma_save', 3); 
INSERT INTO Skill (creatureId, name, modifier) VALUES(154, 'perception', 4); 
INSERT INTO Skill (creatureId, name, modifier) VALUES(154, 'stealth', 3); 
INSERT INTO DamageImmunity(creatureId, name) VALUES(154, 'poison'); 
INSERT INTO ConditionImmunity(creatureId, name) VALUES(154, 'poisoned'); 
INSERT INTO Sense(creatureId, description) VALUES(154, 'blindsight 10 ft.'); 
INSERT INTO Sense(creatureId, description) VALUES(154, ' darkvision 60 ft.'); 
INSERT INTO Sense(creatureId, description) VALUES(154, ' passive Perception 14'); 
INSERT INTO Language(creatureId, name) VALUES(154, 'Draconic'); 
INSERT INTO ArmorClass(creatureId, value) VALUES(154, 17); 
INSERT INTO HitPoint(creatureId, value, hitDice) VALUES(154, 38, '7d8'); 
INSERT INTO Action(creatureId, name, description, attackBonus, damageDice, damageBonus, actionCategory) VALUES(154, 'Amphibious', 'The dragon can breathe air and water.', 0, NULL, NULL, 'SpecialAbility'); 
INSERT INTO Action(creatureId, name, description, attackBonus, damageDice, damageBonus, actionCategory) VALUES(154, 'Bite', 'Melee Weapon Attack: +4 to hit, reach 5 ft., one target. Hit: 7 (1d10 + 2) piercing damage plus 3 (1d6) poison damage.', 4, '1d10 + 1d6', 3, 'Action'); 
INSERT INTO Action(creatureId, name, description, attackBonus, damageDice, damageBonus, actionCategory) VALUES(154, 'Poison Breath (Recharge 5-6)', 'The dragon exhales poisonous gas in a 15-foot cone. Each creature in that area must make a DC 11 Constitution saving throw, taking 21 (6d6) poison damage on a failed save, or half as much damage on a successful one.', 0, '6d6', NULL, 'Action'); 
INSERT INTO Creature VALUES(155, 'Green Hag', 'Medium', 'fey', NULL, 'neutral evil', 18, 12, 16, 13, 14, 14, '3', 0); 
INSERT INTO Speed(creatureId, name) VALUES(155, '30 ft.'); 
INSERT INTO Skill (creatureId, name, modifier) VALUES(155, 'arcana', 3); 
INSERT INTO Skill (creatureId, name, modifier) VALUES(155, 'deception', 4); 
INSERT INTO Skill (creatureId, name, modifier) VALUES(155, 'perception', 4); 
INSERT INTO Skill (creatureId, name, modifier) VALUES(155, 'stealth', 3); 
INSERT INTO Sense(creatureId, description) VALUES(155, 'darkvision 60 ft.'); 
INSERT INTO Sense(creatureId, description) VALUES(155, ' passive Perception 14'); 
INSERT INTO Language(creatureId, name) VALUES(155, 'Common'); 
INSERT INTO Language(creatureId, name) VALUES(155, ' Draconic'); 
INSERT INTO Language(creatureId, name) VALUES(155, ' Sylvan'); 
INSERT INTO ArmorClass(creatureId, value) VALUES(155, 17); 
INSERT INTO HitPoint(creatureId, value, hitDice) VALUES(155, 82, '11d8'); 
INSERT INTO Action(creatureId, name, description, attackBonus, damageDice, damageBonus, actionCategory) VALUES(155, 'Amphibious', 'The hag can breathe air and water.', 0, NULL, NULL, 'SpecialAbility'); 
INSERT INTO Action(creatureId, name, description, attackBonus, damageDice, damageBonus, actionCategory) VALUES(155, 'Innate Spellcasting', 'The hag''s innate spellcasting ability is Charisma (spell save DC 12). She can innately cast the following spells, requiring no material components:

At will: dancing lights, minor illusion, vicious mockery', 0, NULL, NULL, 'SpecialAbility'); 
INSERT INTO Action(creatureId, name, description, attackBonus, damageDice, damageBonus, actionCategory) VALUES(155, 'Mimicry', 'The hag can mimic animal sounds and humanoid voices. A creature that hears the sounds can tell they are imitations with a successful DC 14 Wisdom (Insight) check.', 0, NULL, NULL, 'SpecialAbility'); 
INSERT INTO Action(creatureId, name, description, attackBonus, damageDice, damageBonus, actionCategory) VALUES(155, 'Hag Coven', 'When hags must work together, they form covens, in spite of their selfish natures. A coven is made up of hags of any type, all of whom are equals within the group. However, each of the hags continues to desire more personal power.
A coven consists of three hags so that any arguments between two hags can be settled by the third. If more than three hags ever come together, as might happen if two covens come into conflict, the result is usually chaos.', 0, NULL, NULL, 'SpecialAbility'); 
INSERT INTO Action(creatureId, name, description, attackBonus, damageDice, damageBonus, actionCategory) VALUES(155, 'Shared Spellcasting (Coven Only)', 'While all three members of a hag coven are within 30 feet of one another, they can each cast the following spells from the wizard''s spell list but must share the spell slots among themselves:

• 1st level (4 slots): identify, ray of sickness
• 2nd level (3 slots): hold person, locate object
• 3rd level (3 slots): bestow curse, counterspell, lightning bolt
• 4th level (3 slots): phantasmal killer, polymorph
• 5th level (2 slots): contact other plane, scrying
• 6th level (1 slot): eye bite

For casting these spells, each hag is a 12th-level spellcaster that uses Intelligence as her spellcasting ability. The spell save DC is 12+the hag''s Intelligence modifier, and the spell attack bonus is 4+the hag''s Intelligence modifier.', 0, NULL, NULL, 'SpecialAbility'); 
INSERT INTO Action(creatureId, name, description, attackBonus, damageDice, damageBonus, actionCategory) VALUES(155, 'Hag Eye (Coven Only)', 'A hag coven can craft a magic item called a hag eye, which is made from a real eye coated in varnish and often fitted to a pendant or other wearable item. The hag eye is usually entrusted to a minion for safekeeping and transport. A hag in the coven can take an action to see what the hag eye sees if the hag eye is on the same plane of existence. A hag eye has AC 10, 1 hit point, and darkvision with a radius of 60 feet. If it is destroyed, each coven member takes 3d10 psychic damage and is blinded for 24 hours.
A hag coven can have only one hag eye at a time, and creating a new one requires all three members of the coven to perform a ritual. The ritual takes 1 hour, and the hags can''t perform it while blinded. During the ritual, if the hags take any action other than performing the ritual, they must start over.', 0, NULL, NULL, 'SpecialAbility'); 
INSERT INTO Action(creatureId, name, description, attackBonus, damageDice, damageBonus, actionCategory) VALUES(155, 'Claws', 'Melee Weapon Attack: +6 to hit, reach 5 ft., one target. Hit: 13 (2d8 + 4) slashing damage.', 6, '2d8', 4, 'Action'); 
INSERT INTO Action(creatureId, name, description, attackBonus, damageDice, damageBonus, actionCategory) VALUES(155, 'Illusory Appearance', 'The hag covers herself and anything she is wearing or carrying with a magical illusion that makes her look like another creature of her general size and humanoid shape. The illusion ends if the hag takes a bonus action to end it or if she dies.
The changes wrought by this effect fail to hold up to physical inspection. For example, the hag could appear to have smooth skin, but someone touching her would feel her rough flesh. Otherwise, a creature must take an action to visually inspect the illusion and succeed on a DC 20 Intelligence (Investigation) check to discern that the hag is disguised.', 0, NULL, NULL, 'Action'); 
INSERT INTO Action(creatureId, name, description, attackBonus, damageDice, damageBonus, actionCategory) VALUES(155, 'Invisible Passage', 'The hag magically turns invisible until she attacks or casts a spell, or until her concentration ends (as if concentrating on a spell). While invisible, she leaves no physical evidence of her passage, so she can be tracked only by magic. Any equipment she wears or carries is invisible with her.', 0, NULL, NULL, 'Action'); 
INSERT INTO Creature VALUES(156, 'Grick', 'Medium', 'monstrosity', NULL, 'neutral', 14, 14, 11, 3, 14, 5, '2', 0); 
INSERT INTO Speed(creatureId, name) VALUES(156, '30 ft.'); 
INSERT INTO Speed(creatureId, name) VALUES(156, ' climb 30 ft.'); 
INSERT INTO DamageResistance(creatureId, name) VALUES(156, 'bludgeoning, piercing, and slashing damage from nonmagical weapons'); 
INSERT INTO Sense(creatureId, description) VALUES(156, 'darkvision 60 ft.'); 
INSERT INTO Sense(creatureId, description) VALUES(156, ' passive Perception 12'); 
INSERT INTO Language(creatureId, name) VALUES(156, ''); 
INSERT INTO ArmorClass(creatureId, value) VALUES(156, 14); 
INSERT INTO HitPoint(creatureId, value, hitDice) VALUES(156, 27, '6d8'); 
INSERT INTO Action(creatureId, name, description, attackBonus, damageDice, damageBonus, actionCategory) VALUES(156, 'Stone Camouflage', 'The grick has advantage on Dexterity (Stealth) checks made to hide in rocky terrain.', 0, NULL, NULL, 'SpecialAbility'); 
INSERT INTO Action(creatureId, name, description, attackBonus, damageDice, damageBonus, actionCategory) VALUES(156, 'Multiattack', 'The grick makes one attack with its tentacles. If that attack hits, the grick can make one beak attack against the same target.', 0, NULL, NULL, 'Action'); 
INSERT INTO Action(creatureId, name, description, attackBonus, damageDice, damageBonus, actionCategory) VALUES(156, 'Tentacles', 'Melee Weapon Attack: +4 to hit, reach 5 ft., one target. Hit: 9 (2d6 + 2) slashing damage.', 4, '2d6', 2, 'Action'); 
INSERT INTO Action(creatureId, name, description, attackBonus, damageDice, damageBonus, actionCategory) VALUES(156, 'Beak', 'Melee Weapon Attack: +4 to hit, reach 5 ft., one target. Hit: 5 (1d6 + 2) piercing damage.', 4, '1d6', 2, 'Action'); 
INSERT INTO Creature VALUES(157, 'Griffon', 'Large', 'monstrosity', NULL, 'unaligned', 18, 15, 16, 2, 13, 8, '2', 0); 
INSERT INTO Speed(creatureId, name) VALUES(157, '30 ft.'); 
INSERT INTO Speed(creatureId, name) VALUES(157, ' fly 80 ft.'); 
INSERT INTO Skill (creatureId, name, modifier) VALUES(157, 'perception', 5); 
INSERT INTO Sense(creatureId, description) VALUES(157, 'darkvision 60 ft.'); 
INSERT INTO Sense(creatureId, description) VALUES(157, ' passive Perception 15'); 
INSERT INTO Language(creatureId, name) VALUES(157, ''); 
INSERT INTO ArmorClass(creatureId, value) VALUES(157, 12); 
INSERT INTO HitPoint(creatureId, value, hitDice) VALUES(157, 59, '7d10'); 
INSERT INTO Action(creatureId, name, description, attackBonus, damageDice, damageBonus, actionCategory) VALUES(157, 'Keen Sight', 'The griffon has advantage on Wisdom (Perception) checks that rely on sight.', 0, NULL, NULL, 'SpecialAbility'); 
INSERT INTO Action(creatureId, name, description, attackBonus, damageDice, damageBonus, actionCategory) VALUES(157, 'Multiattack', 'The griffon makes two attacks: one with its beak and one with its claws.', 0, NULL, NULL, 'Action'); 
INSERT INTO Action(creatureId, name, description, attackBonus, damageDice, damageBonus, actionCategory) VALUES(157, 'Beak', 'Melee Weapon Attack: +6 to hit, reach 5 ft., one target. Hit: 8 (1d8 + 4) piercing damage.', 6, '1d8', 4, 'Action'); 
INSERT INTO Action(creatureId, name, description, attackBonus, damageDice, damageBonus, actionCategory) VALUES(157, 'Claws', 'Melee Weapon Attack: +6 to hit, reach 5 ft., one target. Hit: 11 (2d6 + 4) slashing damage.', 6, '2d6', 4, 'Action'); 
INSERT INTO Creature VALUES(158, 'Grimlock', 'Medium', 'humanoid', 'grimlock', 'neutral evil', 16, 12, 12, 9, 8, 6, '1/4', 0); 
INSERT INTO Speed(creatureId, name) VALUES(158, '30 ft.'); 
INSERT INTO Skill (creatureId, name, modifier) VALUES(158, 'athletics', 5); 
INSERT INTO Skill (creatureId, name, modifier) VALUES(158, 'perception', 3); 
INSERT INTO Skill (creatureId, name, modifier) VALUES(158, 'stealth', 3); 
INSERT INTO DamageImmunity(creatureId, name) VALUES(158, 'blinded'); 
INSERT INTO Sense(creatureId, description) VALUES(158, 'blindsight 30 ft. or 10 ft. while deafened (blind beyond this radius)'); 
INSERT INTO Sense(creatureId, description) VALUES(158, ' passive Perception 13'); 
INSERT INTO Language(creatureId, name) VALUES(158, 'Undercommon'); 
INSERT INTO ArmorClass(creatureId, value) VALUES(158, 11); 
INSERT INTO HitPoint(creatureId, value, hitDice) VALUES(158, 11, '2d8'); 
INSERT INTO Action(creatureId, name, description, attackBonus, damageDice, damageBonus, actionCategory) VALUES(158, 'Blind Senses', 'The grimlock can''t use its blindsight while deafened and unable to smell.', 0, NULL, NULL, 'SpecialAbility'); 
INSERT INTO Action(creatureId, name, description, attackBonus, damageDice, damageBonus, actionCategory) VALUES(158, 'Keen Hearing and Smell', 'The grimlock has advantage on Wisdom (Perception) checks that rely on hearing or smell.', 0, NULL, NULL, 'SpecialAbility'); 
INSERT INTO Action(creatureId, name, description, attackBonus, damageDice, damageBonus, actionCategory) VALUES(158, 'Stone Camouflage', 'The grimlock has advantage on Dexterity (Stealth) checks made to hide in rocky terrain.', 0, NULL, NULL, 'SpecialAbility'); 
INSERT INTO Action(creatureId, name, description, attackBonus, damageDice, damageBonus, actionCategory) VALUES(158, 'Spiked Bone Club', 'Melee Weapon Attack: +5 to hit, reach 5 ft., one target. Hit: 5 (1d4 + 3) bludgeoning damage plus 2 (1d4) piercing damage.', 5, '1d4 + 1d4', 5, 'Action'); 
INSERT INTO Creature VALUES(159, 'Guard', 'Medium', 'humanoid', 'any race', 'any alignment', 13, 12, 12, 10, 11, 10, '1/8', 0); 
INSERT INTO Speed(creatureId, name) VALUES(159, '30 ft.'); 
INSERT INTO Skill (creatureId, name, modifier) VALUES(159, 'perception', 2); 
INSERT INTO Sense(creatureId, description) VALUES(159, 'passive Perception 12'); 
INSERT INTO Language(creatureId, name) VALUES(159, 'any one language (usually Common)'); 
INSERT INTO ArmorClass(creatureId, value) VALUES(159, 16); 
INSERT INTO HitPoint(creatureId, value, hitDice) VALUES(159, 11, '2d8'); 
INSERT INTO Action(creatureId, name, description, attackBonus, damageDice, damageBonus, actionCategory) VALUES(159, 'Spear', 'Melee or Ranged Weapon Attack: +3 to hit, reach 5 ft. or range 20/60 ft., one target. Hit: 4 (1d6 + 1) piercing damage or 5 (1d8 + 1) piercing damage if used with two hands to make a melee attack.', 3, '1d6', 1, 'Action'); 
INSERT INTO Creature VALUES(160, 'Guardian Naga', 'Large', 'monstrosity', NULL, 'lawful good', 19, 18, 16, 16, 19, 18, '10', 0); 
INSERT INTO Speed(creatureId, name) VALUES(160, '40 ft.'); 
INSERT INTO SavingThrow (creatureId, name, modifier) VALUES(160, 'dexterity_save', 8); 
INSERT INTO SavingThrow (creatureId, name, modifier) VALUES(160, 'constitution_save', 7); 
INSERT INTO SavingThrow (creatureId, name, modifier) VALUES(160, 'intelligence_save', 7); 
INSERT INTO SavingThrow (creatureId, name, modifier) VALUES(160, 'wisdom_save', 8); 
INSERT INTO SavingThrow (creatureId, name, modifier) VALUES(160, 'charisma_save', 8); 
INSERT INTO DamageImmunity(creatureId, name) VALUES(160, 'poison'); 
INSERT INTO ConditionImmunity(creatureId, name) VALUES(160, 'charmed, poisoned'); 
INSERT INTO Sense(creatureId, description) VALUES(160, 'darkvision 60 ft.'); 
INSERT INTO Sense(creatureId, description) VALUES(160, ' passive Perception 14'); 
INSERT INTO Language(creatureId, name) VALUES(160, 'Celestial'); 
INSERT INTO Language(creatureId, name) VALUES(160, ' Common'); 
INSERT INTO ArmorClass(creatureId, value) VALUES(160, 18); 
INSERT INTO HitPoint(creatureId, value, hitDice) VALUES(160, 127, '15d10'); 
INSERT INTO Action(creatureId, name, description, attackBonus, damageDice, damageBonus, actionCategory) VALUES(160, 'Rejuvenation', 'If it dies, the naga returns to life in 1d6 days and regains all its hit points. Only a wish spell can prevent this trait from functioning.', 0, NULL, NULL, 'SpecialAbility'); 
INSERT INTO Action(creatureId, name, description, attackBonus, damageDice, damageBonus, actionCategory) VALUES(160, 'Spellcasting', 'The naga is an 11th-level spellcaster. Its spellcasting ability is Wisdom (spell save DC 16, +8 to hit with spell attacks), and it needs only verbal components to cast its spells. It has the following cleric spells prepared:

• Cantrips (at will): mending, sacred flame, thaumaturgy
• 1st level (4 slots): command, cure wounds, shield of faith
• 2nd level (3 slots): calm emotions, hold person
• 3rd level (3 slots): bestow curse, clairvoyance
• 4th level (3 slots): banishment, freedom of movement
• 5th level (2 slots): flame strike, geas
• 6th level (1 slot): true seeing', 0, NULL, NULL, 'SpecialAbility'); 
INSERT INTO Action(creatureId, name, description, attackBonus, damageDice, damageBonus, actionCategory) VALUES(160, 'Bite', 'Melee Weapon Attack: +8 to hit, reach 10 ft., one creature. Hit: 8 (1d8 + 4) piercing damage, and the target must make a DC 15 Constitution saving throw, taking 45 (10d8) poison damage on a failed save, or half as much damage on a successful one.', 8, '1d8', 4, 'Action'); 
INSERT INTO Action(creatureId, name, description, attackBonus, damageDice, damageBonus, actionCategory) VALUES(160, 'Spit Poison', 'Ranged Weapon Attack: +8 to hit, range 15/30 ft., one creature. Hit: The target must make a DC 15 Constitution saving throw, taking 45 (10d8) poison damage on a failed save, or half as much damage on a successful one.', 8, '10d8', NULL, 'Action'); 
INSERT INTO Creature VALUES(161, 'Gynosphinx', 'Large', 'monstrosity', NULL, 'lawful neutral', 18, 15, 16, 18, 18, 18, '11', 0); 
INSERT INTO Speed(creatureId, name) VALUES(161, '40 ft.'); 
INSERT INTO Speed(creatureId, name) VALUES(161, ' fly 60 ft.'); 
INSERT INTO Skill (creatureId, name, modifier) VALUES(161, 'arcana', 12); 
INSERT INTO Skill (creatureId, name, modifier) VALUES(161, 'history', 12); 
INSERT INTO Skill (creatureId, name, modifier) VALUES(161, 'perception', 8); 
INSERT INTO Skill (creatureId, name, modifier) VALUES(161, 'religion', 8); 
INSERT INTO DamageResistance(creatureId, name) VALUES(161, 'bludgeoning, piercing, and slashing from nonmagical weapons'); 
INSERT INTO DamageImmunity(creatureId, name) VALUES(161, 'psychic'); 
INSERT INTO ConditionImmunity(creatureId, name) VALUES(161, 'charmed, frightened'); 
INSERT INTO Sense(creatureId, description) VALUES(161, 'truesight 120 ft.'); 
INSERT INTO Sense(creatureId, description) VALUES(161, ' passive Perception 18'); 
INSERT INTO Language(creatureId, name) VALUES(161, 'Common'); 
INSERT INTO Language(creatureId, name) VALUES(161, ' Sphinx'); 
INSERT INTO ArmorClass(creatureId, value) VALUES(161, 17); 
INSERT INTO HitPoint(creatureId, value, hitDice) VALUES(161, 136, '16d10'); 
INSERT INTO Action(creatureId, name, description, attackBonus, damageDice, damageBonus, actionCategory) VALUES(161, 'Inscrutable', 'The sphinx is immune to any effect that would sense its emotions or read its thoughts, as well as any divination spell that it refuses. Wisdom (Insight) checks made to ascertain the sphinx''s intentions or sincerity have disadvantage.', 0, NULL, NULL, 'SpecialAbility'); 
INSERT INTO Action(creatureId, name, description, attackBonus, damageDice, damageBonus, actionCategory) VALUES(161, 'Magic Weapons', 'The sphinx''s weapon attacks are magical.', 0, NULL, NULL, 'SpecialAbility'); 
INSERT INTO Action(creatureId, name, description, attackBonus, damageDice, damageBonus, actionCategory) VALUES(161, 'Spellcasting', 'The sphinx is a 9th-level spellcaster. Its spellcasting ability is Intelligence (spell save DC 16, +8 to hit with spell attacks). It requires no material components to cast its spells. The sphinx has the following wizard spells prepared:

• Cantrips (at will): mage hand, minor illusion, prestidigitation
• 1st level (4 slots): detect magic, identify, shield
• 2nd level (3 slots): darkness, locate object, suggestion
• 3rd level (3 slots): dispel magic, remove curse, tongues
• 4th level (3 slots): banishment, greater invisibility
• 5th level (1 slot): legend lore', 0, NULL, NULL, 'SpecialAbility'); 
INSERT INTO Action(creatureId, name, description, attackBonus, damageDice, damageBonus, actionCategory) VALUES(161, 'Multiattack', 'The sphinx makes two claw attacks.', 0, NULL, NULL, 'Action'); 
INSERT INTO Action(creatureId, name, description, attackBonus, damageDice, damageBonus, actionCategory) VALUES(161, 'Claw', 'Melee Weapon Attack: +9 to hit, reach 5 ft., one target. Hit: 13 (2d8 + 4) slashing damage.', 9, '2d8', 4, 'Action'); 
INSERT INTO Action(creatureId, name, description, attackBonus, damageDice, damageBonus, actionCategory) VALUES(161, 'Claw Attack', 'The sphinx makes one claw attack.', 0, NULL, NULL, 'LegendaryAction'); 
INSERT INTO Action(creatureId, name, description, attackBonus, damageDice, damageBonus, actionCategory) VALUES(161, 'Teleport (Costs 2 Actions)', 'The sphinx magically teleports, along with any equipment it is wearing or carrying, up to 120 feet to an unoccupied space it can see.', 0, NULL, NULL, 'LegendaryAction'); 
INSERT INTO Action(creatureId, name, description, attackBonus, damageDice, damageBonus, actionCategory) VALUES(161, 'Cast a Spell (Costs 3 Actions)', 'The sphinx casts a spell from its list of prepared spells, using a spell slot as normal.', 0, NULL, NULL, 'LegendaryAction'); 
INSERT INTO Creature VALUES(162, 'Half-Red Dragon Veteran', 'Medium', 'humanoid', 'human', 'any alignment', 16, 13, 14, 10, 11, 10, '5', 0); 
INSERT INTO Speed(creatureId, name) VALUES(162, '30 ft.'); 
INSERT INTO DamageResistance(creatureId, name) VALUES(162, 'fire'); 
INSERT INTO Sense(creatureId, description) VALUES(162, 'blindsight 10 ft.'); 
INSERT INTO Sense(creatureId, description) VALUES(162, ' darkvision 60 ft.'); 
INSERT INTO Sense(creatureId, description) VALUES(162, ' passive Perception 12'); 
INSERT INTO Language(creatureId, name) VALUES(162, 'Common'); 
INSERT INTO Language(creatureId, name) VALUES(162, ' Draconic'); 
INSERT INTO ArmorClass(creatureId, value) VALUES(162, 18); 
INSERT INTO HitPoint(creatureId, value, hitDice) VALUES(162, 65, '10d8'); 
INSERT INTO Action(creatureId, name, description, attackBonus, damageDice, damageBonus, actionCategory) VALUES(162, 'Multiattack', 'The veteran makes two longsword attacks. If it has a shortsword drawn, it can also make a shortsword attack.', 0, NULL, NULL, 'Action'); 
INSERT INTO Action(creatureId, name, description, attackBonus, damageDice, damageBonus, actionCategory) VALUES(162, 'Longsword', 'Weapon Attack: +5 to hit, reach 5 ft., one target. Hit: 7 (1d8 + 3) slashing damage, or 8 (1d10 + 3) slashing damage if used with two hands.', 5, '1d8', 3, 'Action'); 
INSERT INTO Action(creatureId, name, description, attackBonus, damageDice, damageBonus, actionCategory) VALUES(162, 'Shortsword', 'Melee Weapon Attack: +5 to hit, reach 5 ft., one target. Hit: 6 (1d6 + 3) piercing damage.', 5, '1d6', 3, 'Action'); 
INSERT INTO Action(creatureId, name, description, attackBonus, damageDice, damageBonus, actionCategory) VALUES(162, 'Heavy Crossbow', 'Ranged Weapon Attack: +3 to hit, range 100/400 ft., one target. Hit: 6 (1d10 + 1) piercing damage.', 3, '1d10', 1, 'Action'); 
INSERT INTO Action(creatureId, name, description, attackBonus, damageDice, damageBonus, actionCategory) VALUES(162, 'Fire Breath (Recharge 5-6)', 'The veteran exhales fire in a 15-foot cone. Each creature in that area must make a DC 15 Dexterity saving throw, taking 24 (7d6) fire damage on a failed save, or half as much damage on a successful one.', 0, '7d6', NULL, 'Action'); 
INSERT INTO Creature VALUES(163, 'Harpy', 'Medium', 'monstrosity', NULL, 'chaotic evil', 12, 13, 12, 7, 10, 13, '1', 0); 
INSERT INTO Speed(creatureId, name) VALUES(163, '20 ft.'); 
INSERT INTO Speed(creatureId, name) VALUES(163, ' fly 40 ft.'); 
INSERT INTO Sense(creatureId, description) VALUES(163, 'passive Perception 10'); 
INSERT INTO Language(creatureId, name) VALUES(163, 'Common'); 
INSERT INTO ArmorClass(creatureId, value) VALUES(163, 11); 
INSERT INTO HitPoint(creatureId, value, hitDice) VALUES(163, 38, '7d8'); 
INSERT INTO Action(creatureId, name, description, attackBonus, damageDice, damageBonus, actionCategory) VALUES(163, 'Multiattack', 'The harpy makes two attacks: one with its claws and one with its club.', 0, NULL, NULL, 'Action'); 
INSERT INTO Action(creatureId, name, description, attackBonus, damageDice, damageBonus, actionCategory) VALUES(163, 'Claws', 'Melee Weapon Attack: +3 to hit, reach 5 ft., one target. Hit: 6 (2d4 + 1) slashing damage.', 3, '2d4', 1, 'Action'); 
INSERT INTO Action(creatureId, name, description, attackBonus, damageDice, damageBonus, actionCategory) VALUES(163, 'Club', 'Melee Weapon Attack: +3 to hit, reach 5 ft., one target. Hit: 3 (1d4 + 1) bludgeoning damage.', 3, '1d4', 1, 'Action'); 
INSERT INTO Action(creatureId, name, description, attackBonus, damageDice, damageBonus, actionCategory) VALUES(163, 'Luring Song', 'The harpy sings a magical melody. Every humanoid and giant within 300 ft. of the harpy that can hear the song must succeed on a DC 11 Wisdom saving throw or be charmed until the song ends. The harpy must take a bonus action on its subsequent turns to continue singing. It can stop singing at any time. The song ends if the harpy is incapacitated.
While charmed by the harpy, a target is incapacitated and ignores the songs of other harpies. If the charmed target is more than 5 ft. away from the harpy, the must move on its turn toward the harpy by the most direct route. It doesn''t avoid opportunity attacks, but before moving into damaging terrain, such as lava or a pit, and whenever it takes damage from a source other than the harpy, a target can repeat the saving throw. A creature can also repeat the saving throw at the end of each of its turns. If a creature''s saving throw is successful, the effect ends on it.
A target that successfully saves is immune to this harpy''s song for the next 24 hours.', 0, NULL, NULL, 'Action'); 
INSERT INTO Creature VALUES(164, 'Hawk', 'Tiny', 'beast', NULL, 'unaligned', 5, 16, 8, 2, 14, 6, '0', 0); 
INSERT INTO Speed(creatureId, name) VALUES(164, '10 ft.'); 
INSERT INTO Speed(creatureId, name) VALUES(164, ' fly 60 ft.'); 
INSERT INTO Skill (creatureId, name, modifier) VALUES(164, 'perception', 4); 
INSERT INTO Sense(creatureId, description) VALUES(164, 'passive Perception 14'); 
INSERT INTO Language(creatureId, name) VALUES(164, ''); 
INSERT INTO ArmorClass(creatureId, value) VALUES(164, 13); 
INSERT INTO HitPoint(creatureId, value, hitDice) VALUES(164, 1, '1d4'); 
INSERT INTO Action(creatureId, name, description, attackBonus, damageDice, damageBonus, actionCategory) VALUES(164, 'Keen Sight', 'The hawk has advantage on Wisdom (Perception) checks that rely on sight.', 0, NULL, NULL, 'SpecialAbility'); 
INSERT INTO Action(creatureId, name, description, attackBonus, damageDice, damageBonus, actionCategory) VALUES(164, 'Talons', 'Melee Weapon Attack: +5 to hit, reach 5 ft., one target. Hit: 1 slashing damage.', 5, NULL, 1, 'Action'); 
INSERT INTO Creature VALUES(165, 'Hell Hound', 'Medium', 'fiend', NULL, 'lawful evil', 17, 12, 14, 6, 13, 6, '3', 0); 
INSERT INTO Speed(creatureId, name) VALUES(165, '50 ft.'); 
INSERT INTO Skill (creatureId, name, modifier) VALUES(165, 'perception', 5); 
INSERT INTO DamageImmunity(creatureId, name) VALUES(165, 'fire'); 
INSERT INTO Sense(creatureId, description) VALUES(165, 'darkvision 60 ft.'); 
INSERT INTO Sense(creatureId, description) VALUES(165, ' passive Perception 15'); 
INSERT INTO Language(creatureId, name) VALUES(165, 'understands Infernal but can''t speak it'); 
INSERT INTO ArmorClass(creatureId, value) VALUES(165, 15); 
INSERT INTO HitPoint(creatureId, value, hitDice) VALUES(165, 45, '7d8'); 
INSERT INTO Action(creatureId, name, description, attackBonus, damageDice, damageBonus, actionCategory) VALUES(165, 'Keen Hearing and Smell', 'The hound has advantage on Wisdom (Perception) checks that rely on hearing or smell.', 0, NULL, NULL, 'SpecialAbility'); 
INSERT INTO Action(creatureId, name, description, attackBonus, damageDice, damageBonus, actionCategory) VALUES(165, 'Pack Tactics', 'The hound has advantage on an attack roll against a creature if at least one of the hound''s allies is within 5 ft. of the creature and the ally isn''t incapacitated.', 0, NULL, NULL, 'SpecialAbility'); 
INSERT INTO Action(creatureId, name, description, attackBonus, damageDice, damageBonus, actionCategory) VALUES(165, 'Bite', 'Melee Weapon Attack: +5 to hit, reach 5 ft., one target. Hit: 7 (1d8 + 3) piercing damage plus 7 (2d6) fire damage.', 5, '1d8', 3, 'Action'); 
INSERT INTO Action(creatureId, name, description, attackBonus, damageDice, damageBonus, actionCategory) VALUES(165, 'Fire Breath (Recharge 5-6)', 'The hound exhales fire in a 15-foot cone. Each creature in that area must make a DC 12 Dexterity saving throw, taking 21 (6d6) fire damage on a failed save, or half as much damage on a successful one.', 0, '6d6', NULL, 'Action'); 
INSERT INTO Creature VALUES(166, 'Hezrou', 'Large', 'fiend', 'demon', 'chaotic evil', 19, 17, 20, 5, 12, 13, '8', 0); 
INSERT INTO Speed(creatureId, name) VALUES(166, '30 ft.'); 
INSERT INTO SavingThrow (creatureId, name, modifier) VALUES(166, 'strength_save', 7); 
INSERT INTO SavingThrow (creatureId, name, modifier) VALUES(166, 'constitution_save', 8); 
INSERT INTO SavingThrow (creatureId, name, modifier) VALUES(166, 'wisdom_save', 4); 
INSERT INTO DamageResistance(creatureId, name) VALUES(166, 'cold, fire, lightning; bludgeoning, piercing, and slashing from nonmagical weapons'); 
INSERT INTO DamageImmunity(creatureId, name) VALUES(166, 'poison'); 
INSERT INTO ConditionImmunity(creatureId, name) VALUES(166, 'poisoned'); 
INSERT INTO Sense(creatureId, description) VALUES(166, 'darkvision 120 ft.'); 
INSERT INTO Sense(creatureId, description) VALUES(166, ' passive Perception 11'); 
INSERT INTO Language(creatureId, name) VALUES(166, 'Abyssal'); 
INSERT INTO Language(creatureId, name) VALUES(166, ' telepathy 120 ft.'); 
INSERT INTO ArmorClass(creatureId, value) VALUES(166, 16); 
INSERT INTO HitPoint(creatureId, value, hitDice) VALUES(166, 136, '13d10'); 
INSERT INTO Action(creatureId, name, description, attackBonus, damageDice, damageBonus, actionCategory) VALUES(166, 'Magic Resistance', 'The hezrou has advantage on saving throws against spells and other magical effects.', 0, NULL, NULL, 'SpecialAbility'); 
INSERT INTO Action(creatureId, name, description, attackBonus, damageDice, damageBonus, actionCategory) VALUES(166, 'Stench', 'Any creature that starts its turn within 10 feet of the hezrou must succeed on a DC 14 Constitution saving throw or be poisoned until the start of its next turn. On a successful saving throw, the creature is immune to the hezrou''s stench for 24 hours.', 0, NULL, NULL, 'SpecialAbility'); 
INSERT INTO Action(creatureId, name, description, attackBonus, damageDice, damageBonus, actionCategory) VALUES(166, 'Multiattack', 'The hezrou makes three attacks: one with its bite and two with its claws.', 0, NULL, NULL, 'Action'); 
INSERT INTO Action(creatureId, name, description, attackBonus, damageDice, damageBonus, actionCategory) VALUES(166, 'Bite', 'Melee Weapon Attack: +7 to hit, reach 5 ft., one target. Hit: 15 (2d10 + 4) piercing damage.', 7, '2d10', 4, 'Action'); 
INSERT INTO Action(creatureId, name, description, attackBonus, damageDice, damageBonus, actionCategory) VALUES(166, 'Claws', 'Melee Weapon Attack: +7 to hit, reach 5 ft., one target. Hit: 11 (2d6 + 4) slashing damage.', 7, '2d6', 4, 'Action'); 
INSERT INTO Action(creatureId, name, description, attackBonus, damageDice, damageBonus, actionCategory) VALUES(166, 'Variant: Summon Demon (1/Day)', 'The demon chooses what to summon and attempts a magical summoning.
A hezrou has a 30 percent chance of summoning 2d6 dretches or one hezrou.
A summoned demon appears in an unoccupied space within 60 feet of its summoner, acts as an ally of its summoner, and can''t summon other demons. It remains for 1 minute, until it or its summoner dies, or until its summoner dismisses it as an action.', 0, NULL, NULL, 'Action'); 
INSERT INTO Creature VALUES(167, 'Hill Giant', 'Huge', 'giant', NULL, 'chaotic evil', 21, 8, 19, 5, 9, 6, '5', 0); 
INSERT INTO Speed(creatureId, name) VALUES(167, '40 ft.'); 
INSERT INTO Skill (creatureId, name, modifier) VALUES(167, 'perception', 2); 
INSERT INTO Sense(creatureId, description) VALUES(167, 'passive Perception 12'); 
INSERT INTO Language(creatureId, name) VALUES(167, 'Giant'); 
INSERT INTO ArmorClass(creatureId, value) VALUES(167, 13); 
INSERT INTO HitPoint(creatureId, value, hitDice) VALUES(167, 105, '10d12'); 
INSERT INTO Action(creatureId, name, description, attackBonus, damageDice, damageBonus, actionCategory) VALUES(167, 'Multiattack', 'The giant makes two greatclub attacks.', 0, NULL, NULL, 'Action'); 
INSERT INTO Action(creatureId, name, description, attackBonus, damageDice, damageBonus, actionCategory) VALUES(167, 'Greatclub', 'Melee Weapon Attack: +8 to hit, reach 10 ft., one target. Hit: 18 (3d8 + 5) bludgeoning damage.', 8, '3d8', 5, 'Action'); 
INSERT INTO Action(creatureId, name, description, attackBonus, damageDice, damageBonus, actionCategory) VALUES(167, 'Rock', 'Ranged Weapon Attack: +8 to hit, range 60/240 ft., one target. Hit: 21 (3d10 + 5) bludgeoning damage.', 8, '3d10', 5, 'Action'); 
INSERT INTO Creature VALUES(168, 'Hippogriff', 'Large', 'monstrosity', NULL, 'unaligned', 17, 13, 13, 2, 12, 8, '1', 0); 
INSERT INTO Speed(creatureId, name) VALUES(168, '40 ft'); 
INSERT INTO Speed(creatureId, name) VALUES(168, ' fly 60 ft.'); 
INSERT INTO Skill (creatureId, name, modifier) VALUES(168, 'perception', 5); 
INSERT INTO Sense(creatureId, description) VALUES(168, 'passive Perception 15'); 
INSERT INTO Language(creatureId, name) VALUES(168, ''); 
INSERT INTO ArmorClass(creatureId, value) VALUES(168, 11); 
INSERT INTO HitPoint(creatureId, value, hitDice) VALUES(168, 19, '3d10'); 
INSERT INTO Action(creatureId, name, description, attackBonus, damageDice, damageBonus, actionCategory) VALUES(168, 'Keen Sight', 'The hippogriff has advantage on Wisdom (Perception) checks that rely on sight.', 0, NULL, NULL, 'SpecialAbility'); 
INSERT INTO Action(creatureId, name, description, attackBonus, damageDice, damageBonus, actionCategory) VALUES(168, 'Multiattack', 'The hippogriff makes two attacks: one with its beak and one with its claws.', 0, NULL, NULL, 'Action'); 
INSERT INTO Action(creatureId, name, description, attackBonus, damageDice, damageBonus, actionCategory) VALUES(168, 'Beak', 'Melee Weapon Attack: +5 to hit, reach 5 ft., one target. Hit: 8 (1d10 + 3) piercing damage.', 5, '1d10', 3, 'Action'); 
INSERT INTO Action(creatureId, name, description, attackBonus, damageDice, damageBonus, actionCategory) VALUES(168, 'Claws', 'Melee Weapon Attack: +5 to hit, reach 5 ft., one target. Hit: 10 (2d6 + 3) slashing damage.', 5, '2d6', 3, 'Action'); 
INSERT INTO Creature VALUES(169, 'Hobgoblin', 'Medium', 'humanoid', 'goblinoid', 'lawful evil', 13, 12, 12, 10, 10, 9, '1/2', 0); 
INSERT INTO Speed(creatureId, name) VALUES(169, '30 ft.'); 
INSERT INTO Sense(creatureId, description) VALUES(169, 'darkvision 60 ft.'); 
INSERT INTO Sense(creatureId, description) VALUES(169, ' passive Perception 10'); 
INSERT INTO Language(creatureId, name) VALUES(169, 'Common'); 
INSERT INTO Language(creatureId, name) VALUES(169, ' Goblin'); 
INSERT INTO ArmorClass(creatureId, value) VALUES(169, 18); 
INSERT INTO HitPoint(creatureId, value, hitDice) VALUES(169, 11, '2d8'); 
INSERT INTO Action(creatureId, name, description, attackBonus, damageDice, damageBonus, actionCategory) VALUES(169, 'Martial Advantage', 'Once per turn, the hobgoblin can deal an extra 7 (2d6) damage to a creature it hits with a weapon attack if that creature is within 5 ft. of an ally of the hobgoblin that isn''t incapacitated.', 0, '2d6', NULL, 'SpecialAbility'); 
INSERT INTO Action(creatureId, name, description, attackBonus, damageDice, damageBonus, actionCategory) VALUES(169, 'Longsword', 'Melee Weapon Attack: +3 to hit, reach 5 ft., one target. Hit: 5 (1d8 + 1) slashing damage, or 6 (1d10 + 1) slashing damage if used with two hands.', 3, '1d8', 1, 'Action'); 
INSERT INTO Action(creatureId, name, description, attackBonus, damageDice, damageBonus, actionCategory) VALUES(169, 'Longbow', 'Ranged Weapon Attack: +3 to hit, range 150/600 ft., one target. Hit: 5 (1d8 + 1) piercing damage.', 3, '1d8', 1, 'Action'); 
INSERT INTO Creature VALUES(170, 'Homunculus', 'Tiny', 'construct', NULL, 'neutral', 4, 15, 11, 10, 10, 7, '0', 0); 
INSERT INTO Speed(creatureId, name) VALUES(170, '20 ft.'); 
INSERT INTO Speed(creatureId, name) VALUES(170, ' fly 40 ft.'); 
INSERT INTO DamageImmunity(creatureId, name) VALUES(170, 'poison'); 
INSERT INTO ConditionImmunity(creatureId, name) VALUES(170, 'charmed, poisoned'); 
INSERT INTO Sense(creatureId, description) VALUES(170, 'darkvision 60 ft.'); 
INSERT INTO Sense(creatureId, description) VALUES(170, ' passive Perception 10'); 
INSERT INTO Language(creatureId, name) VALUES(170, 'understands the languages of its creator but can''t speak'); 
INSERT INTO ArmorClass(creatureId, value) VALUES(170, 13); 
INSERT INTO HitPoint(creatureId, value, hitDice) VALUES(170, 5, '2d4'); 
INSERT INTO Action(creatureId, name, description, attackBonus, damageDice, damageBonus, actionCategory) VALUES(170, 'Telepathic Bond', 'While the homunculus is on the same plane of existence as its master, it can magically convey what it senses to its master, and the two can communicate telepathically.', 0, NULL, NULL, 'SpecialAbility'); 
INSERT INTO Action(creatureId, name, description, attackBonus, damageDice, damageBonus, actionCategory) VALUES(170, 'Bite', 'Melee Weapon Attack: +4 to hit, reach 5 ft., one creature. Hit: 1 piercing damage, and the target must succeed on a DC 10 Constitution saving throw or be poisoned for 1 minute. If the saving throw fails by 5 or more, the target is instead poisoned for 5 (1d10) minutes and unconscious while poisoned in this way.', 4, NULL, 1, 'Action'); 
INSERT INTO Creature VALUES(171, 'Horned Devil', 'Large', 'fiend', 'devil', 'lawful evil', 22, 17, 21, 12, 16, 17, '11', 0); 
INSERT INTO Speed(creatureId, name) VALUES(171, '20 ft.'); 
INSERT INTO Speed(creatureId, name) VALUES(171, ' fly 60 ft.'); 
INSERT INTO SavingThrow (creatureId, name, modifier) VALUES(171, 'strength_save', 10); 
INSERT INTO SavingThrow (creatureId, name, modifier) VALUES(171, 'dexterity_save', 7); 
INSERT INTO SavingThrow (creatureId, name, modifier) VALUES(171, 'wisdom_save', 7); 
INSERT INTO SavingThrow (creatureId, name, modifier) VALUES(171, 'charisma_save', 7); 
INSERT INTO DamageResistance(creatureId, name) VALUES(171, 'cold; bludgeoning, piercing, and slashing from nonmagical weapons that aren''t silvered'); 
INSERT INTO DamageImmunity(creatureId, name) VALUES(171, 'fire, poison'); 
INSERT INTO ConditionImmunity(creatureId, name) VALUES(171, 'poisoned'); 
INSERT INTO Sense(creatureId, description) VALUES(171, 'darkvision 120 ft.'); 
INSERT INTO Sense(creatureId, description) VALUES(171, ' passive Perception 13'); 
INSERT INTO Language(creatureId, name) VALUES(171, 'Infernal'); 
INSERT INTO Language(creatureId, name) VALUES(171, ' telepathy 120 ft.'); 
INSERT INTO ArmorClass(creatureId, value) VALUES(171, 18); 
INSERT INTO HitPoint(creatureId, value, hitDice) VALUES(171, 148, '17d10'); 
INSERT INTO Action(creatureId, name, description, attackBonus, damageDice, damageBonus, actionCategory) VALUES(171, 'Devil''s Sight', 'Magical darkness doesn''t impede the devil''s darkvision.', 0, NULL, NULL, 'SpecialAbility'); 
INSERT INTO Action(creatureId, name, description, attackBonus, damageDice, damageBonus, actionCategory) VALUES(171, 'Magic Resistance', 'The devil has advantage on saving throws against spells and other magical effects.', 0, NULL, NULL, 'SpecialAbility'); 
INSERT INTO Action(creatureId, name, description, attackBonus, damageDice, damageBonus, actionCategory) VALUES(171, 'Multiattack', 'The devil makes three melee attacks: two with its fork and one with its tail. It can use Hurl Flame in place of any melee attack.', 0, NULL, NULL, 'Action'); 
INSERT INTO Action(creatureId, name, description, attackBonus, damageDice, damageBonus, actionCategory) VALUES(171, 'Fork', 'Melee Weapon Attack: +10 to hit, reach 10 ft., one target. Hit: 15 (2d8 + 6) piercing damage.', 10, '2d8', 6, 'Action'); 
INSERT INTO Action(creatureId, name, description, attackBonus, damageDice, damageBonus, actionCategory) VALUES(171, 'Tail', 'Melee Weapon Attack: +10 to hit, reach 10 ft., one target. Hit: 10 (1d8 + 6) piercing damage. If the target is a creature other than an undead or a construct, it must succeed on a DC 17 Constitution saving throw or lose 10 (3d6) hit points at the start of each of its turns due to an infernal wound. Each time the devil hits the wounded target with this attack, the damage dealt by the wound increases by 10 (3d6). Any creature can take an action to stanch the wound with a successful DC 12 Wisdom (Medicine) check. The wound also closes if the target receives magical healing.', 10, '1d8', 6, 'Action'); 
INSERT INTO Action(creatureId, name, description, attackBonus, damageDice, damageBonus, actionCategory) VALUES(171, 'Hurl Flame', 'Ranged Spell Attack: +7 to hit, range 150 ft., one target. Hit: 14 (4d6) fire damage. If the target is a flammable object that isn''t being worn or carried, it also catches fire.', 7, '4d6', NULL, 'Action'); 
INSERT INTO Creature VALUES(172, 'Hunter Shark', 'Large', 'beast', NULL, 'unaligned', 18, 13, 15, 1, 10, 4, '2', 0); 
INSERT INTO Speed(creatureId, name) VALUES(172, 'swim 40 ft.'); 
INSERT INTO Skill (creatureId, name, modifier) VALUES(172, 'perception', 2); 
INSERT INTO Sense(creatureId, description) VALUES(172, 'darkvision 30 ft.'); 
INSERT INTO Sense(creatureId, description) VALUES(172, ' passive Perception 12'); 
INSERT INTO Language(creatureId, name) VALUES(172, ''); 
INSERT INTO ArmorClass(creatureId, value) VALUES(172, 12); 
INSERT INTO HitPoint(creatureId, value, hitDice) VALUES(172, 45, '6d10'); 
INSERT INTO Action(creatureId, name, description, attackBonus, damageDice, damageBonus, actionCategory) VALUES(172, 'Blood Frenzy', 'The shark has advantage on melee attack rolls against any creature that doesn''t have all its hit points.', 0, NULL, NULL, 'SpecialAbility'); 
INSERT INTO Action(creatureId, name, description, attackBonus, damageDice, damageBonus, actionCategory) VALUES(172, 'Water Breathing', 'The shark can breathe only underwater.', 0, NULL, NULL, 'SpecialAbility'); 
INSERT INTO Action(creatureId, name, description, attackBonus, damageDice, damageBonus, actionCategory) VALUES(172, 'Bite', 'Melee Weapon Attack: +6 to hit, reach 5 ft., one target. Hit: 13 (2d8 + 4) piercing damage.', 6, '2d8', 4, 'Action'); 
INSERT INTO Creature VALUES(173, 'Hydra', 'Huge', 'monstrosity', NULL, 'unaligned', 20, 12, 20, 2, 10, 7, '8', 0); 
INSERT INTO Speed(creatureId, name) VALUES(173, '30 ft.'); 
INSERT INTO Speed(creatureId, name) VALUES(173, ' swim 30 ft.'); 
INSERT INTO Skill (creatureId, name, modifier) VALUES(173, 'perception', 6); 
INSERT INTO Sense(creatureId, description) VALUES(173, 'darkvision 60 ft.'); 
INSERT INTO Sense(creatureId, description) VALUES(173, ' passive Perception 16'); 
INSERT INTO Language(creatureId, name) VALUES(173, ''); 
INSERT INTO ArmorClass(creatureId, value) VALUES(173, 15); 
INSERT INTO HitPoint(creatureId, value, hitDice) VALUES(173, 172, '15d12'); 
INSERT INTO Action(creatureId, name, description, attackBonus, damageDice, damageBonus, actionCategory) VALUES(173, 'Hold Breath', 'The hydra can hold its breath for 1 hour.', 0, NULL, NULL, 'SpecialAbility'); 
INSERT INTO Action(creatureId, name, description, attackBonus, damageDice, damageBonus, actionCategory) VALUES(173, 'Multiple Heads', 'The hydra has five heads. While it has more than one head, the hydra has advantage on saving throws against being blinded, charmed, deafened, frightened, stunned, and knocked unconscious.
Whenever the hydra takes 25 or more damage in a single turn, one of its heads dies. If all its heads die, the hydra dies.
At the end of its turn, it grows two heads for each of its heads that died since its last turn, unless it has taken fire damage since its last turn. The hydra regains 10 hit points for each head regrown in this way.', 0, NULL, NULL, 'SpecialAbility'); 
INSERT INTO Action(creatureId, name, description, attackBonus, damageDice, damageBonus, actionCategory) VALUES(173, 'Reactive Heads', 'For each head the hydra has beyond one, it gets an extra reaction that can be used only for opportunity attacks.', 0, NULL, NULL, 'SpecialAbility'); 
INSERT INTO Action(creatureId, name, description, attackBonus, damageDice, damageBonus, actionCategory) VALUES(173, 'Wakeful', 'While the hydra sleeps, at least one of its heads is awake.', 0, NULL, NULL, 'SpecialAbility'); 
INSERT INTO Action(creatureId, name, description, attackBonus, damageDice, damageBonus, actionCategory) VALUES(173, 'Multiattack', 'The hydra makes as many bite attacks as it has heads.', 0, NULL, NULL, 'Action'); 
INSERT INTO Action(creatureId, name, description, attackBonus, damageDice, damageBonus, actionCategory) VALUES(173, 'Bite', 'Melee Weapon Attack: +8 to hit, reach 10 ft., one target. Hit: 10 (1d10 + 5) piercing damage.', 8, '1d10', 5, 'Action'); 
INSERT INTO Creature VALUES(174, 'Hyena', 'Medium', 'beast', NULL, 'unaligned', 11, 13, 12, 2, 12, 5, '0', 0); 
INSERT INTO Speed(creatureId, name) VALUES(174, '50 ft.'); 
INSERT INTO Skill (creatureId, name, modifier) VALUES(174, 'perception', 3); 
INSERT INTO Sense(creatureId, description) VALUES(174, 'passive Perception 13'); 
INSERT INTO Language(creatureId, name) VALUES(174, ''); 
INSERT INTO ArmorClass(creatureId, value) VALUES(174, 11); 
INSERT INTO HitPoint(creatureId, value, hitDice) VALUES(174, 5, '1d8'); 
INSERT INTO Action(creatureId, name, description, attackBonus, damageDice, damageBonus, actionCategory) VALUES(174, 'Pack Tactics', 'The hyena has advantage on an attack roll against a creature if at least one of the hyena''s allies is within 5 ft. of the creature and the ally isn''t incapacitated.', 0, NULL, NULL, 'SpecialAbility'); 
INSERT INTO Action(creatureId, name, description, attackBonus, damageDice, damageBonus, actionCategory) VALUES(174, 'Bite', 'Weapon Attack: +2 to hit, reach 5 ft., one target. Hit: 3 (1d6) piercing damage.', 2, '1d6', NULL, 'Action'); 
INSERT INTO Creature VALUES(175, 'Ice Devil', 'Large', 'fiend', 'devil', 'lawful evil', 21, 14, 18, 18, 15, 18, '14', 0); 
INSERT INTO Speed(creatureId, name) VALUES(175, '40 ft.'); 
INSERT INTO SavingThrow (creatureId, name, modifier) VALUES(175, 'dexterity_save', 7); 
INSERT INTO SavingThrow (creatureId, name, modifier) VALUES(175, 'constitution_save', 9); 
INSERT INTO SavingThrow (creatureId, name, modifier) VALUES(175, 'wisdom_save', 7); 
INSERT INTO SavingThrow (creatureId, name, modifier) VALUES(175, 'charisma_save', 9); 
INSERT INTO DamageResistance(creatureId, name) VALUES(175, 'bludgeoning, piercing, and slashing from nonmagical weapons that aren''t silvered'); 
INSERT INTO DamageImmunity(creatureId, name) VALUES(175, 'fire, poison'); 
INSERT INTO ConditionImmunity(creatureId, name) VALUES(175, 'poisoned'); 
INSERT INTO Sense(creatureId, description) VALUES(175, 'blindsight 60 ft.'); 
INSERT INTO Sense(creatureId, description) VALUES(175, ' darkvision 120 ft.'); 
INSERT INTO Sense(creatureId, description) VALUES(175, ' passive Perception 12'); 
INSERT INTO Language(creatureId, name) VALUES(175, 'Infernal'); 
INSERT INTO Language(creatureId, name) VALUES(175, ' telepathy 120 ft.'); 
INSERT INTO ArmorClass(creatureId, value) VALUES(175, 18); 
INSERT INTO HitPoint(creatureId, value, hitDice) VALUES(175, 180, '19d10'); 
INSERT INTO Action(creatureId, name, description, attackBonus, damageDice, damageBonus, actionCategory) VALUES(175, 'Devil''s Sight', 'Magical darkness doesn''t impede the devil''s darkvision.', 0, NULL, NULL, 'SpecialAbility'); 
INSERT INTO Action(creatureId, name, description, attackBonus, damageDice, damageBonus, actionCategory) VALUES(175, 'Magic Resistance', 'The devil has advantage on saving throws against spells and other magical effects.', 0, NULL, NULL, 'SpecialAbility'); 
INSERT INTO Action(creatureId, name, description, attackBonus, damageDice, damageBonus, actionCategory) VALUES(175, 'Multiattack', 'The devil makes three attacks: one with its bite, one with its claws, and one with its tail.', 0, NULL, NULL, 'Action'); 
INSERT INTO Action(creatureId, name, description, attackBonus, damageDice, damageBonus, actionCategory) VALUES(175, 'Bite', 'Melee Weapon Attack: +10 to hit, reach 5 ft., one target. Hit: 12 (2d6 + 5) piercing damage plus 10 (3d6) cold damage.', 10, '2d6 + 3d6', 5, 'Action'); 
INSERT INTO Action(creatureId, name, description, attackBonus, damageDice, damageBonus, actionCategory) VALUES(175, 'Claws', 'Melee Weapon Attack: +10 to hit, reach 5 ft., one target. Hit: 10 (2d4 + 5) slashing damage plus 10 (3d6) cold damage.', 10, '2d4 + 3d6', 5, 'Action'); 
INSERT INTO Action(creatureId, name, description, attackBonus, damageDice, damageBonus, actionCategory) VALUES(175, 'Tail', 'Melee Weapon Attack:+10 to hit, reach 10 ft., one target. Hit: 12 (2d6 + 5) bludgeoning damage plus 10 (3d6) cold damage.', 10, '2d6 + 3d6', 5, 'Action'); 
INSERT INTO Action(creatureId, name, description, attackBonus, damageDice, damageBonus, actionCategory) VALUES(175, 'Wall of Ice', 'The devil magically forms an opaque wall of ice on a solid surface it can see within 60 feet of it. The wall is 1 foot thick and up to 30 feet long and 10 feet high, or it''s a hemispherical dome up to 20 feet in diameter.
When the wall appears, each creature in its space is pushed out of it by the shortest route. The creature chooses which side of the wall to end up on, unless the creature is incapacitated. The creature then makes a DC 17 Dexterity saving throw, taking 35 (10d6) cold damage on a failed save, or half as much damage on a successful one.
The wall lasts for 1 minute or until the devil is incapacitated or dies. The wall can be damaged and breached; each 10-foot section has AC 5, 30 hit points, vulnerability to fire damage, and immunity to acid, cold, necrotic, poison, and psychic damage. If a section is destroyed, it leaves behind a sheet of frigid air in the space the wall occupied. Whenever a creature finishes moving through the frigid air on a turn, willingly or otherwise, the creature must make a DC 17 Constitution saving throw, taking 17 (5d6) cold damage on a failed save, or half as much damage on a successful one. The frigid air dissipates when the rest of the wall vanishes.', 0, NULL, NULL, 'Action'); 
INSERT INTO Creature VALUES(176, 'Ice Mephit', 'Small', 'elemental', NULL, 'neutral evil', 7, 13, 10, 9, 11, 12, '1/2', 0); 
INSERT INTO Speed(creatureId, name) VALUES(176, '30 ft.'); 
INSERT INTO Speed(creatureId, name) VALUES(176, ' fly 30 ft.'); 
INSERT INTO Skill (creatureId, name, modifier) VALUES(176, 'perception', 2); 
INSERT INTO Skill (creatureId, name, modifier) VALUES(176, 'stealth', 3); 
INSERT INTO DamageVulnerability(creatureId, name) VALUES(176, 'bludgeoning, fire'); 
INSERT INTO DamageImmunity(creatureId, name) VALUES(176, 'cold, poison'); 
INSERT INTO ConditionImmunity(creatureId, name) VALUES(176, 'poisoned'); 
INSERT INTO Sense(creatureId, description) VALUES(176, 'darkvision 60 ft.'); 
INSERT INTO Sense(creatureId, description) VALUES(176, ' passive Perception 12'); 
INSERT INTO Language(creatureId, name) VALUES(176, 'Aquan'); 
INSERT INTO Language(creatureId, name) VALUES(176, ' Auran'); 
INSERT INTO ArmorClass(creatureId, value) VALUES(176, 11); 
INSERT INTO HitPoint(creatureId, value, hitDice) VALUES(176, 21, '6d6'); 
INSERT INTO Action(creatureId, name, description, attackBonus, damageDice, damageBonus, actionCategory) VALUES(176, 'Death Burst', 'When the mephit dies, it explodes in a burst of jagged ice. Each creature within 5 ft. of it must make a DC 10 Dexterity saving throw, taking 4 (1d8) slashing damage on a failed save, or half as much damage on a successful one.', 0, '1d8', NULL, 'SpecialAbility'); 
INSERT INTO Action(creatureId, name, description, attackBonus, damageDice, damageBonus, actionCategory) VALUES(176, 'False Appearance', 'While the mephit remains motionless, it is indistinguishable from an ordinary shard of ice.', 0, NULL, NULL, 'SpecialAbility'); 
INSERT INTO Action(creatureId, name, description, attackBonus, damageDice, damageBonus, actionCategory) VALUES(176, 'Innate Spellcasting (1/Day)', 'The mephit can innately cast fog cloud, requiring no material components. Its innate spellcasting ability is Charisma.', 0, NULL, NULL, 'SpecialAbility'); 
INSERT INTO Action(creatureId, name, description, attackBonus, damageDice, damageBonus, actionCategory) VALUES(176, 'Claws', 'Melee Weapon Attack: +3 to hit, reach 5 ft., one creature. Hit: 3 (1d4 + 1) slashing damage plus 2 (1d4) cold damage.', 3, '1d4', 1, 'Action'); 
INSERT INTO Action(creatureId, name, description, attackBonus, damageDice, damageBonus, actionCategory) VALUES(176, 'Frost Breath (Recharge 6)', 'The mephit exhales a 15-foot cone of cold air. Each creature in that area must succeed on a DC 10 Dexterity saving throw, taking 5 (2d4) cold damage on a failed save, or half as much damage on a successful one.', 0, NULL, NULL, 'Action'); 
INSERT INTO Action(creatureId, name, description, attackBonus, damageDice, damageBonus, actionCategory) VALUES(176, 'Variant: Summon Mephits (1/Day)', 'The mephit has a 25 percent chance of summoning 1d4 mephits of its kind. A summoned mephit appears in an unoccupied space within 60 feet of its summoner, acts as an ally of its summoner, and can''t summon other mephits. It remains for 1 minute, until it or its summoner dies, or until its summoner dismisses it as an action.', 0, NULL, NULL, 'Action'); 
INSERT INTO Creature VALUES(177, 'Imp', 'Tiny', 'fiend', 'devil', 'lawful evil', 6, 17, 13, 11, 12, 14, '1', 0); 
INSERT INTO Speed(creatureId, name) VALUES(177, '20 ft.'); 
INSERT INTO Speed(creatureId, name) VALUES(177, ' fly 40 ft.'); 
INSERT INTO Skill (creatureId, name, modifier) VALUES(177, 'deception', 4); 
INSERT INTO Skill (creatureId, name, modifier) VALUES(177, 'insight', 3); 
INSERT INTO Skill (creatureId, name, modifier) VALUES(177, 'persuasion', 4); 
INSERT INTO Skill (creatureId, name, modifier) VALUES(177, 'stealth', 5); 
INSERT INTO DamageResistance(creatureId, name) VALUES(177, 'cold; bludgeoning, piercing, and slashing from nonmagical/nonsilver weapons'); 
INSERT INTO DamageImmunity(creatureId, name) VALUES(177, 'fire, poison'); 
INSERT INTO ConditionImmunity(creatureId, name) VALUES(177, 'poisoned'); 
INSERT INTO Sense(creatureId, description) VALUES(177, 'darkvision 120 ft.'); 
INSERT INTO Sense(creatureId, description) VALUES(177, ' passive Perception 11'); 
INSERT INTO Language(creatureId, name) VALUES(177, 'Infernal'); 
INSERT INTO Language(creatureId, name) VALUES(177, ' Common'); 
INSERT INTO ArmorClass(creatureId, value) VALUES(177, 13); 
INSERT INTO HitPoint(creatureId, value, hitDice) VALUES(177, 10, '3d4'); 
INSERT INTO Action(creatureId, name, description, attackBonus, damageDice, damageBonus, actionCategory) VALUES(177, 'Shapechanger', 'The imp can use its action to polymorph into a beast form that resembles a rat (speed 20 ft.), a raven (20 ft., fly 60 ft.), or a spider (20 ft., climb 20 ft.), or back into its true form. Its statistics are the same in each form, except for the speed changes noted. Any equipment it is wearing or carrying isn''t transformed. It reverts to its true form if it dies.', 0, NULL, NULL, 'SpecialAbility'); 
INSERT INTO Action(creatureId, name, description, attackBonus, damageDice, damageBonus, actionCategory) VALUES(177, 'Devil''s Sight', 'Magical darkness doesn''t impede the imp''s darkvision.', 0, NULL, NULL, 'SpecialAbility'); 
INSERT INTO Action(creatureId, name, description, attackBonus, damageDice, damageBonus, actionCategory) VALUES(177, 'Magic Resistance', 'The imp has advantage on saving throws against spells and other magical effects.', 0, NULL, NULL, 'SpecialAbility'); 
INSERT INTO Action(creatureId, name, description, attackBonus, damageDice, damageBonus, actionCategory) VALUES(177, 'Variant: Familiar', 'The imp can serve another creature as a familiar, forming a telepathic bond with its willing master. While the two are bonded, the master can sense what the quasit senses as long as they are within 1 mile of each other. While the imp is within 10 feet of its master, the master shares the quasit''s Magic Resistance trait. At any time and for any reason, the imp can end its service as a familiar, ending the telepathic bond.', 0, NULL, NULL, 'SpecialAbility'); 
INSERT INTO Action(creatureId, name, description, attackBonus, damageDice, damageBonus, actionCategory) VALUES(177, 'Sting (Bite in Beast Form)', 'Melee Weapon Attack: +5 to hit, reach 5 ft ., one target. Hit: 5 (1d4 + 3) piercing damage, and the target must make on a DC 11 Constitution saving throw, taking 10 (3d6) poison damage on a failed save, or half as much damage on a successful one.', 5, '1d4', 3, 'Action'); 
INSERT INTO Action(creatureId, name, description, attackBonus, damageDice, damageBonus, actionCategory) VALUES(177, 'Invisibility', 'The imp magically turns invisible until it attacks, or until its concentration ends (as if concentrating on a spell). Any equipment the imp wears or carries is invisible with it.', 0, NULL, NULL, 'Action'); 
INSERT INTO Creature VALUES(178, 'Invisible Stalker', 'Medium', 'elemental', NULL, 'neutral', 16, 19, 14, 10, 15, 11, '6', 0); 
INSERT INTO Speed(creatureId, name) VALUES(178, '50 ft.'); 
INSERT INTO Speed(creatureId, name) VALUES(178, ' fly 50 ft. (hover)'); 
INSERT INTO Skill (creatureId, name, modifier) VALUES(178, 'perception', 8); 
INSERT INTO Skill (creatureId, name, modifier) VALUES(178, 'stealth', 10); 
INSERT INTO DamageResistance(creatureId, name) VALUES(178, 'bludgeoning, piercing, and slashing from nonmagical weapons'); 
INSERT INTO DamageImmunity(creatureId, name) VALUES(178, 'poison'); 
INSERT INTO ConditionImmunity(creatureId, name) VALUES(178, 'exhaustion, grappled, paralyzed, petrified, poisoned, prone, restrained, unconscious'); 
INSERT INTO Sense(creatureId, description) VALUES(178, 'darkvision 60 ft.'); 
INSERT INTO Sense(creatureId, description) VALUES(178, ' passive Perception 18'); 
INSERT INTO Language(creatureId, name) VALUES(178, 'Auran'); 
INSERT INTO Language(creatureId, name) VALUES(178, ' understands Common but doesn''t speak it'); 
INSERT INTO ArmorClass(creatureId, value) VALUES(178, 14); 
INSERT INTO HitPoint(creatureId, value, hitDice) VALUES(178, 104, '16d8'); 
INSERT INTO Action(creatureId, name, description, attackBonus, damageDice, damageBonus, actionCategory) VALUES(178, 'Invisibility', 'The stalker is invisible.', 0, NULL, NULL, 'SpecialAbility'); 
INSERT INTO Action(creatureId, name, description, attackBonus, damageDice, damageBonus, actionCategory) VALUES(178, 'Faultless Tracker', 'The stalker is given a quarry by its summoner. The stalker knows the direction and distance to its quarry as long as the two of them are on the same plane of existence. The stalker also knows the location of its summoner.', 0, NULL, NULL, 'SpecialAbility'); 
INSERT INTO Action(creatureId, name, description, attackBonus, damageDice, damageBonus, actionCategory) VALUES(178, 'Multiattack', 'The stalker makes two slam attacks.', 0, NULL, NULL, 'Action'); 
INSERT INTO Action(creatureId, name, description, attackBonus, damageDice, damageBonus, actionCategory) VALUES(178, 'Slam', 'Melee Weapon Attack: +6 to hit, reach 5 ft., one target. Hit: 10 (2d6 + 3) bludgeoning damage.', 6, '2d6', 3, 'Action'); 
INSERT INTO Creature VALUES(179, 'Iron Golem', 'Large', 'construct', NULL, 'unaligned', 24, 9, 20, 3, 11, 1, '16', 0); 
INSERT INTO Speed(creatureId, name) VALUES(179, '30 ft.'); 
INSERT INTO DamageImmunity(creatureId, name) VALUES(179, 'fire, poison, psychic; bludgeoning, piercing, and slashing from nonmagical weapons that aren''t adamantine'); 
INSERT INTO ConditionImmunity(creatureId, name) VALUES(179, 'charmed, exhaustion, frightened, paralyzed, petrified, poisoned'); 
INSERT INTO Sense(creatureId, description) VALUES(179, 'darkvision 120 ft.'); 
INSERT INTO Sense(creatureId, description) VALUES(179, ' passive Perception 10'); 
INSERT INTO Language(creatureId, name) VALUES(179, 'understands the languages of its creator but can''t speak'); 
INSERT INTO ArmorClass(creatureId, value) VALUES(179, 20); 
INSERT INTO HitPoint(creatureId, value, hitDice) VALUES(179, 210, '20d10'); 
INSERT INTO Action(creatureId, name, description, attackBonus, damageDice, damageBonus, actionCategory) VALUES(179, 'Fire Absorption', 'Whenever the golem is subjected to fire damage, it takes no damage and instead regains a number of hit points equal to the fire damage dealt.', 0, NULL, NULL, 'SpecialAbility'); 
INSERT INTO Action(creatureId, name, description, attackBonus, damageDice, damageBonus, actionCategory) VALUES(179, 'Immutable Form', 'The golem is immune to any spell or effect that would alter its form.', 0, NULL, NULL, 'SpecialAbility'); 
INSERT INTO Action(creatureId, name, description, attackBonus, damageDice, damageBonus, actionCategory) VALUES(179, 'Magic Resistance', 'The golem has advantage on saving throws against spells and other magical effects.', 0, NULL, NULL, 'SpecialAbility'); 
INSERT INTO Action(creatureId, name, description, attackBonus, damageDice, damageBonus, actionCategory) VALUES(179, 'Magic Weapons', 'The golem''s weapon attacks are magical.', 0, NULL, NULL, 'SpecialAbility'); 
INSERT INTO Action(creatureId, name, description, attackBonus, damageDice, damageBonus, actionCategory) VALUES(179, 'Multiattack', 'The golem makes two melee attacks.', 0, NULL, NULL, 'Action'); 
INSERT INTO Action(creatureId, name, description, attackBonus, damageDice, damageBonus, actionCategory) VALUES(179, 'Slam', 'Melee Weapon Attack: +13 to hit, reach 5 ft., one target. Hit: 20 (3d8 + 7) bludgeoning damage.', 13, '3d8', 7, 'Action'); 
INSERT INTO Action(creatureId, name, description, attackBonus, damageDice, damageBonus, actionCategory) VALUES(179, 'Sword', 'Melee Weapon Attack: +13 to hit, reach 10 ft., one target. Hit: 23 (3d10 + 7) slashing damage.', 13, '3d10', 7, 'Action'); 
INSERT INTO Action(creatureId, name, description, attackBonus, damageDice, damageBonus, actionCategory) VALUES(179, 'Poison Breath (Recharge 5-6)', 'The golem exhales poisonous gas in a 15-foot cone. Each creature in that area must make a DC 19 Constitution saving throw, taking 45 (l0d8) poison damage on a failed save, or half as much damage on a successful one.', 0, '10d8', NULL, 'Action'); 
INSERT INTO Creature VALUES(180, 'Jackal', 'Small', 'beast', NULL, 'unaligned', 8, 15, 11, 3, 12, 6, '0', 0); 
INSERT INTO Speed(creatureId, name) VALUES(180, '40 ft.'); 
INSERT INTO Skill (creatureId, name, modifier) VALUES(180, 'perception', 3); 
INSERT INTO Sense(creatureId, description) VALUES(180, 'passive Perception 13'); 
INSERT INTO Language(creatureId, name) VALUES(180, ''); 
INSERT INTO ArmorClass(creatureId, value) VALUES(180, 12); 
INSERT INTO HitPoint(creatureId, value, hitDice) VALUES(180, 3, '1d6'); 
INSERT INTO Action(creatureId, name, description, attackBonus, damageDice, damageBonus, actionCategory) VALUES(180, 'Keen Hearing and Smell', 'The jackal has advantage on Wisdom (Perception) checks that rely on hearing or smell.', 0, NULL, NULL, 'SpecialAbility'); 
INSERT INTO Action(creatureId, name, description, attackBonus, damageDice, damageBonus, actionCategory) VALUES(180, 'Pack Tactics', 'The jackal has advantage on an attack roll against a creature if at least one of the jackal''s allies is within 5 ft. of the creature and the ally isn''t incapacitated.', 0, NULL, NULL, 'SpecialAbility'); 
INSERT INTO Action(creatureId, name, description, attackBonus, damageDice, damageBonus, actionCategory) VALUES(180, 'Bite', 'Melee Weapon Attack: +1 to hit, reach 5 ft., one target. Hit: 1 (1d4 — 1) piercing damage.', 1, '1d4', -1, 'Action'); 
INSERT INTO Creature VALUES(181, 'Killer Whale', 'Huge', 'beast', NULL, 'unaligned', 19, 10, 13, 3, 12, 7, '3', 0); 
INSERT INTO Speed(creatureId, name) VALUES(181, 'swim 60 ft.'); 
INSERT INTO Skill (creatureId, name, modifier) VALUES(181, 'perception', 3); 
INSERT INTO Sense(creatureId, description) VALUES(181, 'blindsight 120 ft.'); 
INSERT INTO Sense(creatureId, description) VALUES(181, ' passive Perception 13'); 
INSERT INTO Language(creatureId, name) VALUES(181, ''); 
INSERT INTO ArmorClass(creatureId, value) VALUES(181, 12); 
INSERT INTO HitPoint(creatureId, value, hitDice) VALUES(181, 90, '12d12'); 
INSERT INTO Action(creatureId, name, description, attackBonus, damageDice, damageBonus, actionCategory) VALUES(181, 'Echolocation', 'The whale can''t use its blindsight while deafened.', 0, NULL, NULL, 'SpecialAbility'); 
INSERT INTO Action(creatureId, name, description, attackBonus, damageDice, damageBonus, actionCategory) VALUES(181, 'Hold Breath', 'The whale can hold its breath for 30 minutes', 0, NULL, NULL, 'SpecialAbility'); 
INSERT INTO Action(creatureId, name, description, attackBonus, damageDice, damageBonus, actionCategory) VALUES(181, 'Keen Hearing', 'The whale has advantage on Wisdom (Perception) checks that rely on hearing.', 0, NULL, NULL, 'SpecialAbility'); 
INSERT INTO Action(creatureId, name, description, attackBonus, damageDice, damageBonus, actionCategory) VALUES(181, 'Bite', 'Melee Weapon Attack: +6 to hit, reach 5 ft., one target. Hit: 21 (5d6 + 4) piercing damage.', 0, NULL, NULL, 'Action'); 
INSERT INTO Creature VALUES(182, 'Knight', 'Medium', 'humanoid', 'any race', 'any alignment', 16, 11, 14, 11, 11, 15, '3', 0); 
INSERT INTO Speed(creatureId, name) VALUES(182, '30 ft.'); 
INSERT INTO SavingThrow (creatureId, name, modifier) VALUES(182, 'constitution_save', 4); 
INSERT INTO SavingThrow (creatureId, name, modifier) VALUES(182, 'wisdom_save', 2); 
INSERT INTO Sense(creatureId, description) VALUES(182, 'passive Perception 10'); 
INSERT INTO Language(creatureId, name) VALUES(182, 'any one language (usually Common)'); 
INSERT INTO ArmorClass(creatureId, value) VALUES(182, 18); 
INSERT INTO HitPoint(creatureId, value, hitDice) VALUES(182, 52, '8d8'); 
INSERT INTO Action(creatureId, name, description, attackBonus, damageDice, damageBonus, actionCategory) VALUES(182, 'Brave', 'The knight has advantage on saving throws against being frightened.', 0, NULL, NULL, 'SpecialAbility'); 
INSERT INTO Action(creatureId, name, description, attackBonus, damageDice, damageBonus, actionCategory) VALUES(182, 'Multiattack', 'The knight makes two melee attacks.', 0, NULL, NULL, 'Action'); 
INSERT INTO Action(creatureId, name, description, attackBonus, damageDice, damageBonus, actionCategory) VALUES(182, 'Greatsword', 'Melee Weapon Attack: +5 to hit, reach 5 ft., one target. Hit: 10 (2d6 + 3) slashing damage.', 5, '2d6', 3, 'Action'); 
INSERT INTO Action(creatureId, name, description, attackBonus, damageDice, damageBonus, actionCategory) VALUES(182, 'Heavy Crossbow', 'Ranged Weapon Attack: +2 to hit, range 100/400 ft., one target. Hit: 5 (1d10) piercing damage.', 2, '1d10', NULL, 'Action'); 
INSERT INTO Action(creatureId, name, description, attackBonus, damageDice, damageBonus, actionCategory) VALUES(182, 'Leadership (Recharges after a Short or Long Rest)', 'For 1 minute, the knight can utter a special command or warning whenever a nonhostile creature that it can see within 30 ft. of it makes an attack roll or a saving throw. The creature can add a d4 to its roll provided it can hear and understand the knight. A creature can benefit from only one Leadership die at a time. This effect ends if the knight is incapacitated.', 0, NULL, NULL, 'Action'); 
INSERT INTO Action(creatureId, name, description, attackBonus, damageDice, damageBonus, actionCategory) VALUES(182, 'Parry', 'The knight adds 2 to its AC against one melee attack that would hit it. To do so, the knight must see the attacker and be wielding a melee weapon.', 0, NULL, NULL, 'Reaction'); 
INSERT INTO Creature VALUES(183, 'Kobold', 'Small', 'humanoid', 'kobold', 'lawful evil', 7, 15, 9, 8, 7, 8, '1/8', 0); 
INSERT INTO Speed(creatureId, name) VALUES(183, '30 ft.'); 
INSERT INTO Sense(creatureId, description) VALUES(183, 'darkvision 60 ft.'); 
INSERT INTO Sense(creatureId, description) VALUES(183, ' passive Perception 8'); 
INSERT INTO Language(creatureId, name) VALUES(183, 'Common'); 
INSERT INTO Language(creatureId, name) VALUES(183, ' Draconic'); 
INSERT INTO ArmorClass(creatureId, value) VALUES(183, 12); 
INSERT INTO HitPoint(creatureId, value, hitDice) VALUES(183, 5, '2d6'); 
INSERT INTO Action(creatureId, name, description, attackBonus, damageDice, damageBonus, actionCategory) VALUES(183, 'Sunlight Sensitivity', 'While in sunlight, the kobold has disadvantage on attack rolls, as well as on Wisdom (Perception) checks that rely on sight.', 0, NULL, NULL, 'SpecialAbility'); 
INSERT INTO Action(creatureId, name, description, attackBonus, damageDice, damageBonus, actionCategory) VALUES(183, 'Pack Tactics', 'The kobold has advantage on an attack roll against a creature if at least one of the kobold''s allies is within 5 ft. of the creature and the ally isn''t incapacitated.', 0, NULL, NULL, 'SpecialAbility'); 
INSERT INTO Action(creatureId, name, description, attackBonus, damageDice, damageBonus, actionCategory) VALUES(183, 'Dagger', 'Melee Weapon Attack: +4 to hit, reach 5 ft., one target. Hit: 4 (1d4 + 2) piercing damage.', 4, '1d4', 2, 'Action'); 
INSERT INTO Action(creatureId, name, description, attackBonus, damageDice, damageBonus, actionCategory) VALUES(183, 'Sling', 'Ranged Weapon Attack: +4 to hit, range 30/120 ft., one target. Hit: 4 (1d4 + 2) bludgeoning damage.', 4, '1d4', 2, 'Action'); 
INSERT INTO Creature VALUES(184, 'Kraken', 'Gargantuan', 'monstrosity', 'titan', 'chaotic evil', 30, 11, 25, 22, 18, 20, '23', 0); 
INSERT INTO Speed(creatureId, name) VALUES(184, '20 ft.'); 
INSERT INTO Speed(creatureId, name) VALUES(184, ' swim 60 ft.'); 
INSERT INTO SavingThrow (creatureId, name, modifier) VALUES(184, 'strength_save', 17); 
INSERT INTO SavingThrow (creatureId, name, modifier) VALUES(184, 'dexterity_save', 7); 
INSERT INTO SavingThrow (creatureId, name, modifier) VALUES(184, 'constitution_save', 14); 
INSERT INTO SavingThrow (creatureId, name, modifier) VALUES(184, 'intelligence_save', 13); 
INSERT INTO SavingThrow (creatureId, name, modifier) VALUES(184, 'wisdom_save', 11); 
INSERT INTO DamageImmunity(creatureId, name) VALUES(184, 'lightning; bludgeoning, piercing, and slashing from nonmagical weapons'); 
INSERT INTO ConditionImmunity(creatureId, name) VALUES(184, 'frightened, paralyzed'); 
INSERT INTO Sense(creatureId, description) VALUES(184, 'truesight 120 ft.'); 
INSERT INTO Sense(creatureId, description) VALUES(184, ' passive Perception 14'); 
INSERT INTO Language(creatureId, name) VALUES(184, 'understands Abyssal'); 
INSERT INTO Language(creatureId, name) VALUES(184, ' Celestial'); 
INSERT INTO Language(creatureId, name) VALUES(184, ' Infernal'); 
INSERT INTO Language(creatureId, name) VALUES(184, ' and Primordial but can''t speak'); 
INSERT INTO Language(creatureId, name) VALUES(184, ' telepathy 120 ft.'); 
INSERT INTO ArmorClass(creatureId, value) VALUES(184, 18); 
INSERT INTO HitPoint(creatureId, value, hitDice) VALUES(184, 472, '27d20'); 
INSERT INTO Action(creatureId, name, description, attackBonus, damageDice, damageBonus, actionCategory) VALUES(184, 'Amphibious', 'The kraken can breathe air and water.', 0, NULL, NULL, 'SpecialAbility'); 
INSERT INTO Action(creatureId, name, description, attackBonus, damageDice, damageBonus, actionCategory) VALUES(184, 'Freedom of Movement', 'The kraken ignores difficult terrain, and magical effects can''t reduce its speed or cause it to be restrained. It can spend 5 feet of movement to escape from nonmagical restraints or being grappled.', 0, NULL, NULL, 'SpecialAbility'); 
INSERT INTO Action(creatureId, name, description, attackBonus, damageDice, damageBonus, actionCategory) VALUES(184, 'Siege Monster', 'The kraken deals double damage to objects and structures.', 0, NULL, NULL, 'SpecialAbility'); 
INSERT INTO Action(creatureId, name, description, attackBonus, damageDice, damageBonus, actionCategory) VALUES(184, 'Multiattack', 'The kraken makes three tentacle attacks, each of which it can replace with one use of Fling.', 0, NULL, NULL, 'Action'); 
INSERT INTO Action(creatureId, name, description, attackBonus, damageDice, damageBonus, actionCategory) VALUES(184, 'Bite', 'Melee Weapon Attack: +7 to hit, reach 5 ft., one target. Hit: 23 (3d8 + 10) piercing damage. If the target is a Large or smaller creature grappled by the kraken, that creature is swallowed, and the grapple ends. While swallowed, the creature is blinded and restrained, it has total cover against attacks and other effects outside the kraken, and it takes 42 (12d6) acid damage at the start of each of the kraken''s turns. If the kraken takes 50 damage or more on a single turn from a creature inside it, the kraken must succeed on a DC 25 Constitution saving throw at the end of that turn or regurgitate all swallowed creatures, which fall prone in a space within 10 feet of the kraken. If the kraken dies, a swallowed creature is no longer restrained by it and can escape from the corpse using 15 feet of movement, exiting prone.', 7, '3d8', 10, 'Action'); 
INSERT INTO Action(creatureId, name, description, attackBonus, damageDice, damageBonus, actionCategory) VALUES(184, 'Tentacle', 'Melee Weapon Attack: +7 to hit, reach 30 ft., one target. Hit: 20 (3d6 + 10) bludgeoning damage, and the target is grappled (escape DC 18). Until this grapple ends, the target is restrained. The kraken has ten tentacles, each of which can grapple one target.', 7, '3d6', 10, 'Action'); 
INSERT INTO Action(creatureId, name, description, attackBonus, damageDice, damageBonus, actionCategory) VALUES(184, 'Fling', 'One Large or smaller object held or creature grappled by the kraken is thrown up to 60 feet in a random direction and knocked prone. If a thrown target strikes a solid surface, the target takes 3 (1d6) bludgeoning damage for every 10 feet it was thrown. If the target is thrown at another creature, that creature must succeed on a DC 18 Dexterity saving throw or take the same damage and be knocked prone.', 0, NULL, NULL, 'Action'); 
INSERT INTO Action(creatureId, name, description, attackBonus, damageDice, damageBonus, actionCategory) VALUES(184, 'Lightning Storm', 'The kraken magically creates three bolts of lightning, each of which can strike a target the kraken can see within 120 feet of it. A target must make a DC 23 Dexterity saving throw, taking 22 (4d10) lightning damage on a failed save, or half as much damage on a successful one.', 0, '4d10', NULL, 'Action'); 
INSERT INTO Action(creatureId, name, description, attackBonus, damageDice, damageBonus, actionCategory) VALUES(184, 'Tentacle Attack or Fling', 'The kraken makes one tentacle attack or uses its Fling.', 0, NULL, NULL, 'LegendaryAction'); 
INSERT INTO Action(creatureId, name, description, attackBonus, damageDice, damageBonus, actionCategory) VALUES(184, 'Lightning Storm (Costs 2 Actions)', 'The kraken uses Lightning Storm.', 0, NULL, NULL, 'LegendaryAction'); 
INSERT INTO Action(creatureId, name, description, attackBonus, damageDice, damageBonus, actionCategory) VALUES(184, 'Ink Cloud (Costs 3 Actions)', 'While underwater, the kraken expels an ink cloud in a 60-foot radius. The cloud spreads around corners, and that area is heavily obscured to creatures other than the kraken. Each creature other than the kraken that ends its turn there must succeed on a DC 23 Constitution saving throw, taking 16 (3d10) poison damage on a failed save, or half as much damage on a successful one. A strong current disperses the cloud, which otherwise disappears at the end of the kraken''s next turn.', 0, NULL, NULL, 'LegendaryAction'); 
INSERT INTO Creature VALUES(185, 'Lamia', 'Large', 'monstrosity', NULL, 'chaotic evil', 16, 13, 15, 14, 15, 16, '4', 0); 
INSERT INTO Speed(creatureId, name) VALUES(185, '30 ft.'); 
INSERT INTO Skill (creatureId, name, modifier) VALUES(185, 'deception', 7); 
INSERT INTO Skill (creatureId, name, modifier) VALUES(185, 'insight', 4); 
INSERT INTO Skill (creatureId, name, modifier) VALUES(185, 'stealth', 3); 
INSERT INTO Sense(creatureId, description) VALUES(185, 'darkvision 60 ft.'); 
INSERT INTO Sense(creatureId, description) VALUES(185, ' passive Perception 12'); 
INSERT INTO Language(creatureId, name) VALUES(185, 'Abyssal'); 
INSERT INTO Language(creatureId, name) VALUES(185, ' Common'); 
INSERT INTO ArmorClass(creatureId, value) VALUES(185, 13); 
INSERT INTO HitPoint(creatureId, value, hitDice) VALUES(185, 97, '13d10'); 
INSERT INTO Action(creatureId, name, description, attackBonus, damageDice, damageBonus, actionCategory) VALUES(185, 'Innate Spellcasting', 'The lamia''s innate spellcasting ability is Charisma (spell save DC 13). It can innately cast the following spells, requiring no material components. At will: disguise self (any humanoid form), major image 3/day each: charm person, mirror image, scrying, suggestion 1/day: geas', 0, NULL, NULL, 'SpecialAbility'); 
INSERT INTO Action(creatureId, name, description, attackBonus, damageDice, damageBonus, actionCategory) VALUES(185, 'Multiattack', 'The lamia makes two attacks: one with its claws and one with its dagger or Intoxicating Touch.', 0, NULL, NULL, 'Action'); 
INSERT INTO Action(creatureId, name, description, attackBonus, damageDice, damageBonus, actionCategory) VALUES(185, 'Claws', 'Melee Weapon Attack: +5 to hit, reach 5 ft., one target. Hit: 14 (2d10 + 3) slashing damage.', 5, '2d10', 3, 'Action'); 
INSERT INTO Action(creatureId, name, description, attackBonus, damageDice, damageBonus, actionCategory) VALUES(185, 'Dagger', 'Melee Weapon Attack: +5 to hit, reach 5 ft., one target. Hit: 5 (1d4 + 3) piercing damage.', 5, '1d4', 3, 'Action'); 
INSERT INTO Action(creatureId, name, description, attackBonus, damageDice, damageBonus, actionCategory) VALUES(185, 'Intoxicating Touch', 'Melee Spell Attack: +5 to hit, reach 5 ft., one creature. Hit: The target is magically cursed for 1 hour. Until the curse ends, the target has disadvantage on Wisdom saving throws and all ability checks.', 0, NULL, NULL, 'Action'); 
INSERT INTO Creature VALUES(186, 'Lemure', 'Medium', 'fiend', 'devil', 'lawful evil', 10, 5, 11, 1, 11, 3, '0', 0); 
INSERT INTO Speed(creatureId, name) VALUES(186, '15 ft.'); 
INSERT INTO DamageResistance(creatureId, name) VALUES(186, 'cold'); 
INSERT INTO DamageImmunity(creatureId, name) VALUES(186, 'fire, poison'); 
INSERT INTO ConditionImmunity(creatureId, name) VALUES(186, 'charmed, frightened, poisoned'); 
INSERT INTO Sense(creatureId, description) VALUES(186, 'darkvision 120 ft.'); 
INSERT INTO Sense(creatureId, description) VALUES(186, ' passive Perception 10'); 
INSERT INTO Language(creatureId, name) VALUES(186, 'understands infernal but can''t speak'); 
INSERT INTO ArmorClass(creatureId, value) VALUES(186, 7); 
INSERT INTO HitPoint(creatureId, value, hitDice) VALUES(186, 13, '3d8'); 
INSERT INTO Action(creatureId, name, description, attackBonus, damageDice, damageBonus, actionCategory) VALUES(186, 'Devil''s Sight', 'Magical darkness doesn''t impede the lemure''s darkvision.', 0, NULL, NULL, 'SpecialAbility'); 
INSERT INTO Action(creatureId, name, description, attackBonus, damageDice, damageBonus, actionCategory) VALUES(186, 'Hellish Rejuvenation', 'A lemure that dies in the Nine Hells comes back to life with all its hit points in 1d10 days unless it is killed by a good-aligned creature with a bless spell cast on that creature or its remains are sprinkled with holy water.', 0, NULL, NULL, 'SpecialAbility'); 
INSERT INTO Action(creatureId, name, description, attackBonus, damageDice, damageBonus, actionCategory) VALUES(186, 'Fist', 'Melee Weapon Attack: +3 to hit, reach 5 ft., one target. Hit: 2 (1d4) bludgeoning damage', 3, '1d4', NULL, 'Action'); 
INSERT INTO Creature VALUES(187, 'Lich', 'Medium', 'undead', NULL, 'any evil alignment', 11, 16, 16, 20, 14, 16, '21', 0); 
INSERT INTO Speed(creatureId, name) VALUES(187, '30 ft.'); 
INSERT INTO SavingThrow (creatureId, name, modifier) VALUES(187, 'constitution_save', 10); 
INSERT INTO SavingThrow (creatureId, name, modifier) VALUES(187, 'intelligence_save', 12); 
INSERT INTO SavingThrow (creatureId, name, modifier) VALUES(187, 'wisdom_save', 9); 
INSERT INTO Skill (creatureId, name, modifier) VALUES(187, 'arcana', 18); 
INSERT INTO Skill (creatureId, name, modifier) VALUES(187, 'history', 12); 
INSERT INTO Skill (creatureId, name, modifier) VALUES(187, 'insight', 9); 
INSERT INTO Skill (creatureId, name, modifier) VALUES(187, 'perception', 9); 
INSERT INTO DamageResistance(creatureId, name) VALUES(187, 'cold, lightning, necrotic'); 
INSERT INTO DamageImmunity(creatureId, name) VALUES(187, 'poison; bludgeoning, piercing, and slashing from nonmagical weapons'); 
INSERT INTO ConditionImmunity(creatureId, name) VALUES(187, 'charmed, exhaustion, frightened, paralyzed, poisoned'); 
INSERT INTO Sense(creatureId, description) VALUES(187, 'truesight 120 ft.'); 
INSERT INTO Sense(creatureId, description) VALUES(187, ' passive Perception 19'); 
INSERT INTO Language(creatureId, name) VALUES(187, 'Common plus up to five other languages'); 
INSERT INTO ArmorClass(creatureId, value) VALUES(187, 17); 
INSERT INTO HitPoint(creatureId, value, hitDice) VALUES(187, 135, '18d8'); 
INSERT INTO Action(creatureId, name, description, attackBonus, damageDice, damageBonus, actionCategory) VALUES(187, 'Legendary Resistance (3/Day)', 'If the lich fails a saving throw, it can choose to succeed instead.', 0, NULL, NULL, 'SpecialAbility'); 
INSERT INTO Action(creatureId, name, description, attackBonus, damageDice, damageBonus, actionCategory) VALUES(187, 'Rejuvenation', 'If it has a phylactery, a destroyed lich gains a new body in 1d10 days, regaining all its hit points and becoming active again. The new body appears within 5 feet of the phylactery.', 0, NULL, NULL, 'SpecialAbility'); 
INSERT INTO Action(creatureId, name, description, attackBonus, damageDice, damageBonus, actionCategory) VALUES(187, 'Spellcasting', 'The lich is an 18th-level spellcaster. Its spellcasting ability is Intelligence (spell save DC 20, +12 to hit with spell attacks). The lich has the following wizard spells prepared:

• Cantrips (at will): mage hand, prestidigitation, ray of frost
• 1st level (4 slots): detect magic, magic missile, shield, thunderwave
• 2nd level (3 slots): detect thoughts, invisibility, Melf''s acid arrow, mirror image
• 3rd level (3 slots): animate dead, counterspell, dispel magic, fireball
• 4th level (3 slots): blight, dimension door
• 5th level (3 slots): cloudkill, scrying
• 6th level (1 slot): disintegrate, globe of invulnerability
• 7th level (1 slot): finger of death, plane shift
• 8th level (1 slot): dominate monster, power word stun
• 9th level (1 slot): power word kill', 0, NULL, NULL, 'SpecialAbility'); 
INSERT INTO Action(creatureId, name, description, attackBonus, damageDice, damageBonus, actionCategory) VALUES(187, 'Turn Resistance', 'The lich has advantage on saving throws against any effect that turns undead.', 0, NULL, NULL, 'SpecialAbility'); 
INSERT INTO Action(creatureId, name, description, attackBonus, damageDice, damageBonus, actionCategory) VALUES(187, 'Paralyzing Touch', 'Melee Spell Attack: +12 to hit, reach 5 ft., one creature. Hit: 10 (3d6) cold damage. The target must succeed on a DC 18 Constitution saving throw or be paralyzed for 1 minute. The target can repeat the saving throw at the end of each of its turns, ending the effect on itself on a success.', 12, '3d6', NULL, 'Action'); 
INSERT INTO Action(creatureId, name, description, attackBonus, damageDice, damageBonus, actionCategory) VALUES(187, 'Cantrip', 'The lich casts a cantrip.', 0, NULL, NULL, 'LegendaryAction'); 
INSERT INTO Action(creatureId, name, description, attackBonus, damageDice, damageBonus, actionCategory) VALUES(187, 'Paralyzing Touch (Costs 2 Actions)', 'The lich uses its Paralyzing Touch.', 0, NULL, NULL, 'LegendaryAction'); 
INSERT INTO Action(creatureId, name, description, attackBonus, damageDice, damageBonus, actionCategory) VALUES(187, 'Frightening Gaze (Costs 2 Actions)', 'The lich fixes its gaze on one creature it can see within 10 feet of it. The target must succeed on a DC 18 Wisdom saving throw against this magic or become frightened for 1 minute. The frightened target can repeat the saving throw at the end of each of its turns, ending the effect on itself on a success. If a target''s saving throw is successful or the effect ends for it, the target is immune to the lich''s gaze for the next 24 hours.', 0, NULL, NULL, 'LegendaryAction'); 
INSERT INTO Action(creatureId, name, description, attackBonus, damageDice, damageBonus, actionCategory) VALUES(187, 'Disrupt Life (Costs 3 Actions)', 'Each living creature within 20 feet of the lich must make a DC 18 Constitution saving throw against this magic, taking 21 (6d6) necrotic damage on a failed save, or half as much damage on a successful one.', 0, '6d6', NULL, 'LegendaryAction'); 
INSERT INTO Creature VALUES(188, 'Lion', 'Large', 'beast', NULL, 'unaligned', 17, 15, 13, 3, 12, 8, '1', 0); 
INSERT INTO Speed(creatureId, name) VALUES(188, '50 ft.'); 
INSERT INTO Skill (creatureId, name, modifier) VALUES(188, 'perception', 3); 
INSERT INTO Skill (creatureId, name, modifier) VALUES(188, 'stealth', 6); 
INSERT INTO Sense(creatureId, description) VALUES(188, 'passive Perception 13'); 
INSERT INTO Language(creatureId, name) VALUES(188, ''); 
INSERT INTO ArmorClass(creatureId, value) VALUES(188, 12); 
INSERT INTO HitPoint(creatureId, value, hitDice) VALUES(188, 26, '4d10'); 
INSERT INTO Action(creatureId, name, description, attackBonus, damageDice, damageBonus, actionCategory) VALUES(188, 'Keen Smell', 'The lion has advantage on Wisdom (Perception) checks that rely on smell.', 0, NULL, NULL, 'SpecialAbility'); 
INSERT INTO Action(creatureId, name, description, attackBonus, damageDice, damageBonus, actionCategory) VALUES(188, 'Pack Tactics', 'The lion has advantage on an attack roll against a creature if at least one of the lion''s allies is within 5 ft. of the creature and the ally isn''t incapacitated.', 0, NULL, NULL, 'SpecialAbility'); 
INSERT INTO Action(creatureId, name, description, attackBonus, damageDice, damageBonus, actionCategory) VALUES(188, 'Pounce', 'If the lion moves at least 20 ft. straight toward a creature and then hits it with a claw attack on the same turn, that target must succeed on a DC 13 Strength saving throw or be knocked prone. If the target is prone, the lion can make one bite attack against it as a bonus action.', 0, NULL, NULL, 'SpecialAbility'); 
INSERT INTO Action(creatureId, name, description, attackBonus, damageDice, damageBonus, actionCategory) VALUES(188, 'Running Leap', 'With a 10-foot running start, the lion can long jump up to 25 ft..', 0, NULL, NULL, 'SpecialAbility'); 
INSERT INTO Action(creatureId, name, description, attackBonus, damageDice, damageBonus, actionCategory) VALUES(188, 'Bite', 'Melee Weapon Attack: +5 to hit, reach 5 ft., one target. Hit: 7 (1d8 + 3) piercing damage.', 5, '1d8', 3, 'Action'); 
INSERT INTO Action(creatureId, name, description, attackBonus, damageDice, damageBonus, actionCategory) VALUES(188, 'Claw', 'Melee Weapon Attack: +5 to hit, reach 5 ft., one target. Hit: 6 (1d6 + 3) slashing damage.', 5, '1d6', 3, 'Action'); 
INSERT INTO Creature VALUES(189, 'Lizard', 'Tiny', 'beast', NULL, 'unaligned', 2, 11, 10, 1, 8, 3, '0', 0); 
INSERT INTO Speed(creatureId, name) VALUES(189, '20 ft.'); 
INSERT INTO Speed(creatureId, name) VALUES(189, ' climb 20 ft.'); 
INSERT INTO Sense(creatureId, description) VALUES(189, 'darkvision 30 ft.'); 
INSERT INTO Sense(creatureId, description) VALUES(189, ' passive Perception 9'); 
INSERT INTO Language(creatureId, name) VALUES(189, ''); 
INSERT INTO ArmorClass(creatureId, value) VALUES(189, 10); 
INSERT INTO HitPoint(creatureId, value, hitDice) VALUES(189, 2, '1d4'); 
INSERT INTO Action(creatureId, name, description, attackBonus, damageDice, damageBonus, actionCategory) VALUES(189, 'Bite', 'Melee Weapon Attack: +0 to hit, reach 5 ft., one target. Hit: 1 piercing damage.', 0, NULL, 1, 'Action'); 
INSERT INTO Creature VALUES(190, 'Lizardfolk', 'Medium', 'humanoid', 'lizardfolk', 'neutral', 15, 10, 13, 7, 12, 7, '1/2', 0); 
INSERT INTO Speed(creatureId, name) VALUES(190, '30 ft.'); 
INSERT INTO Speed(creatureId, name) VALUES(190, ' swim 30 ft.'); 
INSERT INTO Skill (creatureId, name, modifier) VALUES(190, 'perception', 3); 
INSERT INTO Skill (creatureId, name, modifier) VALUES(190, 'stealth', 4); 
INSERT INTO Skill (creatureId, name, modifier) VALUES(190, 'survival', 5); 
INSERT INTO Sense(creatureId, description) VALUES(190, 'passive Perception 13'); 
INSERT INTO Language(creatureId, name) VALUES(190, 'Draconic'); 
INSERT INTO ArmorClass(creatureId, value) VALUES(190, 15); 
INSERT INTO HitPoint(creatureId, value, hitDice) VALUES(190, 22, '4d8'); 
INSERT INTO Action(creatureId, name, description, attackBonus, damageDice, damageBonus, actionCategory) VALUES(190, 'Hold Breath', 'The lizardfolk can hold its breath for 15 minutes.', 0, NULL, NULL, 'SpecialAbility'); 
INSERT INTO Action(creatureId, name, description, attackBonus, damageDice, damageBonus, actionCategory) VALUES(190, 'Multiattack', 'The lizardfolk makes two melee attacks, each one with a different weapon.', 0, NULL, NULL, 'Action'); 
INSERT INTO Action(creatureId, name, description, attackBonus, damageDice, damageBonus, actionCategory) VALUES(190, 'Bite', 'Melee Weapon Attack: +4 to hit, reach 5 ft., one target. Hit: 5 (1d6 + 2) piercing damage.', 4, '1d6', 2, 'Action'); 
INSERT INTO Action(creatureId, name, description, attackBonus, damageDice, damageBonus, actionCategory) VALUES(190, 'Heavy Club', 'Melee Weapon Attack: +4 to hit, reach 5 ft., one target. Hit: 5 (1d6 + 2) bludgeoning damage.', 4, '1d6', 2, 'Action'); 
INSERT INTO Action(creatureId, name, description, attackBonus, damageDice, damageBonus, actionCategory) VALUES(190, 'Javelin', 'Melee or Ranged Weapon Attack: +4 to hit, reach 5 ft. or range 30/120 ft., one target. Hit: 5 (1d6 + 2) piercing damage.', 4, '1d6', 2, 'Action'); 
INSERT INTO Action(creatureId, name, description, attackBonus, damageDice, damageBonus, actionCategory) VALUES(190, 'Spiked Shield', 'Melee Weapon Attack: +4 to hit, reach 5 ft., one target. Hit: 5 (1d6 + 2) piercing damage.', 4, '1d6', 2, 'Action'); 
INSERT INTO Creature VALUES(191, 'Mage', 'Medium', 'humanoid', 'any race', 'any alignment', 9, 14, 11, 17, 12, 11, '6', 0); 
INSERT INTO Speed(creatureId, name) VALUES(191, '30 ft.'); 
INSERT INTO SavingThrow (creatureId, name, modifier) VALUES(191, 'intelligence_save', 6); 
INSERT INTO SavingThrow (creatureId, name, modifier) VALUES(191, 'wisdom_save', 4); 
INSERT INTO Skill (creatureId, name, modifier) VALUES(191, 'arcana', 6); 
INSERT INTO Skill (creatureId, name, modifier) VALUES(191, 'history', 6); 
INSERT INTO Sense(creatureId, description) VALUES(191, 'passive Perception 11'); 
INSERT INTO Language(creatureId, name) VALUES(191, 'any four languages'); 
INSERT INTO ArmorClass(creatureId, value) VALUES(191, 12); 
INSERT INTO HitPoint(creatureId, value, hitDice) VALUES(191, 40, '9d8'); 
INSERT INTO Action(creatureId, name, description, attackBonus, damageDice, damageBonus, actionCategory) VALUES(191, 'Spellcasting', 'The mage is a 9th-level spellcaster. Its spellcasting ability is Intelligence (spell save DC 14, +6 to hit with spell attacks). The mage has the following wizard spells prepared:

• Cantrips (at will): fire bolt, light, mage hand, prestidigitation
• 1st level (4 slots): detect magic, mage armor, magic missile, shield
• 2nd level (3 slots): misty step, suggestion
• 3rd level (3 slots): counterspell, fireball, fly
• 4th level (3 slots): greater invisibility, ice storm
• 5th level (1 slot): cone of cold', 0, NULL, NULL, 'SpecialAbility'); 
INSERT INTO Action(creatureId, name, description, attackBonus, damageDice, damageBonus, actionCategory) VALUES(191, 'Dagger', 'Melee or Ranged Weapon Attack: +5 to hit, reach 5 ft. or range 20/60 ft., one target. Hit: 4 (1d4 + 2) piercing damage.', 5, '1d4', 2, 'Action'); 
INSERT INTO Creature VALUES(192, 'Magma Mephit', 'Small', 'elemental', NULL, 'neutral evil', 8, 12, 12, 7, 10, 10, '1/2', 0); 
INSERT INTO Speed(creatureId, name) VALUES(192, '30 ft.'); 
INSERT INTO Speed(creatureId, name) VALUES(192, ' fly 30 ft.'); 
INSERT INTO Skill (creatureId, name, modifier) VALUES(192, 'stealth', 3); 
INSERT INTO DamageVulnerability(creatureId, name) VALUES(192, 'cold'); 
INSERT INTO DamageImmunity(creatureId, name) VALUES(192, 'fire, poison'); 
INSERT INTO ConditionImmunity(creatureId, name) VALUES(192, 'poisoned'); 
INSERT INTO Sense(creatureId, description) VALUES(192, 'darkvision 60 ft.'); 
INSERT INTO Sense(creatureId, description) VALUES(192, ' passive Perception 10'); 
INSERT INTO Language(creatureId, name) VALUES(192, 'Ignan'); 
INSERT INTO Language(creatureId, name) VALUES(192, ' Terran'); 
INSERT INTO ArmorClass(creatureId, value) VALUES(192, 11); 
INSERT INTO HitPoint(creatureId, value, hitDice) VALUES(192, 22, '5d6'); 
INSERT INTO Action(creatureId, name, description, attackBonus, damageDice, damageBonus, actionCategory) VALUES(192, 'Death Burst', 'When the mephit dies, it explodes in a burst of lava. Each creature within 5 ft. of it must make a DC 11 Dexterity saving throw, taking 7 (2d6) fire damage on a failed save, or half as much damage on a successful one.', 0, '2d6', NULL, 'SpecialAbility'); 
INSERT INTO Action(creatureId, name, description, attackBonus, damageDice, damageBonus, actionCategory) VALUES(192, 'False Appearance', 'While the mephit remains motionless, it is indistinguishable from an ordinary mound of magma.', 0, NULL, NULL, 'SpecialAbility'); 
INSERT INTO Action(creatureId, name, description, attackBonus, damageDice, damageBonus, actionCategory) VALUES(192, 'Innate Spellcasting (1/Day)', 'The mephit can innately cast heat metal (spell save DC 10), requiring no material components. Its innate spellcasting ability is Charisma.', 0, NULL, NULL, 'SpecialAbility'); 
INSERT INTO Action(creatureId, name, description, attackBonus, damageDice, damageBonus, actionCategory) VALUES(192, 'Claws', 'Melee Weapon Attack: +3 to hit, reach 5 ft ., one creature. Hit: 3 (1d4 + 1) slashing damage plus 2 (1d4) fire damage.', 3, '1d4', 1, 'Action'); 
INSERT INTO Action(creatureId, name, description, attackBonus, damageDice, damageBonus, actionCategory) VALUES(192, 'Fire Breath (Recharge 6)', 'The mephit exhales a 15-foot cone of fire. Each creature in that area must make a DC 11 Dexterity saving throw, taking 7 (2d6) fire damage on a failed save, or half as much damage on a successful one.', 0, NULL, NULL, 'Action'); 
INSERT INTO Action(creatureId, name, description, attackBonus, damageDice, damageBonus, actionCategory) VALUES(192, 'Variant: Summon Mephits (1/Day)', 'The mephit has a 25 percent chance of summoning 1d4 mephits of its kind. A summoned mephit appears in an unoccupied space within 60 feet of its summoner, acts as an ally of its summoner, and can''t summon other mephits. It remains for 1 minute, until it or its summoner dies, or until its summoner dismisses it as an action.', 0, NULL, NULL, 'Action'); 
INSERT INTO Creature VALUES(193, 'Magmin', 'Small', 'elemental', NULL, 'chaotic neutral', 7, 15, 12, 8, 11, 10, '1/2', 0); 
INSERT INTO Speed(creatureId, name) VALUES(193, '30 ft.'); 
INSERT INTO DamageResistance(creatureId, name) VALUES(193, 'bludgeoning, piercing, and slashing from nonmagical weapons'); 
INSERT INTO DamageImmunity(creatureId, name) VALUES(193, 'fire'); 
INSERT INTO Sense(creatureId, description) VALUES(193, 'darkvision 60 ft.'); 
INSERT INTO Sense(creatureId, description) VALUES(193, ' passive Perception 10'); 
INSERT INTO Language(creatureId, name) VALUES(193, 'Ignan'); 
INSERT INTO ArmorClass(creatureId, value) VALUES(193, 14); 
INSERT INTO HitPoint(creatureId, value, hitDice) VALUES(193, 9, '2d6'); 
INSERT INTO Action(creatureId, name, description, attackBonus, damageDice, damageBonus, actionCategory) VALUES(193, 'Death Burst', 'When the magmin dies, it explodes in a burst of fire and magma. Each creature within 10 ft. of it must make a DC 11 Dexterity saving throw, taking 7 (2d6) fire damage on a failed save, or half as much damage on a successful one. Flammable objects that aren''t being worn or carried in that area are ignited.', 0, '2d6', NULL, 'SpecialAbility'); 
INSERT INTO Action(creatureId, name, description, attackBonus, damageDice, damageBonus, actionCategory) VALUES(193, 'Ignited Illumination', 'As a bonus action, the magmin can set itself ablaze or extinguish its flames. While ablaze, the magmin sheds bright light in a 10-foot radius and dim light for an additional 10 ft.', 0, NULL, NULL, 'SpecialAbility'); 
INSERT INTO Action(creatureId, name, description, attackBonus, damageDice, damageBonus, actionCategory) VALUES(193, 'Touch', 'Melee Weapon Attack: +4 to hit, reach 5 ft., one target. Hit: 7 (2d6) fire damage. If the target is a creature or a flammable object, it ignites. Until a target takes an action to douse the fire, the target takes 3 (1d6) fire damage at the end of each of its turns.', 4, '2d6', NULL, 'Action'); 
INSERT INTO Creature VALUES(194, 'Mammoth', 'Huge', 'beast', NULL, 'unaligned', 24, 9, 21, 3, 11, 6, '6', 0); 
INSERT INTO Speed(creatureId, name) VALUES(194, '40 ft.'); 
INSERT INTO Sense(creatureId, description) VALUES(194, 'passive Perception 10'); 
INSERT INTO Language(creatureId, name) VALUES(194, ''); 
INSERT INTO ArmorClass(creatureId, value) VALUES(194, 13); 
INSERT INTO HitPoint(creatureId, value, hitDice) VALUES(194, 126, '11d12'); 
INSERT INTO Action(creatureId, name, description, attackBonus, damageDice, damageBonus, actionCategory) VALUES(194, 'Trampling Charge', 'If the mammoth moves at least 20 ft. straight toward a creature and then hits it with a gore attack on the same turn, that target must succeed on a DC 18 Strength saving throw or be knocked prone. If the target is prone, the mammoth can make one stomp attack against it as a bonus action.', 0, NULL, NULL, 'SpecialAbility'); 
INSERT INTO Action(creatureId, name, description, attackBonus, damageDice, damageBonus, actionCategory) VALUES(194, 'Gore', 'Melee Weapon Attack: +10 to hit, reach 10 ft., one target. Hit: 25 (4d8 + 7) piercing damage.', 10, '4d8', 7, 'Action'); 
INSERT INTO Action(creatureId, name, description, attackBonus, damageDice, damageBonus, actionCategory) VALUES(194, 'Stomp', 'Melee Weapon Attack: +10 to hit, reach 5 ft., one prone creature. Hit: 29 (4d10 + 7) bludgeoning damage.', 10, '4d10', 7, 'Action'); 
INSERT INTO Creature VALUES(195, 'Manticore', 'Large', 'monstrosity', NULL, 'lawful evil', 17, 16, 17, 7, 12, 8, '3', 0); 
INSERT INTO Speed(creatureId, name) VALUES(195, '30 ft.'); 
INSERT INTO Speed(creatureId, name) VALUES(195, ' fly 50 ft.'); 
INSERT INTO Sense(creatureId, description) VALUES(195, 'darkvision 60 ft.'); 
INSERT INTO Sense(creatureId, description) VALUES(195, ' passive Perception 11'); 
INSERT INTO Language(creatureId, name) VALUES(195, ''); 
INSERT INTO ArmorClass(creatureId, value) VALUES(195, 14); 
INSERT INTO HitPoint(creatureId, value, hitDice) VALUES(195, 68, '8d10'); 
INSERT INTO Action(creatureId, name, description, attackBonus, damageDice, damageBonus, actionCategory) VALUES(195, 'Tail Spike Regrowth', 'The manticore has twenty-four tail spikes. Used spikes regrow when the manticore finishes a long rest.', 0, NULL, NULL, 'SpecialAbility'); 
INSERT INTO Action(creatureId, name, description, attackBonus, damageDice, damageBonus, actionCategory) VALUES(195, 'Multiattack', 'The manticore makes three attacks: one with its bite and two with its claws or three with its tail spikes.', 0, NULL, NULL, 'Action'); 
INSERT INTO Action(creatureId, name, description, attackBonus, damageDice, damageBonus, actionCategory) VALUES(195, 'Bite', 'Melee Weapon Attack: +5 to hit, reach 5 ft., one target. Hit: 7 (1d8 + 3) piercing damage.', 5, '1d8', 3, 'Action'); 
INSERT INTO Action(creatureId, name, description, attackBonus, damageDice, damageBonus, actionCategory) VALUES(195, 'Claw', 'Melee Weapon Attack: +5 to hit, reach 5 ft., one target. Hit: 6 (1d6 + 3) slashing damage.', 5, '1d6', 3, 'Action'); 
INSERT INTO Action(creatureId, name, description, attackBonus, damageDice, damageBonus, actionCategory) VALUES(195, 'Tail Spike', 'Ranged Weapon Attack: +5 to hit, range 100/200 ft., one target. Hit: 7 (1d8 + 3) piercing damage.', 5, '1d8', 3, 'Action'); 
INSERT INTO Creature VALUES(196, 'Marilith', 'Large', 'fiend', 'demon', 'chaotic evil', 18, 20, 20, 18, 16, 20, '16', 0); 
INSERT INTO Speed(creatureId, name) VALUES(196, '40 ft.'); 
INSERT INTO SavingThrow (creatureId, name, modifier) VALUES(196, 'strength_save', 9); 
INSERT INTO SavingThrow (creatureId, name, modifier) VALUES(196, 'constitution_save', 10); 
INSERT INTO SavingThrow (creatureId, name, modifier) VALUES(196, 'wisdom_save', 8); 
INSERT INTO SavingThrow (creatureId, name, modifier) VALUES(196, 'charisma_save', 10); 
INSERT INTO DamageResistance(creatureId, name) VALUES(196, 'cold, fire, lightning; bludgeoning, piercing, and slashing from nonmagical weapons'); 
INSERT INTO DamageImmunity(creatureId, name) VALUES(196, 'poison'); 
INSERT INTO ConditionImmunity(creatureId, name) VALUES(196, 'poisoned'); 
INSERT INTO Sense(creatureId, description) VALUES(196, 'truesight 120 ft.'); 
INSERT INTO Sense(creatureId, description) VALUES(196, ' passive Perception 13'); 
INSERT INTO Language(creatureId, name) VALUES(196, 'Abyssal'); 
INSERT INTO Language(creatureId, name) VALUES(196, ' telepathy 120 ft.'); 
INSERT INTO ArmorClass(creatureId, value) VALUES(196, 18); 
INSERT INTO HitPoint(creatureId, value, hitDice) VALUES(196, 189, '18d10'); 
INSERT INTO Action(creatureId, name, description, attackBonus, damageDice, damageBonus, actionCategory) VALUES(196, 'Magic Resistance', 'The marilith has advantage on saving throws against spells and other magical effects.', 0, NULL, NULL, 'SpecialAbility'); 
INSERT INTO Action(creatureId, name, description, attackBonus, damageDice, damageBonus, actionCategory) VALUES(196, 'Magic Weapons', 'The marilith''s weapon attacks are magical.', 0, NULL, NULL, 'SpecialAbility'); 
INSERT INTO Action(creatureId, name, description, attackBonus, damageDice, damageBonus, actionCategory) VALUES(196, 'Reactive', 'The marilith can take one reaction on every turn in combat.', 0, NULL, NULL, 'SpecialAbility'); 
INSERT INTO Action(creatureId, name, description, attackBonus, damageDice, damageBonus, actionCategory) VALUES(196, 'Multiattack', 'The marilith can make seven attacks: six with its longswords and one with its tail.', 0, NULL, NULL, 'Action'); 
INSERT INTO Action(creatureId, name, description, attackBonus, damageDice, damageBonus, actionCategory) VALUES(196, 'Longsword', 'Melee Weapon Attack: +9 to hit, reach 5 ft., one target. Hit: 13 (2d8 + 4) slashing damage.', 9, '2d8', 4, 'Action'); 
INSERT INTO Action(creatureId, name, description, attackBonus, damageDice, damageBonus, actionCategory) VALUES(196, 'Tail', 'Melee Weapon Attack: +9 to hit, reach 10 ft., one creature. Hit: 15 (2d10 + 4) bludgeoning damage. If the target is Medium or smaller, it is grappled (escape DC 19). Until this grapple ends, the target is restrained, the marilith can automatically hit the target with its tail, and the marilith can''t make tail attacks against other targets.', 9, '2d10', 4, 'Action'); 
INSERT INTO Action(creatureId, name, description, attackBonus, damageDice, damageBonus, actionCategory) VALUES(196, 'Teleport', 'The marilith magically teleports, along with any equipment it is wearing or carrying, up to 120 feet to an unoccupied space it can see.', 0, NULL, NULL, 'Action'); 
INSERT INTO Action(creatureId, name, description, attackBonus, damageDice, damageBonus, actionCategory) VALUES(196, 'Variant: Summon Demon (1/Day)', 'The demon chooses what to summon and attempts a magical summoning.
A marilith has a 50 percent chance of summoning 1d6 vrocks, 1d4 hezrous, 1d3 glabrezus, 1d2 nalfeshnees, or one marilith.
A summoned demon appears in an unoccupied space within 60 feet of its summoner, acts as an ally of its summoner, and can''t summon other demons. It remains for 1 minute, until it or its summoner dies, or until its summoner dismisses it as an action.', 0, NULL, NULL, 'Action'); 
INSERT INTO Action(creatureId, name, description, attackBonus, damageDice, damageBonus, actionCategory) VALUES(196, 'Parry', 'The marilith adds 5 to its AC against one melee attack that would hit it. To do so, the marilith must see the attacker and be wielding a melee weapon.', 0, NULL, NULL, 'Reaction'); 
INSERT INTO Creature VALUES(197, 'Mastiff', 'Medium', 'beast', NULL, 'unaligned', 13, 14, 12, 3, 12, 7, '1/8', 0); 
INSERT INTO Speed(creatureId, name) VALUES(197, '40 ft.'); 
INSERT INTO Skill (creatureId, name, modifier) VALUES(197, 'perception', 3); 
INSERT INTO Sense(creatureId, description) VALUES(197, 'passive Perception 13'); 
INSERT INTO Language(creatureId, name) VALUES(197, ''); 
INSERT INTO ArmorClass(creatureId, value) VALUES(197, 12); 
INSERT INTO HitPoint(creatureId, value, hitDice) VALUES(197, 5, '1d8'); 
INSERT INTO Action(creatureId, name, description, attackBonus, damageDice, damageBonus, actionCategory) VALUES(197, 'Keen Hearing and Smell', 'The mastiff has advantage on Wisdom (Perception) checks that rely on hearing or smell.', 0, NULL, NULL, 'SpecialAbility'); 
INSERT INTO Action(creatureId, name, description, attackBonus, damageDice, damageBonus, actionCategory) VALUES(197, 'Bite', 'Melee Weapon Attack: +3 to hit, reach 5 ft., one target. Hit: 4 (1d6 + 1) piercing damage. If the target is a creature, it must succeed on a DC 11 Strength saving throw or be knocked prone.', 3, '1d6', 1, 'Action'); 
INSERT INTO Creature VALUES(198, 'Medusa', 'Medium', 'monstrosity', NULL, 'lawful evil', 10, 15, 16, 12, 13, 15, '6', 0); 
INSERT INTO Speed(creatureId, name) VALUES(198, '30 ft.'); 
INSERT INTO Skill (creatureId, name, modifier) VALUES(198, 'deception', 5); 
INSERT INTO Skill (creatureId, name, modifier) VALUES(198, 'insight', 4); 
INSERT INTO Skill (creatureId, name, modifier) VALUES(198, 'perception', 4); 
INSERT INTO Skill (creatureId, name, modifier) VALUES(198, 'stealth', 5); 
INSERT INTO Sense(creatureId, description) VALUES(198, 'darkvision 60 ft.'); 
INSERT INTO Sense(creatureId, description) VALUES(198, ' passive Perception 14'); 
INSERT INTO Language(creatureId, name) VALUES(198, 'Common'); 
INSERT INTO ArmorClass(creatureId, value) VALUES(198, 15); 
INSERT INTO HitPoint(creatureId, value, hitDice) VALUES(198, 127, '17d8'); 
INSERT INTO Action(creatureId, name, description, attackBonus, damageDice, damageBonus, actionCategory) VALUES(198, 'Petrifying Gaze', 'When a creature that can see the medusa''s eyes starts its turn within 30 ft. of the medusa, the medusa can force it to make a DC 14 Constitution saving throw if the medusa isn''t incapacitated and can see the creature. If the saving throw fails by 5 or more, the creature is instantly petrified. Otherwise, a creature that fails the save begins to turn to stone and is restrained. The restrained creature must repeat the saving throw at the end of its next turn, becoming petrified on a failure or ending the effect on a success. The petrification lasts until the creature is freed by the greater restoration spell or other magic.
Unless surprised, a creature can avert its eyes to avoid the saving throw at the start of its turn. If the creature does so, it can''t see the medusa until the start of its next turn, when it can avert its eyes again. If the creature looks at the medusa in the meantime, it must immediately make the save.
If the medusa sees itself reflected on a polished surface within 30 ft. of it and in an area of bright light, the medusa is, due to its curse, affected by its own gaze.', 0, NULL, NULL, 'SpecialAbility'); 
INSERT INTO Action(creatureId, name, description, attackBonus, damageDice, damageBonus, actionCategory) VALUES(198, 'Multiattack', 'The medusa makes either three melee attacks —  one with its snake hair and two with its shortsword — or two ranged attacks with its longbow.', 0, NULL, NULL, 'Action'); 
INSERT INTO Action(creatureId, name, description, attackBonus, damageDice, damageBonus, actionCategory) VALUES(198, 'Snake Hair', 'Melee Weapon Attack: +5 to hit, reach 5 ft., one creature. Hit: 4 (1d4 + 2) piercing damage plus 14 (4d6) poison damage.', 5, '1d4', 2, 'Action'); 
INSERT INTO Action(creatureId, name, description, attackBonus, damageDice, damageBonus, actionCategory) VALUES(198, 'Shortsword', 'Melee Weapon Attack: +5 to hit, reach 5 ft., one target. Hit: 5 (1d6 + 2) piercing damage.', 5, '1d6', 2, 'Action'); 
INSERT INTO Action(creatureId, name, description, attackBonus, damageDice, damageBonus, actionCategory) VALUES(198, 'Longbow', 'Ranged Weapon Attack: +5 to hit, range 150/600 ft., one target. Hit: 6 (1d8 + 2) piercing damage plus 7 (2d6) poison damage.', 5, '2d6', NULL, 'Action'); 
INSERT INTO Creature VALUES(199, 'Merfolk', 'Medium', 'humanoid', 'merfolk', 'neutral', 10, 13, 12, 11, 11, 12, '1/8', 0); 
INSERT INTO Speed(creatureId, name) VALUES(199, '10 ft.'); 
INSERT INTO Speed(creatureId, name) VALUES(199, ' swim 40 ft.'); 
INSERT INTO Skill (creatureId, name, modifier) VALUES(199, 'perception', 2); 
INSERT INTO Sense(creatureId, description) VALUES(199, 'passive Perception 12'); 
INSERT INTO Language(creatureId, name) VALUES(199, 'Aquan'); 
INSERT INTO Language(creatureId, name) VALUES(199, ' Common'); 
INSERT INTO ArmorClass(creatureId, value) VALUES(199, 11); 
INSERT INTO HitPoint(creatureId, value, hitDice) VALUES(199, 11, '2d8'); 
INSERT INTO Action(creatureId, name, description, attackBonus, damageDice, damageBonus, actionCategory) VALUES(199, 'Amphibious', 'The merfolk can breathe air and water.', 0, NULL, NULL, 'SpecialAbility'); 
INSERT INTO Action(creatureId, name, description, attackBonus, damageDice, damageBonus, actionCategory) VALUES(199, 'Spear', 'Melee or Ranged Weapon Attack: +2 to hit, reach 5 ft. or range 20/60 ft., one target. Hit: 3 (1d6) piercing damage, or 4 (1d8) piercing damage if used with two hands to make a melee attack.', 2, '1d6', NULL, 'Action'); 
INSERT INTO Creature VALUES(200, 'Merrow', 'Large', 'monstrosity', NULL, 'chaotic evil', 18, 10, 15, 8, 10, 9, '2', 0); 
INSERT INTO Speed(creatureId, name) VALUES(200, '10 ft.'); 
INSERT INTO Speed(creatureId, name) VALUES(200, ' swim 40 ft.'); 
INSERT INTO Sense(creatureId, description) VALUES(200, 'darkvision 60 ft.'); 
INSERT INTO Sense(creatureId, description) VALUES(200, ' passive Perception 10'); 
INSERT INTO Language(creatureId, name) VALUES(200, 'Abyssal'); 
INSERT INTO Language(creatureId, name) VALUES(200, ' Aquan'); 
INSERT INTO ArmorClass(creatureId, value) VALUES(200, 13); 
INSERT INTO HitPoint(creatureId, value, hitDice) VALUES(200, 45, '6d10'); 
INSERT INTO Action(creatureId, name, description, attackBonus, damageDice, damageBonus, actionCategory) VALUES(200, 'Amphibious', 'The merrow can breathe air and water.', 0, NULL, NULL, 'SpecialAbility'); 
INSERT INTO Action(creatureId, name, description, attackBonus, damageDice, damageBonus, actionCategory) VALUES(200, 'Multiattack', 'The merrow makes two attacks: one with its bite and one with its claws or harpoon.', 0, NULL, NULL, 'Action'); 
INSERT INTO Action(creatureId, name, description, attackBonus, damageDice, damageBonus, actionCategory) VALUES(200, 'Bite', 'Melee Weapon Attack: +6 to hit, reach 5 ft., one target. Hit: 8 (1d8 + 4) piercing damage.', 6, '1d8', 4, 'Action'); 
INSERT INTO Action(creatureId, name, description, attackBonus, damageDice, damageBonus, actionCategory) VALUES(200, 'Claws', 'Melee Weapon Attack: +6 to hit, reach 5 ft., one target. Hit: 9 (2d4 + 4) slashing damage.', 6, '2d4', 4, 'Action'); 
INSERT INTO Action(creatureId, name, description, attackBonus, damageDice, damageBonus, actionCategory) VALUES(200, 'Harpoon', 'Melee or Ranged Weapon Attack: +6 to hit, reach 5 ft. or range 20/60 ft., one target. Hit: 11 (2d6 + 4) piercing damage. If the target is a Huge or smaller creature, it must succeed on a Strength contest against the merrow or be pulled up to 20 feet toward the merrow.', 6, '2d6', 4, 'Action'); 
INSERT INTO Creature VALUES(201, 'Mimic', 'Medium', 'monstrosity', 'shapechanger', 'neutral', 17, 12, 15, 5, 13, 8, '2', 0); 
INSERT INTO Speed(creatureId, name) VALUES(201, '15 ft.'); 
INSERT INTO Skill (creatureId, name, modifier) VALUES(201, 'stealth', 5); 
INSERT INTO DamageImmunity(creatureId, name) VALUES(201, 'acid'); 
INSERT INTO ConditionImmunity(creatureId, name) VALUES(201, 'prone'); 
INSERT INTO Sense(creatureId, description) VALUES(201, 'darkvision 60 ft.'); 
INSERT INTO Sense(creatureId, description) VALUES(201, ' passive Perception 11'); 
INSERT INTO Language(creatureId, name) VALUES(201, ''); 
INSERT INTO ArmorClass(creatureId, value) VALUES(201, 12); 
INSERT INTO HitPoint(creatureId, value, hitDice) VALUES(201, 58, '9d8'); 
INSERT INTO Action(creatureId, name, description, attackBonus, damageDice, damageBonus, actionCategory) VALUES(201, 'Shapechanger', 'The mimic can use its action to polymorph into an object or back into its true, amorphous form. Its statistics are the same in each form. Any equipment it is wearing or carrying isn ''t transformed. It reverts to its true form if it dies.', 0, NULL, NULL, 'SpecialAbility'); 
INSERT INTO Action(creatureId, name, description, attackBonus, damageDice, damageBonus, actionCategory) VALUES(201, 'Adhesive (Object Form Only)', 'The mimic adheres to anything that touches it. A Huge or smaller creature adhered to the mimic is also grappled by it (escape DC 13). Ability checks made to escape this grapple have disadvantage.', 0, NULL, NULL, 'SpecialAbility'); 
INSERT INTO Action(creatureId, name, description, attackBonus, damageDice, damageBonus, actionCategory) VALUES(201, 'False Appearance (Object Form Only)', 'While the mimic remains motionless, it is indistinguishable from an ordinary object.', 0, NULL, NULL, 'SpecialAbility'); 
INSERT INTO Action(creatureId, name, description, attackBonus, damageDice, damageBonus, actionCategory) VALUES(201, 'Grappler', 'The mimic has advantage on attack rolls against any creature grappled by it.', 0, NULL, NULL, 'SpecialAbility'); 
INSERT INTO Action(creatureId, name, description, attackBonus, damageDice, damageBonus, actionCategory) VALUES(201, 'Pseudopod', 'Melee Weapon Attack: +5 to hit, reach 5 ft., one target. Hit: 7 (1d8 + 3) bludgeoning damage. If the mimic is in object form, the target is subjected to its Adhesive trait.', 5, '1d8', 3, 'Action'); 
INSERT INTO Action(creatureId, name, description, attackBonus, damageDice, damageBonus, actionCategory) VALUES(201, 'Bite', 'Melee Weapon Attack: +5 to hit, reach 5 ft., one target. Hit: 7 (1d8 + 3) piercing damage plus 4 (1d8) acid damage.', 5, '1d8 + 1d8', 3, 'Action'); 
INSERT INTO Creature VALUES(202, 'Minotaur', 'Large', 'monstrosity', NULL, 'chaotic evil', 18, 11, 16, 6, 16, 9, '3', 0); 
INSERT INTO Speed(creatureId, name) VALUES(202, '40 ft.'); 
INSERT INTO Skill (creatureId, name, modifier) VALUES(202, 'perception', 7); 
INSERT INTO Sense(creatureId, description) VALUES(202, 'darkvision 60 ft.'); 
INSERT INTO Sense(creatureId, description) VALUES(202, ' passive Perception 17'); 
INSERT INTO Language(creatureId, name) VALUES(202, 'Abyssal'); 
INSERT INTO ArmorClass(creatureId, value) VALUES(202, 14); 
INSERT INTO HitPoint(creatureId, value, hitDice) VALUES(202, 76, '9d10'); 
INSERT INTO Action(creatureId, name, description, attackBonus, damageDice, damageBonus, actionCategory) VALUES(202, 'Charge', 'If the minotaur moves at least 10 ft. straight toward a target and then hits it with a gore attack on the same turn, the target takes an extra 9 (2d8) piercing damage. If the target is a creature, it must succeed on a DC 14 Strength saving throw or be pushed up to 10 ft. away and knocked prone.', 0, '2d8', NULL, 'SpecialAbility'); 
INSERT INTO Action(creatureId, name, description, attackBonus, damageDice, damageBonus, actionCategory) VALUES(202, 'Labyrinthine Recall', 'The minotaur can perfectly recall any path it has traveled.', 0, NULL, NULL, 'SpecialAbility'); 
INSERT INTO Action(creatureId, name, description, attackBonus, damageDice, damageBonus, actionCategory) VALUES(202, 'Reckless', 'At the start of its turn, the minotaur can gain advantage on all melee weapon attack rolls it makes during that turn, but attack rolls against it have advantage until the start of its next turn.', 0, NULL, NULL, 'SpecialAbility'); 
INSERT INTO Action(creatureId, name, description, attackBonus, damageDice, damageBonus, actionCategory) VALUES(202, 'Greataxe', 'Melee Weapon Attack: +6 to hit, reach 5 ft., one target. Hit: 17 (2d12 + 4) slashing damage.', 6, '2d12', 4, 'Action'); 
INSERT INTO Action(creatureId, name, description, attackBonus, damageDice, damageBonus, actionCategory) VALUES(202, 'Gore', 'Melee Weapon Attack: +6 to hit, reach 5 ft., one target. Hit: 13 (2d8 + 4) piercing damage.', 6, '2d8', 4, 'Action'); 
INSERT INTO Creature VALUES(203, 'Minotaur Skeleton', 'Large', 'undead', NULL, 'lawful evil', 18, 11, 15, 6, 8, 5, '2', 0); 
INSERT INTO Speed(creatureId, name) VALUES(203, '40 ft.'); 
INSERT INTO DamageVulnerability(creatureId, name) VALUES(203, 'bludgeoning'); 
INSERT INTO DamageImmunity(creatureId, name) VALUES(203, 'poison'); 
INSERT INTO ConditionImmunity(creatureId, name) VALUES(203, 'exhaustion, poisoned'); 
INSERT INTO Sense(creatureId, description) VALUES(203, 'darkvision 60 ft.'); 
INSERT INTO Sense(creatureId, description) VALUES(203, ' passive Perception 9'); 
INSERT INTO Language(creatureId, name) VALUES(203, 'understands Abyssal but can''t speak'); 
INSERT INTO ArmorClass(creatureId, value) VALUES(203, 12); 
INSERT INTO HitPoint(creatureId, value, hitDice) VALUES(203, 67, '9d10'); 
INSERT INTO Action(creatureId, name, description, attackBonus, damageDice, damageBonus, actionCategory) VALUES(203, 'Charge', 'If the skeleton moves at least 10 feet straight toward a target and then hits it with a gore attack on the same turn, the target takes an extra 9 (2d8) piercing damage. If the target is a creature, it must succeed on a DC 14 Strength saving throw or be pushed up to 10 feet away and knocked prone.', 0, '2d8', NULL, 'SpecialAbility'); 
INSERT INTO Action(creatureId, name, description, attackBonus, damageDice, damageBonus, actionCategory) VALUES(203, 'Greataxe', 'Melee Weapon Attack: +6 to hit, reach 5 ft., one target. Hit: 17 (2d12 + 4) slashing damage.', 6, '2d12', 4, 'Action'); 
INSERT INTO Action(creatureId, name, description, attackBonus, damageDice, damageBonus, actionCategory) VALUES(203, 'Gore', 'Melee Weapon Attack: +6 to hit, reach 5 ft., one target. Hit: 13 (2d8 + 4) piercing damage.', 6, '2d8', 4, 'Action'); 
INSERT INTO Creature VALUES(204, 'Mule', 'Medium', 'beast', NULL, 'unaligned', 14, 10, 13, 2, 10, 5, '1/8', 0); 
INSERT INTO Speed(creatureId, name) VALUES(204, '40 ft.'); 
INSERT INTO Sense(creatureId, description) VALUES(204, 'passive Perception 10'); 
INSERT INTO Language(creatureId, name) VALUES(204, ''); 
INSERT INTO ArmorClass(creatureId, value) VALUES(204, 10); 
INSERT INTO HitPoint(creatureId, value, hitDice) VALUES(204, 11, '2d8'); 
INSERT INTO Action(creatureId, name, description, attackBonus, damageDice, damageBonus, actionCategory) VALUES(204, 'Beast of Burden', 'The mule is considered to be a Large animal for the purpose of determining its carrying capacity.', 0, NULL, NULL, 'SpecialAbility'); 
INSERT INTO Action(creatureId, name, description, attackBonus, damageDice, damageBonus, actionCategory) VALUES(204, 'Sure-Footed', 'The mule has advantage on Strength and Dexterity saving throws made against effects that would knock it prone.', 0, NULL, NULL, 'SpecialAbility'); 
INSERT INTO Action(creatureId, name, description, attackBonus, damageDice, damageBonus, actionCategory) VALUES(204, 'Hooves', 'Melee Weapon Attack: +2 to hit, reach 5 ft., one target. Hit: 4 (1d4 + 2) bludgeoning damage.', 4, '1d4', 2, 'Action'); 
INSERT INTO Creature VALUES(205, 'Mummy', 'Medium', 'undead', NULL, 'lawful evil', 16, 8, 15, 6, 10, 12, '3', 0); 
INSERT INTO Speed(creatureId, name) VALUES(205, '20 ft.'); 
INSERT INTO SavingThrow (creatureId, name, modifier) VALUES(205, 'wisdom_save', 2); 
INSERT INTO DamageVulnerability(creatureId, name) VALUES(205, 'fire'); 
INSERT INTO DamageImmunity(creatureId, name) VALUES(205, 'bludgeoning, piercing, and slashing from nonmagical weapons'); 
INSERT INTO ConditionImmunity(creatureId, name) VALUES(205, 'necrotic, poisoned'); 
INSERT INTO Sense(creatureId, description) VALUES(205, 'darkvision 60 ft.'); 
INSERT INTO Sense(creatureId, description) VALUES(205, ' passive Perception 10'); 
INSERT INTO Language(creatureId, name) VALUES(205, 'the languages it knew in life'); 
INSERT INTO ArmorClass(creatureId, value) VALUES(205, 11); 
INSERT INTO HitPoint(creatureId, value, hitDice) VALUES(205, 58, '9d8'); 
INSERT INTO Action(creatureId, name, description, attackBonus, damageDice, damageBonus, actionCategory) VALUES(205, 'Multiattack', 'The mummy can use its Dreadful Glare and makes one attack with its rotting fist.', 0, NULL, NULL, 'Action'); 
INSERT INTO Action(creatureId, name, description, attackBonus, damageDice, damageBonus, actionCategory) VALUES(205, 'Rotting Fist', 'Melee Weapon Attack: +5 to hit, reach 5 ft., one target. Hit: 10 (2d6 + 3) bludgeoning damage plus 10 (3d6) necrotic damage. If the target is a creature, it must succeed on a DC 12 Constitution saving throw or be cursed with mummy rot. The cursed target can''t regain hit points, and its hit point maximum decreases by 10 (3d6) for every 24 hours that elapse. If the curse reduces the target''s hit point maximum to 0, the target dies, and its body turns to dust. The curse lasts until removed by the remove curse spell or other magic.', 5, '2d6', 3, 'Action'); 
INSERT INTO Action(creatureId, name, description, attackBonus, damageDice, damageBonus, actionCategory) VALUES(205, 'Dreadful Glare', 'The mummy targets one creature it can see within 60 ft. of it. If the target can see the mummy, it must succeed on a DC 11 Wisdom saving throw against this magic or become frightened until the end of the mummy''s next turn. If the target fails the saving throw by 5 or more, it is also paralyzed for the same duration. A target that succeeds on the saving throw is immune to the Dreadful Glare of all mummies (but not mummy lords) for the next 24 hours.', 0, NULL, NULL, 'Action'); 
INSERT INTO Creature VALUES(206, 'Mummy Lord', 'Medium', 'undead', NULL, 'lawful evil', 18, 10, 17, 11, 18, 16, '15', 0); 
INSERT INTO Speed(creatureId, name) VALUES(206, '20 ft.'); 
INSERT INTO SavingThrow (creatureId, name, modifier) VALUES(206, 'constitution_save', 8); 
INSERT INTO SavingThrow (creatureId, name, modifier) VALUES(206, 'intelligence_save', 5); 
INSERT INTO SavingThrow (creatureId, name, modifier) VALUES(206, 'wisdom_save', 9); 
INSERT INTO SavingThrow (creatureId, name, modifier) VALUES(206, 'charisma_save', 8); 
INSERT INTO Skill (creatureId, name, modifier) VALUES(206, 'history', 5); 
INSERT INTO Skill (creatureId, name, modifier) VALUES(206, 'religion', 5); 
INSERT INTO DamageVulnerability(creatureId, name) VALUES(206, 'bludgeoning'); 
INSERT INTO DamageImmunity(creatureId, name) VALUES(206, 'necrotic, poison; bludgeoning, piercing, and slashing from nonmagical weapons'); 
INSERT INTO ConditionImmunity(creatureId, name) VALUES(206, 'charmed, exhaustion, frightened, paralyzed, poisoned'); 
INSERT INTO Sense(creatureId, description) VALUES(206, 'darkvision 60 ft.'); 
INSERT INTO Sense(creatureId, description) VALUES(206, ' passive Perception 14'); 
INSERT INTO Language(creatureId, name) VALUES(206, 'the languages it knew in life'); 
INSERT INTO ArmorClass(creatureId, value) VALUES(206, 17); 
INSERT INTO HitPoint(creatureId, value, hitDice) VALUES(206, 97, '13d8'); 
INSERT INTO Action(creatureId, name, description, attackBonus, damageDice, damageBonus, actionCategory) VALUES(206, 'Magic Resistance', 'The mummy lord has advantage on saving throws against spells and other magical effects.', 0, NULL, NULL, 'SpecialAbility'); 
INSERT INTO Action(creatureId, name, description, attackBonus, damageDice, damageBonus, actionCategory) VALUES(206, 'Rejuvenation', 'A destroyed mummy lord gains a new body in 24 hours if its heart is intact, regaining all its hit points and becoming active again. The new body appears within 5 feet of the mummy lord''s heart.', 0, NULL, NULL, 'SpecialAbility'); 
INSERT INTO Action(creatureId, name, description, attackBonus, damageDice, damageBonus, actionCategory) VALUES(206, 'Spellcasting', 'The mummy lord is a 10th-level spellcaster. Its spellcasting ability is Wisdom (spell save DC 17, +9 to hit with spell attacks). The mummy lord has the following cleric spells prepared:

• Cantrips (at will): sacred flame, thaumaturgy
• 1st level (4 slots): command, guiding bolt, shield of faith
• 2nd level (3 slots): hold person, silence, spiritual weapon
• 3rd level (3 slots): animate dead, dispel magic
• 4th level (3 slots): divination, guardian of faith
• 5th level (2 slots): contagion, insect plague
• 6th level (1 slot): harm', 0, NULL, NULL, 'SpecialAbility'); 
INSERT INTO Action(creatureId, name, description, attackBonus, damageDice, damageBonus, actionCategory) VALUES(206, 'Multiattack', 'The mummy can use its Dreadful Glare and makes one attack with its rotting fist.', 0, NULL, NULL, 'Action'); 
INSERT INTO Action(creatureId, name, description, attackBonus, damageDice, damageBonus, actionCategory) VALUES(206, 'Rotting Fist', 'Melee Weapon Attack: +9 to hit, reach 5 ft., one target. Hit: 14 (3d6 + 4) bludgeoning damage plus 21 (6d6) necrotic damage. If the target is a creature, it must succeed on a DC 16 Constitution saving throw or be cursed with mummy rot. The cursed target can''t regain hit points, and its hit point maximum decreases by 10 (3d6) for every 24 hours that elapse. If the curse reduces the target''s hit point maximum to 0, the target dies, and its body turns to dust. The curse lasts until removed by the remove curse spell or other magic.', 9, '3d6 + 6d6', 4, 'Action'); 
INSERT INTO Action(creatureId, name, description, attackBonus, damageDice, damageBonus, actionCategory) VALUES(206, 'Dreadful Glare', 'The mummy lord targets one creature it can see within 60 feet of it. If the target can see the mummy lord, it must succeed on a DC 16 Wisdom saving throw against this magic or become frightened until the end of the mummy''s next turn. If the target fails the saving throw by 5 or more, it is also paralyzed for the same duration. A target that succeeds on the saving throw is immune to the Dreadful Glare of all mummies and mummy lords for the next 24 hours.', 0, NULL, NULL, 'Action'); 
INSERT INTO Action(creatureId, name, description, attackBonus, damageDice, damageBonus, actionCategory) VALUES(206, 'Attack', 'The mummy lord makes one attack with its rotting fist or uses its Dreadful Glare.', 0, NULL, NULL, 'LegendaryAction'); 
INSERT INTO Action(creatureId, name, description, attackBonus, damageDice, damageBonus, actionCategory) VALUES(206, 'Blinding Dust', 'Blinding dust and sand swirls magically around the mummy lord. Each creature within 5 feet of the mummy lord must succeed on a DC 16 Constitution saving throw or be blinded until the end of the creature''s next turn.', 0, NULL, NULL, 'LegendaryAction'); 
INSERT INTO Action(creatureId, name, description, attackBonus, damageDice, damageBonus, actionCategory) VALUES(206, 'Blasphemous Word (Costs 2 Actions)', 'The mummy lord utters a blasphemous word. Each non-undead creature within 10 feet of the mummy lord that can hear the magical utterance must succeed on a DC 16 Constitution saving throw or be stunned until the end of the mummy lord''s next turn.', 0, NULL, NULL, 'LegendaryAction'); 
INSERT INTO Action(creatureId, name, description, attackBonus, damageDice, damageBonus, actionCategory) VALUES(206, 'Channel Negative Energy (Costs 2 Actions)', 'The mummy lord magically unleashes negative energy. Creatures within 60 feet of the mummy lord, including ones behind barriers and around corners, can''t regain hit points until the end of the mummy lord''s next turn.', 0, NULL, NULL, 'LegendaryAction'); 
INSERT INTO Action(creatureId, name, description, attackBonus, damageDice, damageBonus, actionCategory) VALUES(206, 'Whirlwind of Sand (Costs 2 Actions)', 'The mummy lord magically transforms into a whirlwind of sand, moves up to 60 feet, and reverts to its normal form. While in whirlwind form, the mummy lord is immune to all damage, and it can''t be grappled, petrified, knocked prone, restrained, or stunned. Equipment worn or carried by the mummy lord remain in its possession.', 0, NULL, NULL, 'LegendaryAction'); 
INSERT INTO Creature VALUES(207, 'Nalfeshnee', 'Large', 'fiend', 'demon', 'chaotic evil', 21, 10, 22, 19, 12, 15, '13', 0); 
INSERT INTO Speed(creatureId, name) VALUES(207, '20 ft.'); 
INSERT INTO Speed(creatureId, name) VALUES(207, ' fly 30 ft.'); 
INSERT INTO SavingThrow (creatureId, name, modifier) VALUES(207, 'constitution_save', 11); 
INSERT INTO SavingThrow (creatureId, name, modifier) VALUES(207, 'intelligence_save', 9); 
INSERT INTO SavingThrow (creatureId, name, modifier) VALUES(207, 'wisdom_save', 6); 
INSERT INTO SavingThrow (creatureId, name, modifier) VALUES(207, 'charisma_save', 7); 
INSERT INTO DamageResistance(creatureId, name) VALUES(207, 'cold, fire, lightning; bludgeoning, piercing, and slashing from nonmagical weapons'); 
INSERT INTO DamageImmunity(creatureId, name) VALUES(207, 'poison'); 
INSERT INTO ConditionImmunity(creatureId, name) VALUES(207, 'poisoned'); 
INSERT INTO Sense(creatureId, description) VALUES(207, 'truesight 120 ft.'); 
INSERT INTO Sense(creatureId, description) VALUES(207, ' passive Perception 11'); 
INSERT INTO Language(creatureId, name) VALUES(207, 'Abyssal'); 
INSERT INTO Language(creatureId, name) VALUES(207, ' telepathy 120 ft.'); 
INSERT INTO ArmorClass(creatureId, value) VALUES(207, 18); 
INSERT INTO HitPoint(creatureId, value, hitDice) VALUES(207, 184, '16d10'); 
INSERT INTO Action(creatureId, name, description, attackBonus, damageDice, damageBonus, actionCategory) VALUES(207, 'Magic Resistance', 'The nalfeshnee has advantage on saving throws against spells and other magical effects.', 0, NULL, NULL, 'SpecialAbility'); 
INSERT INTO Action(creatureId, name, description, attackBonus, damageDice, damageBonus, actionCategory) VALUES(207, 'Multiattack', 'The nalfeshnee uses Horror Nimbus if it can.  It then makes three attacks: one with its bite and two with its claws.', 0, NULL, NULL, 'Action'); 
INSERT INTO Action(creatureId, name, description, attackBonus, damageDice, damageBonus, actionCategory) VALUES(207, 'Bite', 'Melee Weapon Attack: +10 to hit, reach 5 ft., one target. Hit: 32 (5d10 + 5) piercing damage.', 10, '5d10', 5, 'Action'); 
INSERT INTO Action(creatureId, name, description, attackBonus, damageDice, damageBonus, actionCategory) VALUES(207, 'Claw', 'Melee Weapon Attack: +10 to hit, reach 10 ft., one target. Hit: 15 (3d6 + 5) slashing damage.', 10, '3d6', 5, 'Action'); 
INSERT INTO Action(creatureId, name, description, attackBonus, damageDice, damageBonus, actionCategory) VALUES(207, 'Horror Nimbus (Recharge 5-6)', 'The nalfeshnee magically emits scintillating, multicolored light. Each creature within 15 feet of the nalfeshnee that can see the light must succeed on a DC 15 Wisdom saving throw or be frightened for 1 minute. A creature can repeat the saving throw at the end of each of its turns, ending the effect on itself on a success. If a creature''s saving throw is successful or the effect ends for it, the creature is immune to the nalfeshnee''s Horror Nimbus for the next 24 hours.', 0, NULL, NULL, 'Action'); 
INSERT INTO Action(creatureId, name, description, attackBonus, damageDice, damageBonus, actionCategory) VALUES(207, 'Teleport', 'The nalfeshnee magically teleports, along with any equipment it is wearing or carrying, up to 120 feet to an unoccupied space it can see.', 0, NULL, NULL, 'Action'); 
INSERT INTO Action(creatureId, name, description, attackBonus, damageDice, damageBonus, actionCategory) VALUES(207, 'Variant: Summon Demon (1/Day)', 'The demon chooses what to summon and attempts a magical summoning.
A nalfeshnee has a 50 percent chance of summoning 1d4 vrocks, 1d3 hezrous, 1d2 glabrezus, or one nalfeshnee.
A summoned demon appears in an unoccupied space within 60 feet of its summoner, acts as an ally of its summoner, and can''t summon other demons. It remains for 1 minute, until it or its summoner dies, or until its summoner dismisses it as an action.', 0, NULL, NULL, 'Action'); 
INSERT INTO Creature VALUES(208, 'Night Hag', 'Medium', 'fiend', NULL, 'neutral evil', 18, 15, 16, 16, 14, 16, '5', 0); 
INSERT INTO Speed(creatureId, name) VALUES(208, '30 ft.'); 
INSERT INTO Skill (creatureId, name, modifier) VALUES(208, 'deception', 7); 
INSERT INTO Skill (creatureId, name, modifier) VALUES(208, 'insight', 6); 
INSERT INTO Skill (creatureId, name, modifier) VALUES(208, 'perception', 6); 
INSERT INTO Skill (creatureId, name, modifier) VALUES(208, 'stealth', 6); 
INSERT INTO DamageResistance(creatureId, name) VALUES(208, 'cold, fire; bludgeoning, piercing, and slashing from nonmagical weapons that aren''t silvered'); 
INSERT INTO ConditionImmunity(creatureId, name) VALUES(208, 'charmed'); 
INSERT INTO Sense(creatureId, description) VALUES(208, 'darkvision 120 ft.'); 
INSERT INTO Sense(creatureId, description) VALUES(208, ' passive Perception 16'); 
INSERT INTO Language(creatureId, name) VALUES(208, 'Abyssal'); 
INSERT INTO Language(creatureId, name) VALUES(208, ' Common'); 
INSERT INTO Language(creatureId, name) VALUES(208, ' Infernal'); 
INSERT INTO Language(creatureId, name) VALUES(208, ' Primordial'); 
INSERT INTO ArmorClass(creatureId, value) VALUES(208, 17); 
INSERT INTO HitPoint(creatureId, value, hitDice) VALUES(208, 112, '15d8'); 
INSERT INTO Action(creatureId, name, description, attackBonus, damageDice, damageBonus, actionCategory) VALUES(208, 'Innate Spellcasting', 'The hag''s innate spellcasting ability is Charisma (spell save DC 14, +6 to hit with spell attacks). She can innately cast the following spells, requiring no material components:

At will: detect magic, magic missile
2/day each: plane shift (self only), ray of enfeeblement, sleep', 0, NULL, NULL, 'SpecialAbility'); 
INSERT INTO Action(creatureId, name, description, attackBonus, damageDice, damageBonus, actionCategory) VALUES(208, 'Magic Resistance', 'The hag has advantage on saving throws against spells and other magical effects.', 0, NULL, NULL, 'SpecialAbility'); 
INSERT INTO Action(creatureId, name, description, attackBonus, damageDice, damageBonus, actionCategory) VALUES(208, 'Night Hag Items', 'A night hag carries two very rare magic items that she must craft for herself If either object is lost, the night hag will go to great lengths to retrieve it, as creating a new tool takes time and effort.
Heartstone: This lustrous black gem allows a night hag to become ethereal while it is in her possession. The touch of a heartstone also cures any disease. Crafting a heartstone takes 30 days.
Soul Bag: When an evil humanoid dies as a result of a night hag''s Nightmare Haunting, the hag catches the soul in this black sack made of stitched flesh. A soul bag can hold only one evil soul at a time, and only the night hag who crafted the bag can catch a soul with it. Crafting a soul bag takes 7 days and a humanoid sacrifice (whose flesh is used to make the bag).', 0, NULL, NULL, 'SpecialAbility'); 
INSERT INTO Action(creatureId, name, description, attackBonus, damageDice, damageBonus, actionCategory) VALUES(208, 'Hag Coven', 'When hags must work together, they form covens, in spite of their selfish natures. A coven is made up of hags of any type, all of whom are equals within the group. However, each of the hags continues to desire more personal power.
A coven consists of three hags so that any arguments between two hags can be settled by the third. If more than three hags ever come together, as might happen if two covens come into conflict, the result is usually chaos.', 0, NULL, NULL, 'SpecialAbility'); 
INSERT INTO Action(creatureId, name, description, attackBonus, damageDice, damageBonus, actionCategory) VALUES(208, 'Shared Spellcasting (Coven Only)', 'While all three members of a hag coven are within 30 feet of one another, they can each cast the following spells from the wizard''s spell list but must share the spell slots among themselves:

• 1st level (4 slots): identify, ray of sickness
• 2nd level (3 slots): hold person, locate object
• 3rd level (3 slots): bestow curse, counterspell, lightning bolt
• 4th level (3 slots): phantasmal killer, polymorph
• 5th level (2 slots): contact other plane, scrying
• 6th level (1 slot): eye bite

For casting these spells, each hag is a 12th-level spellcaster that uses Intelligence as her spellcasting ability. The spell save DC is 12+the hag''s Intelligence modifier, and the spell attack bonus is 4+the hag''s Intelligence modifier.', 0, NULL, NULL, 'SpecialAbility'); 
INSERT INTO Action(creatureId, name, description, attackBonus, damageDice, damageBonus, actionCategory) VALUES(208, 'Hag Eye (Coven Only)', 'A hag coven can craft a magic item called a hag eye, which is made from a real eye coated in varnish and often fitted to a pendant or other wearable item. The hag eye is usually entrusted to a minion for safekeeping and transport. A hag in the coven can take an action to see what the hag eye sees if the hag eye is on the same plane of existence. A hag eye has AC 10, 1 hit point, and darkvision with a radius of 60 feet. If it is destroyed, each coven member takes 3d10 psychic damage and is blinded for 24 hours.
A hag coven can have only one hag eye at a time, and creating a new one requires all three members of the coven to perform a ritual. The ritual takes 1 hour, and the hags can''t perform it while blinded. During the ritual, if the hags take any action other than performing the ritual, they must start over.', 0, NULL, NULL, 'SpecialAbility'); 
INSERT INTO Action(creatureId, name, description, attackBonus, damageDice, damageBonus, actionCategory) VALUES(208, 'Claws (Hag Form Only)', 'Melee Weapon Attack: +7 to hit, reach 5 ft., one target. Hit: 13 (2d8 + 4) slashing damage.', 7, '2d8', 4, 'Action'); 
INSERT INTO Action(creatureId, name, description, attackBonus, damageDice, damageBonus, actionCategory) VALUES(208, 'Change Shape', 'The hag magically polymorphs into a Small or Medium female humanoid, or back into her true form. Her statistics are the same in each form. Any equipment she is wearing or carrying isn''t transformed. She reverts to her true form if she dies.', 0, NULL, NULL, 'Action'); 
INSERT INTO Action(creatureId, name, description, attackBonus, damageDice, damageBonus, actionCategory) VALUES(208, 'Etherealness', 'The hag magically enters the Ethereal Plane from the Material Plane, or vice versa. To do so, the hag must have a heartstone in her possession.', 0, NULL, NULL, 'Action'); 
INSERT INTO Action(creatureId, name, description, attackBonus, damageDice, damageBonus, actionCategory) VALUES(208, 'Nightmare Haunting (1/Day)', 'While on the Ethereal Plane, the hag magically touches a sleeping humanoid on the Material Plane. A protection from evil and good spell cast on the target prevents this contact, as does a magic circle. As long as the contact persists, the target has dreadful visions. If these visions last for at least 1 hour, the target gains no benefit from its rest, and its hit point maximum is reduced by 5 (1d10). If this effect reduces the target''s hit point maximum to 0, the target dies, and if the target was evil, its soul is trapped in the hag''s soul bag. The reduction to the target''s hit point maximum lasts until removed by the greater restoration spell or similar magic.', 0, NULL, NULL, 'Action'); 
INSERT INTO Creature VALUES(209, 'Nightmare', 'Large', 'fiend', NULL, 'neutral evil', 18, 15, 16, 10, 13, 15, '3', 0); 
INSERT INTO Speed(creatureId, name) VALUES(209, '60 ft.'); 
INSERT INTO Speed(creatureId, name) VALUES(209, ' fly 90 ft.'); 
INSERT INTO DamageImmunity(creatureId, name) VALUES(209, 'fire'); 
INSERT INTO Sense(creatureId, description) VALUES(209, 'passive Perception 11'); 
INSERT INTO Language(creatureId, name) VALUES(209, 'understands Abyssal'); 
INSERT INTO Language(creatureId, name) VALUES(209, ' Common'); 
INSERT INTO Language(creatureId, name) VALUES(209, ' and Infernal but can''t speak'); 
INSERT INTO ArmorClass(creatureId, value) VALUES(209, 13); 
INSERT INTO HitPoint(creatureId, value, hitDice) VALUES(209, 68, '8d10'); 
INSERT INTO Action(creatureId, name, description, attackBonus, damageDice, damageBonus, actionCategory) VALUES(209, 'Confer Fire Resistance', 'The nightmare can grant resistance to fire damage to anyone riding it.', 0, NULL, NULL, 'SpecialAbility'); 
INSERT INTO Action(creatureId, name, description, attackBonus, damageDice, damageBonus, actionCategory) VALUES(209, 'Illumination', 'The nightmare sheds bright light in a 10-foot radius and dim light for an additional 10 feet.', 0, NULL, NULL, 'SpecialAbility'); 
INSERT INTO Action(creatureId, name, description, attackBonus, damageDice, damageBonus, actionCategory) VALUES(209, 'Hooves', 'Melee Weapon Attack: +6 to hit, reach 5 ft., one target. Hit: 13 (2d8 + 4) bludgeoning damage plus 7 (2d6) fire damage.', 6, '2d8 + 2d6', 4, 'Action'); 
INSERT INTO Action(creatureId, name, description, attackBonus, damageDice, damageBonus, actionCategory) VALUES(209, 'Ethereal Stride', 'The nightmare and up to three willing creatures within 5 feet of it magically enter the Ethereal Plane from the Material Plane, or vice versa.', 0, NULL, NULL, 'Action'); 
INSERT INTO Creature VALUES(210, 'Noble', 'Medium', 'humanoid', 'any race', 'any alignment', 11, 12, 11, 12, 14, 16, '1/8', 0); 
INSERT INTO Speed(creatureId, name) VALUES(210, '30 ft.'); 
INSERT INTO Skill (creatureId, name, modifier) VALUES(210, 'deception', 5); 
INSERT INTO Skill (creatureId, name, modifier) VALUES(210, 'insight', 4); 
INSERT INTO Skill (creatureId, name, modifier) VALUES(210, 'persuasion', 5); 
INSERT INTO Sense(creatureId, description) VALUES(210, 'passive Perception 12'); 
INSERT INTO Language(creatureId, name) VALUES(210, 'any two languages'); 
INSERT INTO ArmorClass(creatureId, value) VALUES(210, 15); 
INSERT INTO HitPoint(creatureId, value, hitDice) VALUES(210, 9, '2d8'); 
INSERT INTO Action(creatureId, name, description, attackBonus, damageDice, damageBonus, actionCategory) VALUES(210, 'Rapier', 'Melee Weapon Attack: +3 to hit, reach 5 ft., one target. Hit: 5 (1d8 + 1) piercing damage.', 3, '1d8', 1, 'Action'); 
INSERT INTO Action(creatureId, name, description, attackBonus, damageDice, damageBonus, actionCategory) VALUES(210, 'Parry', 'The noble adds 2 to its AC against one melee attack that would hit it. To do so, the noble must see the attacker and be wielding a melee weapon.', 0, NULL, NULL, 'Reaction'); 
INSERT INTO Creature VALUES(211, 'Ochre Jelly', 'Large', 'ooze', NULL, 'unaligned', 15, 6, 14, 2, 6, 1, '2', 0); 
INSERT INTO Speed(creatureId, name) VALUES(211, '10 ft.'); 
INSERT INTO Speed(creatureId, name) VALUES(211, ' climb 10 ft.'); 
INSERT INTO DamageResistance(creatureId, name) VALUES(211, 'acid'); 
INSERT INTO DamageImmunity(creatureId, name) VALUES(211, 'lightning, slashing'); 
INSERT INTO ConditionImmunity(creatureId, name) VALUES(211, 'blinded, charmed, deafened, exhaustion, frightened, prone'); 
INSERT INTO Sense(creatureId, description) VALUES(211, 'blindsight 60 ft. (blind beyond this radius)'); 
INSERT INTO Sense(creatureId, description) VALUES(211, ' passive Perception 8'); 
INSERT INTO Language(creatureId, name) VALUES(211, ''); 
INSERT INTO ArmorClass(creatureId, value) VALUES(211, 8); 
INSERT INTO HitPoint(creatureId, value, hitDice) VALUES(211, 45, '6d10'); 
INSERT INTO Action(creatureId, name, description, attackBonus, damageDice, damageBonus, actionCategory) VALUES(211, 'Amorphous', 'The jelly can move through a space as narrow as 1 inch wide without squeezing.', 0, NULL, NULL, 'SpecialAbility'); 
INSERT INTO Action(creatureId, name, description, attackBonus, damageDice, damageBonus, actionCategory) VALUES(211, 'Spider Climb', 'The jelly can climb difficult surfaces, including upside down on ceilings, without needing to make an ability check.', 0, NULL, NULL, 'SpecialAbility'); 
INSERT INTO Action(creatureId, name, description, attackBonus, damageDice, damageBonus, actionCategory) VALUES(211, 'Pseudopod', 'Melee Weapon Attack: +4 to hit, reach 5 ft., one target. Hit: 9 (2d6 + 2) bludgeoning damage plus 3 (1d6) acid damage.', 4, '2d6', 2, 'Action'); 
INSERT INTO Action(creatureId, name, description, attackBonus, damageDice, damageBonus, actionCategory) VALUES(211, 'Split', 'When a jelly that is Medium or larger is subjected to lightning or slashing damage, it splits into two new jellies if it has at least 10 hit points. Each new jelly has hit points equal to half the original jelly''s, rounded down. New jellies are one size smaller than the original jelly.', 0, NULL, NULL, 'Reaction'); 
INSERT INTO Creature VALUES(212, 'Octopus', 'Small', 'beast', NULL, 'unaligned', 4, 15, 11, 3, 10, 4, '0', 0); 
INSERT INTO Speed(creatureId, name) VALUES(212, '5 ft.'); 
INSERT INTO Speed(creatureId, name) VALUES(212, ' swim 30 ft.'); 
INSERT INTO Skill (creatureId, name, modifier) VALUES(212, 'perception', 2); 
INSERT INTO Skill (creatureId, name, modifier) VALUES(212, 'stealth', 4); 
INSERT INTO Sense(creatureId, description) VALUES(212, 'darkvision 30 ft.'); 
INSERT INTO Sense(creatureId, description) VALUES(212, ' passive Perception 12'); 
INSERT INTO Language(creatureId, name) VALUES(212, ''); 
INSERT INTO ArmorClass(creatureId, value) VALUES(212, 12); 
INSERT INTO HitPoint(creatureId, value, hitDice) VALUES(212, 3, '1d6'); 
INSERT INTO Action(creatureId, name, description, attackBonus, damageDice, damageBonus, actionCategory) VALUES(212, 'Hold Breath', 'While out of water, the octopus can hold its breath for 30 minutes.', 0, NULL, NULL, 'SpecialAbility'); 
INSERT INTO Action(creatureId, name, description, attackBonus, damageDice, damageBonus, actionCategory) VALUES(212, 'Underwater Camouflage', 'The octopus has advantage on Dexterity (Stealth) checks made while underwater.', 0, NULL, NULL, 'SpecialAbility'); 
INSERT INTO Action(creatureId, name, description, attackBonus, damageDice, damageBonus, actionCategory) VALUES(212, 'Water Breathing', 'The octopus can breathe only underwater.', 0, NULL, NULL, 'SpecialAbility'); 
INSERT INTO Action(creatureId, name, description, attackBonus, damageDice, damageBonus, actionCategory) VALUES(212, 'Tentacles', 'Melee Weapon Attack: +4 to hit, reach 5 ft., one target. Hit: 1 bludgeoning damage, and the target is grappled (escape DC 10). Until this grapple ends, the octopus can''t use its tentacles on another target.', 4, NULL, 1, 'Action'); 
INSERT INTO Action(creatureId, name, description, attackBonus, damageDice, damageBonus, actionCategory) VALUES(212, 'Ink Cloud (Recharges after a Short or Long Rest)', 'A 5-foot-radius cloud of ink extends all around the octopus if it is underwater. The area is heavily obscured for 1 minute, although a significant current can disperse the ink. After releasing the ink, the octopus can use the Dash action as a bonus action.', 0, NULL, NULL, 'Action'); 
INSERT INTO Creature VALUES(213, 'Ogre', 'Large', 'giant', NULL, 'chaotic evil', 19, 8, 16, 5, 7, 7, '2', 0); 
INSERT INTO Speed(creatureId, name) VALUES(213, '40 ft.'); 
INSERT INTO Sense(creatureId, description) VALUES(213, 'darkvision 60 ft.'); 
INSERT INTO Sense(creatureId, description) VALUES(213, ' passive Perception 8'); 
INSERT INTO Language(creatureId, name) VALUES(213, 'Common'); 
INSERT INTO Language(creatureId, name) VALUES(213, ' Giant'); 
INSERT INTO ArmorClass(creatureId, value) VALUES(213, 11); 
INSERT INTO HitPoint(creatureId, value, hitDice) VALUES(213, 59, '7d10'); 
INSERT INTO Action(creatureId, name, description, attackBonus, damageDice, damageBonus, actionCategory) VALUES(213, 'Greatclub', 'Melee Weapon Attack: +6 to hit, reach 5 ft., one target. Hit: 13 (2d8 + 4) bludgeoning damage.', 6, '2d8', 4, 'Action'); 
INSERT INTO Action(creatureId, name, description, attackBonus, damageDice, damageBonus, actionCategory) VALUES(213, 'Javelin', 'Melee or Ranged Weapon Attack: +6 to hit, reach 5 ft. or range 30/120 ft., one target. Hit: 11 (2d6 + 4) piercing damage.', 6, '2d6', 4, 'Action'); 
INSERT INTO Creature VALUES(214, 'Ogre Zombie', 'Large', 'undead', NULL, 'neutral evil', 19, 6, 18, 3, 6, 5, '2', 0); 
INSERT INTO Speed(creatureId, name) VALUES(214, '30 ft.'); 
INSERT INTO SavingThrow (creatureId, name, modifier) VALUES(214, 'wisdom_save', 0); 
INSERT INTO DamageImmunity(creatureId, name) VALUES(214, 'poison'); 
INSERT INTO ConditionImmunity(creatureId, name) VALUES(214, 'poisoned'); 
INSERT INTO Sense(creatureId, description) VALUES(214, 'darkvision 60 ft.'); 
INSERT INTO Sense(creatureId, description) VALUES(214, ' passive Perception 8'); 
INSERT INTO Language(creatureId, name) VALUES(214, 'understands Common and Giant but can''t speak'); 
INSERT INTO ArmorClass(creatureId, value) VALUES(214, 8); 
INSERT INTO HitPoint(creatureId, value, hitDice) VALUES(214, 85, '9d10'); 
INSERT INTO Action(creatureId, name, description, attackBonus, damageDice, damageBonus, actionCategory) VALUES(214, 'Undead Fortitude', 'If damage reduces the zombie to 0 hit points, it must make a Constitution saving throw with a DC of 5+the damage taken, unless the damage is radiant or from a critical hit. On a success, the zombie drops to 1 hit point instead.', 0, NULL, NULL, 'SpecialAbility'); 
INSERT INTO Action(creatureId, name, description, attackBonus, damageDice, damageBonus, actionCategory) VALUES(214, 'Morningstar', 'Melee Weapon Attack: +6 to hit, reach 5 ft., one target. Hit: 13 (2d8 + 4) bludgeoning damage.', 6, '2d8', 4, 'Action'); 
INSERT INTO Creature VALUES(215, 'Oni', 'Large', 'giant', NULL, 'lawful evil', 19, 11, 16, 14, 12, 15, '7', 0); 
INSERT INTO Speed(creatureId, name) VALUES(215, '30 ft.'); 
INSERT INTO Speed(creatureId, name) VALUES(215, ' fly 30 ft.'); 
INSERT INTO SavingThrow (creatureId, name, modifier) VALUES(215, 'dexterity_save', 3); 
INSERT INTO SavingThrow (creatureId, name, modifier) VALUES(215, 'constitution_save', 6); 
INSERT INTO SavingThrow (creatureId, name, modifier) VALUES(215, 'wisdom_save', 4); 
INSERT INTO SavingThrow (creatureId, name, modifier) VALUES(215, 'charisma_save', 5); 
INSERT INTO Skill (creatureId, name, modifier) VALUES(215, 'arcana', 5); 
INSERT INTO Skill (creatureId, name, modifier) VALUES(215, 'deception', 8); 
INSERT INTO Skill (creatureId, name, modifier) VALUES(215, 'perception', 4); 
INSERT INTO Sense(creatureId, description) VALUES(215, 'darkvision 60 ft.'); 
INSERT INTO Sense(creatureId, description) VALUES(215, ' passive Perception 14'); 
INSERT INTO Language(creatureId, name) VALUES(215, 'Common'); 
INSERT INTO Language(creatureId, name) VALUES(215, ' Giant'); 
INSERT INTO ArmorClass(creatureId, value) VALUES(215, 16); 
INSERT INTO HitPoint(creatureId, value, hitDice) VALUES(215, 110, '13d10'); 
INSERT INTO Action(creatureId, name, description, attackBonus, damageDice, damageBonus, actionCategory) VALUES(215, 'Innate Spellcasting', 'The oni''s innate spellcasting ability is Charisma (spell save DC 13). The oni can innately cast the following spells, requiring no material components:

At will: darkness, invisibility
1/day each: charm person, cone of cold, gaseous form, sleep', 0, NULL, NULL, 'SpecialAbility'); 
INSERT INTO Action(creatureId, name, description, attackBonus, damageDice, damageBonus, actionCategory) VALUES(215, 'Magic Weapons', 'The oni''s weapon attacks are magical.', 0, NULL, NULL, 'SpecialAbility'); 
INSERT INTO Action(creatureId, name, description, attackBonus, damageDice, damageBonus, actionCategory) VALUES(215, 'Regeneration', 'The oni regains 10 hit points at the start of its turn if it has at least 1 hit point.', 0, NULL, NULL, 'SpecialAbility'); 
INSERT INTO Action(creatureId, name, description, attackBonus, damageDice, damageBonus, actionCategory) VALUES(215, 'Multiattack', 'The oni makes two attacks, either with its claws or its glaive.', 0, NULL, NULL, 'Action'); 
INSERT INTO Action(creatureId, name, description, attackBonus, damageDice, damageBonus, actionCategory) VALUES(215, 'Claw (Oni Form Only)', 'Melee Weapon Attack: +7 to hit, reach 5 ft., one target. Hit: 8 (1d8 + 4) slashing damage.', 7, '1d8', 4, 'Action'); 
INSERT INTO Action(creatureId, name, description, attackBonus, damageDice, damageBonus, actionCategory) VALUES(215, 'Glaive', 'Melee Weapon Attack: +7 to hit, reach 10 ft., one target. Hit: 15 (2d10 + 4) slashing damage, or 9 (1d10 + 4) slashing damage in Small or Medium form.', 7, '2d10', 4, 'Action'); 
INSERT INTO Action(creatureId, name, description, attackBonus, damageDice, damageBonus, actionCategory) VALUES(215, 'Change Shape', 'The oni magically polymorphs into a Small or Medium humanoid, into a Large giant, or back into its true form. Other than its size, its statistics are the same in each form. The only equipment that is transformed is its glaive, which shrinks so that it can be wielded in humanoid form. If the oni dies, it reverts to its true form, and its glaive reverts to its normal size.', 0, NULL, NULL, 'Action'); 
INSERT INTO Creature VALUES(216, 'Orc', 'Medium', 'humanoid', 'orc', 'chaotic evil', 16, 12, 16, 7, 11, 10, '1/2', 0); 
INSERT INTO Speed(creatureId, name) VALUES(216, '30 ft.'); 
INSERT INTO Skill (creatureId, name, modifier) VALUES(216, 'intimidation', 2); 
INSERT INTO Sense(creatureId, description) VALUES(216, 'darkvision 60 ft.'); 
INSERT INTO Sense(creatureId, description) VALUES(216, ' passive Perception 10'); 
INSERT INTO Language(creatureId, name) VALUES(216, 'Common'); 
INSERT INTO Language(creatureId, name) VALUES(216, ' Orc'); 
INSERT INTO ArmorClass(creatureId, value) VALUES(216, 13); 
INSERT INTO HitPoint(creatureId, value, hitDice) VALUES(216, 15, '2d8'); 
INSERT INTO Action(creatureId, name, description, attackBonus, damageDice, damageBonus, actionCategory) VALUES(216, 'Aggressive', 'As a bonus action, the orc can move up to its speed toward a hostile creature that it can see.', 0, NULL, NULL, 'SpecialAbility'); 
INSERT INTO Action(creatureId, name, description, attackBonus, damageDice, damageBonus, actionCategory) VALUES(216, 'Greataxe', 'Melee Weapon Attack: +5 to hit, reach 5 ft., one target. Hit: 9 (1d12 + 3) slashing damage.', 5, '1d12', 3, 'Action'); 
INSERT INTO Action(creatureId, name, description, attackBonus, damageDice, damageBonus, actionCategory) VALUES(216, 'Javelin', 'Melee or Ranged Weapon Attack: +5 to hit, reach 5 ft. or range 30/120 ft., one target. Hit: 6 (1d6 + 3) piercing damage.', 5, '1d6', 3, 'Action'); 
INSERT INTO Creature VALUES(217, 'Otyugh', 'Large', 'aberration', NULL, 'neutral', 16, 11, 19, 6, 13, 6, '5', 0); 
INSERT INTO Speed(creatureId, name) VALUES(217, '30 ft.'); 
INSERT INTO SavingThrow (creatureId, name, modifier) VALUES(217, 'constitution_save', 7); 
INSERT INTO Sense(creatureId, description) VALUES(217, 'darkvision 120 ft.'); 
INSERT INTO Sense(creatureId, description) VALUES(217, ' passive Perception 11'); 
INSERT INTO Language(creatureId, name) VALUES(217, 'Otyugh'); 
INSERT INTO ArmorClass(creatureId, value) VALUES(217, 14); 
INSERT INTO HitPoint(creatureId, value, hitDice) VALUES(217, 114, '12d10'); 
INSERT INTO Action(creatureId, name, description, attackBonus, damageDice, damageBonus, actionCategory) VALUES(217, 'Limited Telepathy', 'The otyugh can magically transmit simple messages and images to any creature within 120 ft. of it that can understand a language. This form of telepathy doesn''t allow the receiving creature to telepathically respond.', 0, NULL, NULL, 'SpecialAbility'); 
INSERT INTO Action(creatureId, name, description, attackBonus, damageDice, damageBonus, actionCategory) VALUES(217, 'Multiattack', 'The otyugh makes three attacks: one with its bite and two with its tentacles.', 0, NULL, NULL, 'Action'); 
INSERT INTO Action(creatureId, name, description, attackBonus, damageDice, damageBonus, actionCategory) VALUES(217, 'Bite', 'Melee Weapon Attack: +6 to hit, reach 5 ft., one target. Hit: 12 (2d8 + 3) piercing damage. If the target is a creature, it must succeed on a DC 15 Constitution saving throw against disease or become poisoned until the disease is cured. Every 24 hours that elapse, the target must repeat the saving throw, reducing its hit point maximum by 5 (1d10) on a failure. The disease is cured on a success. The target dies if the disease reduces its hit point maximum to 0. This reduction to the target''s hit point maximum lasts until the disease is cured.', 6, '2d8', 3, 'Action'); 
INSERT INTO Action(creatureId, name, description, attackBonus, damageDice, damageBonus, actionCategory) VALUES(217, 'Tentacle', 'Melee Weapon Attack: +6 to hit, reach 10 ft., one target. Hit: 7 (1d8 + 3) bludgeoning damage plus 4 (1d8) piercing damage. If the target is Medium or smaller, it is grappled (escape DC 13) and restrained until the grapple ends. The otyugh has two tentacles, each of which can grapple one target.', 6, '1d8', 3, 'Action'); 
INSERT INTO Action(creatureId, name, description, attackBonus, damageDice, damageBonus, actionCategory) VALUES(217, 'Tentacle Slam', 'The otyugh slams creatures grappled by it into each other or a solid surface. Each creature must succeed on a DC 14 Constitution saving throw or take 10 (2d6 + 3) bludgeoning damage and be stunned until the end of the otyugh''s next turn. On a successful save, the target takes half the bludgeoning damage and isn''t stunned.', 0, NULL, NULL, 'Action'); 
INSERT INTO Creature VALUES(218, 'Owl', 'Tiny', 'beast', NULL, 'unaligned', 3, 13, 8, 2, 12, 7, '0', 0); 
INSERT INTO Speed(creatureId, name) VALUES(218, '5 ft.'); 
INSERT INTO Speed(creatureId, name) VALUES(218, ' fly 60 ft.'); 
INSERT INTO Skill (creatureId, name, modifier) VALUES(218, 'perception', 3); 
INSERT INTO Skill (creatureId, name, modifier) VALUES(218, 'stealth', 3); 
INSERT INTO Sense(creatureId, description) VALUES(218, 'darkvision 120 ft.'); 
INSERT INTO Sense(creatureId, description) VALUES(218, ' passive Perception 13'); 
INSERT INTO Language(creatureId, name) VALUES(218, ''); 
INSERT INTO ArmorClass(creatureId, value) VALUES(218, 11); 
INSERT INTO HitPoint(creatureId, value, hitDice) VALUES(218, 1, '1d4'); 
INSERT INTO Action(creatureId, name, description, attackBonus, damageDice, damageBonus, actionCategory) VALUES(218, 'Flyby', 'The owl doesn''t provoke opportunity attacks when it flies out of an enemy''s reach.', 0, NULL, NULL, 'SpecialAbility'); 
INSERT INTO Action(creatureId, name, description, attackBonus, damageDice, damageBonus, actionCategory) VALUES(218, 'Keen Hearing and Sight', 'The owl has advantage on Wisdom (Perception) checks that rely on hearing or sight.', 0, NULL, NULL, 'SpecialAbility'); 
INSERT INTO Action(creatureId, name, description, attackBonus, damageDice, damageBonus, actionCategory) VALUES(218, 'Talons', 'Melee Weapon Attack: +3 to hit, reach 5 ft., one target. Hit: 1 slashing damage.', 3, NULL, 1, 'Action'); 
INSERT INTO Creature VALUES(219, 'Owlbear', 'Large', 'monstrosity', NULL, 'unaligned', 20, 12, 17, 3, 12, 7, '3', 0); 
INSERT INTO Speed(creatureId, name) VALUES(219, '40 ft.'); 
INSERT INTO Skill (creatureId, name, modifier) VALUES(219, 'perception', 3); 
INSERT INTO Sense(creatureId, description) VALUES(219, 'darkvision 60 ft.'); 
INSERT INTO Sense(creatureId, description) VALUES(219, ' passive Perception 13'); 
INSERT INTO Language(creatureId, name) VALUES(219, ''); 
INSERT INTO ArmorClass(creatureId, value) VALUES(219, 13); 
INSERT INTO HitPoint(creatureId, value, hitDice) VALUES(219, 59, '7d10'); 
INSERT INTO Action(creatureId, name, description, attackBonus, damageDice, damageBonus, actionCategory) VALUES(219, 'Keen Sight and Smell', 'The owlbear has advantage on Wisdom (Perception) checks that rely on sight or smell.', 0, NULL, NULL, 'SpecialAbility'); 
INSERT INTO Action(creatureId, name, description, attackBonus, damageDice, damageBonus, actionCategory) VALUES(219, 'Multiattack', 'The owlbear makes two attacks: one with its beak and one with its claws.', 0, NULL, NULL, 'Action'); 
INSERT INTO Action(creatureId, name, description, attackBonus, damageDice, damageBonus, actionCategory) VALUES(219, 'Beak', 'Melee Weapon Attack: +7 to hit, reach 5 ft., one creature. Hit: 10 (1d10 + 5) piercing damage.', 7, '1d10', 5, 'Action'); 
INSERT INTO Action(creatureId, name, description, attackBonus, damageDice, damageBonus, actionCategory) VALUES(219, 'Claws', 'Melee Weapon Attack: +7 to hit, reach 5 ft., one target. Hit: 14 (2d8 + 5) slashing damage.', 7, '2d8', 5, 'Action'); 
INSERT INTO Creature VALUES(220, 'Panther', 'Medium', 'beast', NULL, 'unaligned', 14, 15, 10, 3, 14, 7, '1/4', 0); 
INSERT INTO Speed(creatureId, name) VALUES(220, '50 ft.'); 
INSERT INTO Speed(creatureId, name) VALUES(220, ' climb 40 ft.'); 
INSERT INTO Skill (creatureId, name, modifier) VALUES(220, 'perception', 4); 
INSERT INTO Skill (creatureId, name, modifier) VALUES(220, 'stealth', 6); 
INSERT INTO Sense(creatureId, description) VALUES(220, 'passive Perception 14'); 
INSERT INTO Language(creatureId, name) VALUES(220, ''); 
INSERT INTO ArmorClass(creatureId, value) VALUES(220, 12); 
INSERT INTO HitPoint(creatureId, value, hitDice) VALUES(220, 13, '3d8'); 
INSERT INTO Action(creatureId, name, description, attackBonus, damageDice, damageBonus, actionCategory) VALUES(220, 'Keen Smell', 'The panther has advantage on Wisdom (Perception) checks that rely on smell.', 0, NULL, NULL, 'SpecialAbility'); 
INSERT INTO Action(creatureId, name, description, attackBonus, damageDice, damageBonus, actionCategory) VALUES(220, 'Pounce', 'If the panther moves at least 20 ft. straight toward a creature and then hits it with a claw attack on the same turn, that target must succeed on a DC 12 Strength saving throw or be knocked prone. If the target is prone, the panther can make one bite attack against it as a bonus action.', 0, NULL, NULL, 'SpecialAbility'); 
INSERT INTO Action(creatureId, name, description, attackBonus, damageDice, damageBonus, actionCategory) VALUES(220, 'Bite', 'Melee Weapon Attack: +4 to hit, reach 5 ft., one target. Hit: 5 (1d6 + 2) piercing damage.', 4, '1d6', 2, 'Action'); 
INSERT INTO Action(creatureId, name, description, attackBonus, damageDice, damageBonus, actionCategory) VALUES(220, 'Claw', 'Melee Weapon Attack: +4 to hit, reach 5 ft., one target. Hit: 4 (1d4 + 2) slashing damage.', 4, '1d4', 2, 'Action'); 
INSERT INTO Creature VALUES(221, 'Pegasus', 'Large', 'celestial', NULL, 'chaotic good', 18, 15, 16, 10, 15, 13, '2', 0); 
INSERT INTO Speed(creatureId, name) VALUES(221, '60 ft.'); 
INSERT INTO Speed(creatureId, name) VALUES(221, ' fly 90 ft.'); 
INSERT INTO SavingThrow (creatureId, name, modifier) VALUES(221, 'dexterity_save', 4); 
INSERT INTO SavingThrow (creatureId, name, modifier) VALUES(221, 'wisdom_save', 4); 
INSERT INTO SavingThrow (creatureId, name, modifier) VALUES(221, 'charisma_save', 3); 
INSERT INTO Skill (creatureId, name, modifier) VALUES(221, 'perception', 6); 
INSERT INTO Sense(creatureId, description) VALUES(221, 'passive Perception 16'); 
INSERT INTO Language(creatureId, name) VALUES(221, 'understands Celestial'); 
INSERT INTO Language(creatureId, name) VALUES(221, ' Common'); 
INSERT INTO Language(creatureId, name) VALUES(221, ' Elvish'); 
INSERT INTO Language(creatureId, name) VALUES(221, ' and Sylvan but can''t speak'); 
INSERT INTO ArmorClass(creatureId, value) VALUES(221, 12); 
INSERT INTO HitPoint(creatureId, value, hitDice) VALUES(221, 59, '7d10'); 
INSERT INTO Action(creatureId, name, description, attackBonus, damageDice, damageBonus, actionCategory) VALUES(221, 'Hooves', 'Melee Weapon Attack: +6 to hit, reach 5 ft., one target. Hit: 11 (2d6 + 4) bludgeoning damage.', 6, '2d6', 4, 'Action'); 
INSERT INTO Creature VALUES(222, 'Phase Spider', 'Large', 'monstrosity', NULL, 'unaligned', 15, 15, 12, 6, 10, 6, '3', 0); 
INSERT INTO Speed(creatureId, name) VALUES(222, '30 ft.'); 
INSERT INTO Speed(creatureId, name) VALUES(222, ' climb 30 ft.'); 
INSERT INTO Skill (creatureId, name, modifier) VALUES(222, 'stealth', 6); 
INSERT INTO Sense(creatureId, description) VALUES(222, 'darkvision 60 ft.'); 
INSERT INTO Sense(creatureId, description) VALUES(222, ' passive Perception 10'); 
INSERT INTO Language(creatureId, name) VALUES(222, ''); 
INSERT INTO ArmorClass(creatureId, value) VALUES(222, 13); 
INSERT INTO HitPoint(creatureId, value, hitDice) VALUES(222, 32, '5d10'); 
INSERT INTO Action(creatureId, name, description, attackBonus, damageDice, damageBonus, actionCategory) VALUES(222, 'Ethereal Jaunt', 'As a bonus action, the spider can magically shift from the Material Plane to the Ethereal Plane, or vice versa.', 0, NULL, NULL, 'SpecialAbility'); 
INSERT INTO Action(creatureId, name, description, attackBonus, damageDice, damageBonus, actionCategory) VALUES(222, 'Spider Climb', 'The spider can climb difficult surfaces, including upside down on ceilings, without needing to make an ability check.', 0, NULL, NULL, 'SpecialAbility'); 
INSERT INTO Action(creatureId, name, description, attackBonus, damageDice, damageBonus, actionCategory) VALUES(222, 'Web Walker', 'The spider ignores movement restrictions caused by webbing.', 0, NULL, NULL, 'SpecialAbility'); 
INSERT INTO Action(creatureId, name, description, attackBonus, damageDice, damageBonus, actionCategory) VALUES(222, 'Bite', 'Melee Weapon Attack: +4 to hit, reach 5 ft., one creature. Hit: 7 (1d10 + 2) piercing damage, and the target must make a DC 11 Constitution saving throw, taking 18 (4d8) poison damage on a failed save, or half as much damage on a successful one. If the poison damage reduces the target to 0 hit points, the target is stable but poisoned for 1 hour, even after regaining hit points, and is paralyzed while poisoned in this way.', 4, '1d10', 2, 'Action'); 
INSERT INTO Creature VALUES(223, 'Pit Fiend', 'Large', 'fiend', 'devil', 'lawful evil', 26, 14, 24, 22, 18, 24, '20', 0); 
INSERT INTO Speed(creatureId, name) VALUES(223, '30 ft.'); 
INSERT INTO Speed(creatureId, name) VALUES(223, ' fly 60 ft.'); 
INSERT INTO SavingThrow (creatureId, name, modifier) VALUES(223, 'dexterity_save', 8); 
INSERT INTO SavingThrow (creatureId, name, modifier) VALUES(223, 'constitution_save', 13); 
INSERT INTO SavingThrow (creatureId, name, modifier) VALUES(223, 'wisdom_save', 10); 
INSERT INTO DamageResistance(creatureId, name) VALUES(223, 'cold; bludgeoning, piercing, and slashing from nonmagical weapons that aren''t silvered'); 
INSERT INTO DamageImmunity(creatureId, name) VALUES(223, 'fire, poison'); 
INSERT INTO ConditionImmunity(creatureId, name) VALUES(223, 'poisoned'); 
INSERT INTO Sense(creatureId, description) VALUES(223, 'truesight 120 ft.'); 
INSERT INTO Sense(creatureId, description) VALUES(223, ' passive Perception 14'); 
INSERT INTO Language(creatureId, name) VALUES(223, 'Infernal'); 
INSERT INTO Language(creatureId, name) VALUES(223, ' telepathy 120 ft.'); 
INSERT INTO ArmorClass(creatureId, value) VALUES(223, 19); 
INSERT INTO HitPoint(creatureId, value, hitDice) VALUES(223, 300, '24d10'); 
INSERT INTO Action(creatureId, name, description, attackBonus, damageDice, damageBonus, actionCategory) VALUES(223, 'Fear Aura', 'Any creature hostile to the pit fiend that starts its turn within 20 feet of the pit fiend must make a DC 21 Wisdom saving throw, unless the pit fiend is incapacitated. On a failed save, the creature is frightened until the start of its next turn. If a creature''s saving throw is successful, the creature is immune to the pit fiend''s Fear Aura for the next 24 hours.', 0, NULL, NULL, 'SpecialAbility'); 
INSERT INTO Action(creatureId, name, description, attackBonus, damageDice, damageBonus, actionCategory) VALUES(223, 'Magic Resistance', 'The pit fiend has advantage on saving throws against spells and other magical effects.', 0, NULL, NULL, 'SpecialAbility'); 
INSERT INTO Action(creatureId, name, description, attackBonus, damageDice, damageBonus, actionCategory) VALUES(223, 'Magic Weapons', 'The pit fiend''s weapon attacks are magical.', 0, NULL, NULL, 'SpecialAbility'); 
INSERT INTO Action(creatureId, name, description, attackBonus, damageDice, damageBonus, actionCategory) VALUES(223, 'Innate Spellcasting', 'The pit fiend''s spellcasting ability is Charisma (spell save DC 21). The pit fiend can innately cast the following spells, requiring no material components:
At will: detect magic, fireball
3/day each: hold monster, wall of fire', 0, NULL, NULL, 'SpecialAbility'); 
INSERT INTO Action(creatureId, name, description, attackBonus, damageDice, damageBonus, actionCategory) VALUES(223, 'Multiattack', 'The pit fiend makes four attacks: one with its bite, one with its claw, one with its mace, and one with its tail.', 0, NULL, NULL, 'Action'); 
INSERT INTO Action(creatureId, name, description, attackBonus, damageDice, damageBonus, actionCategory) VALUES(223, 'Bite', 'Melee Weapon Attack: +14 to hit, reach 5 ft., one target. Hit: 22 (4d6 + 8) piercing damage. The target must succeed on a DC 21 Constitution saving throw or become poisoned. While poisoned in this way, the target can''t regain hit points, and it takes 21 (6d6) poison damage at the start of each of its turns. The poisoned target can repeat the saving throw at the end of each of its turns, ending the effect on itself on a success.', 14, '4d6', 8, 'Action'); 
INSERT INTO Action(creatureId, name, description, attackBonus, damageDice, damageBonus, actionCategory) VALUES(223, 'Claw', 'Melee Weapon Attack: +14 to hit, reach 10 ft. , one target. Hit: 17 (2d8 + 8) slashing damage.', 14, '2d8', 8, 'Action'); 
INSERT INTO Action(creatureId, name, description, attackBonus, damageDice, damageBonus, actionCategory) VALUES(223, 'Mace', 'Melee Weapon Attack: +14 to hit, reach 10ft., one target. Hit: 15 (2d6 + 8) bludgeoning damage plus 21 (6d6) fire damage.', 14, '2d6', 8, 'Action'); 
INSERT INTO Action(creatureId, name, description, attackBonus, damageDice, damageBonus, actionCategory) VALUES(223, 'Tail', 'Melee Weapon Attack: +14 to hit, reach 10ft., one target. Hit: 24 (3d1O + 8) bludgeoning damage.', 14, '3d10', 8, 'Action'); 
INSERT INTO Creature VALUES(224, 'Planetar', 'Large', 'celestial', NULL, 'lawful good', 24, 20, 24, 19, 22, 25, '16', 0); 
INSERT INTO Speed(creatureId, name) VALUES(224, '40 ft.'); 
INSERT INTO Speed(creatureId, name) VALUES(224, ' fly 120 ft.'); 
INSERT INTO SavingThrow (creatureId, name, modifier) VALUES(224, 'constitution_save', 12); 
INSERT INTO SavingThrow (creatureId, name, modifier) VALUES(224, 'wisdom_save', 11); 
INSERT INTO SavingThrow (creatureId, name, modifier) VALUES(224, 'charisma_save', 12); 
INSERT INTO Skill (creatureId, name, modifier) VALUES(224, 'perception', 11); 
INSERT INTO DamageResistance(creatureId, name) VALUES(224, 'radiant; bludgeoning, piercing, and slashing from nonmagical weapons'); 
INSERT INTO ConditionImmunity(creatureId, name) VALUES(224, 'charmed, exhaustion, frightened'); 
INSERT INTO Sense(creatureId, description) VALUES(224, 'truesight 120 ft.'); 
INSERT INTO Sense(creatureId, description) VALUES(224, ' passive Perception 21'); 
INSERT INTO Language(creatureId, name) VALUES(224, 'all'); 
INSERT INTO Language(creatureId, name) VALUES(224, ' telepathy 120 ft.'); 
INSERT INTO ArmorClass(creatureId, value) VALUES(224, 19); 
INSERT INTO HitPoint(creatureId, value, hitDice) VALUES(224, 200, '16d10'); 
INSERT INTO Action(creatureId, name, description, attackBonus, damageDice, damageBonus, actionCategory) VALUES(224, 'Angelic Weapons', 'The planetar''s weapon attacks are magical. When the planetar hits with any weapon, the weapon deals an extra 5d8 radiant damage (included in the attack).', 0, NULL, NULL, 'SpecialAbility'); 
INSERT INTO Action(creatureId, name, description, attackBonus, damageDice, damageBonus, actionCategory) VALUES(224, 'Divine Awareness', 'The planetar knows if it hears a lie.', 0, NULL, NULL, 'SpecialAbility'); 
INSERT INTO Action(creatureId, name, description, attackBonus, damageDice, damageBonus, actionCategory) VALUES(224, 'Innate Spellcasting', 'The planetar''s spellcasting ability is Charisma (spell save DC 20). The planetar can innately cast the following spells, requiring no material components:
At will: detect evil and good, invisibility (self only)
3/day each: blade barrier, dispel evil and good, flame strike, raise dead
1/day each: commune, control weather, insect plague', 0, NULL, NULL, 'SpecialAbility'); 
INSERT INTO Action(creatureId, name, description, attackBonus, damageDice, damageBonus, actionCategory) VALUES(224, 'Magic Resistance', 'The planetar has advantage on saving throws against spells and other magical effects.', 0, NULL, NULL, 'SpecialAbility'); 
INSERT INTO Action(creatureId, name, description, attackBonus, damageDice, damageBonus, actionCategory) VALUES(224, 'Multiattack', 'The planetar makes two melee attacks.', 0, NULL, NULL, 'Action'); 
INSERT INTO Action(creatureId, name, description, attackBonus, damageDice, damageBonus, actionCategory) VALUES(224, 'Greatsword', 'Melee Weapon Attack: +12 to hit, reach 5 ft., one target. Hit: 21 (4d6 + 7) slashing damage plus 22 (5d8) radiant damage.', 12, '4d6 + 5d8', 7, 'Action'); 
INSERT INTO Action(creatureId, name, description, attackBonus, damageDice, damageBonus, actionCategory) VALUES(224, 'Healing Touch (4/Day)', 'The planetar touches another creature. The target magically regains 30 (6d8 + 3) hit points and is freed from any curse, disease, poison, blindness, or deafness.', 0, NULL, NULL, 'Action'); 
INSERT INTO Creature VALUES(225, 'Plesiosaurus', 'Large', 'beast', NULL, 'unaligned', 18, 15, 16, 2, 12, 5, '2', 0); 
INSERT INTO Speed(creatureId, name) VALUES(225, '20 ft.'); 
INSERT INTO Speed(creatureId, name) VALUES(225, ' swim 40 ft.'); 
INSERT INTO Skill (creatureId, name, modifier) VALUES(225, 'perception', 3); 
INSERT INTO Skill (creatureId, name, modifier) VALUES(225, 'stealth', 4); 
INSERT INTO Sense(creatureId, description) VALUES(225, 'passive Perception 13'); 
INSERT INTO Language(creatureId, name) VALUES(225, ''); 
INSERT INTO ArmorClass(creatureId, value) VALUES(225, 13); 
INSERT INTO HitPoint(creatureId, value, hitDice) VALUES(225, 68, '8d10'); 
INSERT INTO Action(creatureId, name, description, attackBonus, damageDice, damageBonus, actionCategory) VALUES(225, 'Hold Breath', 'The plesiosaurus can hold its breath for 1 hour.', 0, NULL, NULL, 'SpecialAbility'); 
INSERT INTO Action(creatureId, name, description, attackBonus, damageDice, damageBonus, actionCategory) VALUES(225, 'Bite', 'Melee Weapon Attack: +6 to hit, reach 10 ft., one target. Hit: 14 (3d6 + 4) piercing damage.', 6, '3d6', 4, 'Action'); 
INSERT INTO Creature VALUES(226, 'Poisonous Snake', 'Tiny', 'beast', NULL, 'unaligned', 2, 16, 11, 1, 10, 3, '1/8', 0); 
INSERT INTO Speed(creatureId, name) VALUES(226, '30 ft.'); 
INSERT INTO Speed(creatureId, name) VALUES(226, ' swim 30 ft.'); 
INSERT INTO Sense(creatureId, description) VALUES(226, 'blindsight 10 ft.'); 
INSERT INTO Sense(creatureId, description) VALUES(226, ' passive Perception 10'); 
INSERT INTO Language(creatureId, name) VALUES(226, ''); 
INSERT INTO ArmorClass(creatureId, value) VALUES(226, 13); 
INSERT INTO HitPoint(creatureId, value, hitDice) VALUES(226, 2, '1d4'); 
INSERT INTO Action(creatureId, name, description, attackBonus, damageDice, damageBonus, actionCategory) VALUES(226, 'Bite', 'Melee Weapon Attack: +5 to hit, reach 5 ft., one target. Hit: 1 piercing damage, and the target must make a DC 10 Constitution saving throw, taking 5 (2d4) poison damage on a failed save, or half as much damage on a successful one.', 5, NULL, 1, 'Action'); 
INSERT INTO Creature VALUES(227, 'Polar Bear', 'Large', 'beast', NULL, 'unaligned', 20, 10, 16, 2, 13, 7, '2', 0); 
INSERT INTO Speed(creatureId, name) VALUES(227, '40 ft.'); 
INSERT INTO Speed(creatureId, name) VALUES(227, ' swim 30 ft.'); 
INSERT INTO Skill (creatureId, name, modifier) VALUES(227, 'perception', 3); 
INSERT INTO Sense(creatureId, description) VALUES(227, 'passive Perception 13'); 
INSERT INTO Language(creatureId, name) VALUES(227, ''); 
INSERT INTO ArmorClass(creatureId, value) VALUES(227, 12); 
INSERT INTO HitPoint(creatureId, value, hitDice) VALUES(227, 42, '5d10'); 
INSERT INTO Action(creatureId, name, description, attackBonus, damageDice, damageBonus, actionCategory) VALUES(227, 'Keen Smell', 'The bear has advantage on Wisdom (Perception) checks that rely on smell.', 0, NULL, NULL, 'SpecialAbility'); 
INSERT INTO Action(creatureId, name, description, attackBonus, damageDice, damageBonus, actionCategory) VALUES(227, 'Multiattack', 'The bear makes two attacks: one with its bite and one with its claws.', 0, NULL, NULL, 'Action'); 
INSERT INTO Action(creatureId, name, description, attackBonus, damageDice, damageBonus, actionCategory) VALUES(227, 'Bite', 'Melee Weapon Attack: +7 to hit, reach 5 ft., one target. Hit: 9 (1d8 + 5) piercing damage.', 7, '1d8', 5, 'Action'); 
INSERT INTO Action(creatureId, name, description, attackBonus, damageDice, damageBonus, actionCategory) VALUES(227, 'Claws', 'Melee Weapon Attack: +7 to hit, reach 5 ft., one target. Hit: 12 (2d6 + 5) slashing damage.', 7, '2d6', 5, 'Action'); 
INSERT INTO Creature VALUES(228, 'Pony', 'Medium', 'beast', NULL, 'unaligned', 15, 10, 13, 2, 11, 7, '1/8', 0); 
INSERT INTO Speed(creatureId, name) VALUES(228, '40 ft.'); 
INSERT INTO Sense(creatureId, description) VALUES(228, 'passive Perception 10'); 
INSERT INTO Language(creatureId, name) VALUES(228, ''); 
INSERT INTO ArmorClass(creatureId, value) VALUES(228, 10); 
INSERT INTO HitPoint(creatureId, value, hitDice) VALUES(228, 11, '2d8'); 
INSERT INTO Action(creatureId, name, description, attackBonus, damageDice, damageBonus, actionCategory) VALUES(228, 'Hooves', 'Melee Weapon Attack: +4 to hit, reach 5 ft., one target. Hit: 7 (2d4 + 2) bludgeoning damage.', 4, '2d4', 2, 'Action'); 
INSERT INTO Creature VALUES(229, 'Priest', 'Medium', 'humanoid', 'any race', 'any alignment', 10, 10, 12, 13, 16, 13, '2', 0); 
INSERT INTO Speed(creatureId, name) VALUES(229, '25 ft.'); 
INSERT INTO Skill (creatureId, name, modifier) VALUES(229, 'medicine', 7); 
INSERT INTO Skill (creatureId, name, modifier) VALUES(229, 'persuasion', 3); 
INSERT INTO Skill (creatureId, name, modifier) VALUES(229, 'religion', 4); 
INSERT INTO Sense(creatureId, description) VALUES(229, 'passive Perception 13'); 
INSERT INTO Language(creatureId, name) VALUES(229, 'any two languages'); 
INSERT INTO ArmorClass(creatureId, value) VALUES(229, 13); 
INSERT INTO HitPoint(creatureId, value, hitDice) VALUES(229, 27, '5d8'); 
INSERT INTO Action(creatureId, name, description, attackBonus, damageDice, damageBonus, actionCategory) VALUES(229, 'Divine Eminence', 'As a bonus action, the priest can expend a spell slot to cause its melee weapon attacks to magically deal an extra 10 (3d6) radiant damage to a target on a hit. This benefit lasts until the end of the turn. If the priest expends a spell slot of 2nd level or higher, the extra damage increases by 1d6 for each level above 1st.', 0, '3d6', NULL, 'SpecialAbility'); 
INSERT INTO Action(creatureId, name, description, attackBonus, damageDice, damageBonus, actionCategory) VALUES(229, 'Spellcasting', 'The priest is a 5th-level spellcaster. Its spellcasting ability is Wisdom (spell save DC 13, +5 to hit with spell attacks). The priest has the following cleric spells prepared:

• Cantrips (at will): light, sacred flame, thaumaturgy
• 1st level (4 slots): cure wounds, guiding bolt, sanctuary
• 2nd level (3 slots): lesser restoration, spiritual weapon
• 3rd level (2 slots): dispel magic, spirit guardians', 0, NULL, NULL, 'SpecialAbility'); 
INSERT INTO Action(creatureId, name, description, attackBonus, damageDice, damageBonus, actionCategory) VALUES(229, 'Mace', 'Melee Weapon Attack: +2 to hit, reach 5 ft., one target. Hit: 3 (1d6) bludgeoning damage.', 2, '1d6', NULL, 'Action'); 
INSERT INTO Creature VALUES(230, 'Pseudodragon', 'Tiny', 'dragon', NULL, 'neutral good', 6, 15, 13, 10, 12, 10, '1/4', 0); 
INSERT INTO Speed(creatureId, name) VALUES(230, '15 ft.'); 
INSERT INTO Speed(creatureId, name) VALUES(230, ' fly 60 ft.'); 
INSERT INTO Skill (creatureId, name, modifier) VALUES(230, 'perception', 3); 
INSERT INTO Skill (creatureId, name, modifier) VALUES(230, 'stealth', 4); 
INSERT INTO Sense(creatureId, description) VALUES(230, 'blindsight 10 ft.'); 
INSERT INTO Sense(creatureId, description) VALUES(230, ' darkvision 60 ft.'); 
INSERT INTO Sense(creatureId, description) VALUES(230, ' passive Perception 13'); 
INSERT INTO Language(creatureId, name) VALUES(230, 'understands Common and Draconic but can''t speak'); 
INSERT INTO ArmorClass(creatureId, value) VALUES(230, 13); 
INSERT INTO HitPoint(creatureId, value, hitDice) VALUES(230, 7, '2d4'); 
INSERT INTO Action(creatureId, name, description, attackBonus, damageDice, damageBonus, actionCategory) VALUES(230, 'Keen Senses', 'The pseudodragon has advantage on Wisdom (Perception) checks that rely on sight, hearing, or smell.', 0, NULL, NULL, 'SpecialAbility'); 
INSERT INTO Action(creatureId, name, description, attackBonus, damageDice, damageBonus, actionCategory) VALUES(230, 'Magic Resistance', 'The pseudodragon has advantage on saving throws against spells and other magical effects.', 0, NULL, NULL, 'SpecialAbility'); 
INSERT INTO Action(creatureId, name, description, attackBonus, damageDice, damageBonus, actionCategory) VALUES(230, 'Limited Telepathy', 'The pseudodragon can magically communicate simple ideas, emotions, and images telepathically with any creature within 100 ft. of it that can understand a language.', 0, NULL, NULL, 'SpecialAbility'); 
INSERT INTO Action(creatureId, name, description, attackBonus, damageDice, damageBonus, actionCategory) VALUES(230, 'Variant: Familiar', 'The pseudodragon can serve another creature as a familiar, forming a magic, telepathic bond with that willing companion. While the two are bonded, the companion can sense what the pseudodragon senses as long as they are within 1 mile of each other. While the pseudodragon is within 10 feet of its companion, the companion shares the pseudodragon''s Magic Resistance trait. At any time and for any reason, the pseudodragon can end its service as a familiar, ending the telepathic bond.', 0, NULL, NULL, 'SpecialAbility'); 
INSERT INTO Action(creatureId, name, description, attackBonus, damageDice, damageBonus, actionCategory) VALUES(230, 'Bite', 'Melee Weapon Attack: +4 to hit, reach 5 ft., one target. Hit: 4 (1d4 + 2) piercing damage.', 4, '1d4', 2, 'Action'); 
INSERT INTO Action(creatureId, name, description, attackBonus, damageDice, damageBonus, actionCategory) VALUES(230, 'Sting', 'Melee Weapon Attack: +4 to hit, reach 5 ft., one creature. Hit: 4 (1d4 + 2) piercing damage, and the target must succeed on a DC 11 Constitution saving throw or become poisoned for 1 hour. If the saving throw fails by 5 or more, the target falls unconscious for the same duration, or until it takes damage or another creature uses an action to shake it awake.', 4, '1d4', 2, 'Action'); 
INSERT INTO Creature VALUES(231, 'Purple Worm', 'Gargantuan', 'monstrosity', NULL, 'unaligned', 28, 7, 22, 1, 8, 4, '15', 0); 
INSERT INTO Speed(creatureId, name) VALUES(231, '50 ft.'); 
INSERT INTO Speed(creatureId, name) VALUES(231, ' burrow 30 ft.'); 
INSERT INTO SavingThrow (creatureId, name, modifier) VALUES(231, 'constitution_save', 11); 
INSERT INTO SavingThrow (creatureId, name, modifier) VALUES(231, 'wisdom_save', 4); 
INSERT INTO Sense(creatureId, description) VALUES(231, 'blindsight 30 ft.'); 
INSERT INTO Sense(creatureId, description) VALUES(231, ' tremorsense 60 ft.'); 
INSERT INTO Sense(creatureId, description) VALUES(231, ' passive Perception 9'); 
INSERT INTO Language(creatureId, name) VALUES(231, ''); 
INSERT INTO ArmorClass(creatureId, value) VALUES(231, 18); 
INSERT INTO HitPoint(creatureId, value, hitDice) VALUES(231, 247, '15d20'); 
INSERT INTO Action(creatureId, name, description, attackBonus, damageDice, damageBonus, actionCategory) VALUES(231, 'Tunneler', 'The worm can burrow through solid rock at half its burrow speed and leaves a 10-foot-diameter tunnel in its wake.', 0, NULL, NULL, 'SpecialAbility'); 
INSERT INTO Action(creatureId, name, description, attackBonus, damageDice, damageBonus, actionCategory) VALUES(231, 'Multiattack', 'The worm makes two attacks: one with its bite and one with its stinger.', 0, NULL, NULL, 'Action'); 
INSERT INTO Action(creatureId, name, description, attackBonus, damageDice, damageBonus, actionCategory) VALUES(231, 'Bite', 'Melee Weapon Attack: +9 to hit, reach 10 ft., one target. Hit: 22 (3d8 + 9) piercing damage. If the target is a Large or smaller creature, it must succeed on a DC 19 Dexterity saving throw or be swallowed by the worm. A swallowed creature is blinded and restrained, it has total cover against attacks and other effects outside the worm, and it takes 21 (6d6) acid damage at the start of each of the worm''s turns.
If the worm takes 30 damage or more on a single turn from a creature inside it, the worm must succeed on a DC 21 Constitution saving throw at the end of that turn or regurgitate all swallowed creatures, which fall prone in a space within 10 feet of the worm. If the worm dies, a swallowed creature is no longer restrained by it and can escape from the corpse by using 20 feet of movement, exiting prone.', 9, '3d8', 9, 'Action'); 
INSERT INTO Action(creatureId, name, description, attackBonus, damageDice, damageBonus, actionCategory) VALUES(231, 'Tail Stinger', 'Melee Weapon Attack: +9 to hit, reach 10 ft., one creature. Hit: 19 (3d6 + 9) piercing damage, and the target must make a DC 19 Constitution saving throw, taking 42 (12d6) poison damage on a failed save, or half as much damage on a successful one.', 9, '3d6', 9, 'Action'); 
INSERT INTO Creature VALUES(232, 'Quasit', 'Tiny', 'fiend', 'demon', 'chaotic evil', 5, 17, 10, 7, 10, 10, '1', 0); 
INSERT INTO Speed(creatureId, name) VALUES(232, '40 ft.'); 
INSERT INTO Skill (creatureId, name, modifier) VALUES(232, 'stealth', 5); 
INSERT INTO DamageResistance(creatureId, name) VALUES(232, 'cold; fire; lightning; bludgeoning, piercing, and slashing from nonmagical weapons'); 
INSERT INTO DamageImmunity(creatureId, name) VALUES(232, 'poison'); 
INSERT INTO ConditionImmunity(creatureId, name) VALUES(232, 'poisoned'); 
INSERT INTO Sense(creatureId, description) VALUES(232, 'darkvision 120 ft.'); 
INSERT INTO Sense(creatureId, description) VALUES(232, ' passive Perception 10'); 
INSERT INTO Language(creatureId, name) VALUES(232, 'Abyssal'); 
INSERT INTO Language(creatureId, name) VALUES(232, ' Common'); 
INSERT INTO ArmorClass(creatureId, value) VALUES(232, 13); 
INSERT INTO HitPoint(creatureId, value, hitDice) VALUES(232, 7, '3d4'); 
INSERT INTO Action(creatureId, name, description, attackBonus, damageDice, damageBonus, actionCategory) VALUES(232, 'Shapechanger', 'The quasit can use its action to polymorph into a beast form that resembles a bat (speed 10 ft. fly 40 ft.), a centipede (40 ft., climb 40 ft.), or a toad (40 ft., swim 40 ft.), or back into its true form . Its statistics are the same in each form, except for the speed changes noted. Any equipment it is wearing or carrying isn''t transformed . It reverts to its true form if it dies.', 0, NULL, NULL, 'SpecialAbility'); 
INSERT INTO Action(creatureId, name, description, attackBonus, damageDice, damageBonus, actionCategory) VALUES(232, 'Magic Resistance', 'The quasit has advantage on saving throws against spells and other magical effects.', 0, NULL, NULL, 'SpecialAbility'); 
INSERT INTO Action(creatureId, name, description, attackBonus, damageDice, damageBonus, actionCategory) VALUES(232, 'Variant: Familiar', 'The quasit can serve another creature as a familiar, forming a telepathic bond with its willing master. While the two are bonded, the master can sense what the quasit senses as long as they are within 1 mile of each other. While the quasit is within 10 feet of its master, the master shares the quasit''s Magic Resistance trait. At any time and for any reason, the quasit can end its service as a familiar, ending the telepathic bond.', 0, NULL, NULL, 'SpecialAbility'); 
INSERT INTO Action(creatureId, name, description, attackBonus, damageDice, damageBonus, actionCategory) VALUES(232, 'Claw (Bite in Beast Form)', 'Melee Weapon Attack: +4 to hit, reach 5 ft ., one target. Hit: 5 (1d4 + 3) piercing damage, and the target must succeed on a DC 10 Constitution saving throw or take 5 (2d4) poison damage and become poisoned for 1 minute. The target can repeat the saving throw at the end of each of its turns, ending the effect on itself on a success.', 4, '1d4', 3, 'Action'); 
INSERT INTO Action(creatureId, name, description, attackBonus, damageDice, damageBonus, actionCategory) VALUES(232, 'Scare (1/day)', 'One creature of the quasit''s choice within 20 ft. of it must succeed on a DC 10 Wisdom saving throw or be frightened for 1 minute. The target can repeat the saving throw at the end of each of its turns, with disadvantage if the quasit is within line of sight, ending the effect on itself on a success.', 0, NULL, NULL, 'Action'); 
INSERT INTO Action(creatureId, name, description, attackBonus, damageDice, damageBonus, actionCategory) VALUES(232, 'Invisibility', 'The quasit magically turns invisible until it attacks or uses Scare, or until its concentration ends (as if concentrating on a spell). Any equipment the quasit wears or carries is invisible with it.', 0, NULL, NULL, 'Action'); 
INSERT INTO Creature VALUES(233, 'Quipper', 'Tiny', 'beast', NULL, 'unaligned', 2, 16, 9, 1, 7, 2, '0', 0); 
INSERT INTO Speed(creatureId, name) VALUES(233, 'swim 40 ft.'); 
INSERT INTO Sense(creatureId, description) VALUES(233, 'darkvision 60 ft.'); 
INSERT INTO Sense(creatureId, description) VALUES(233, ' passive Perception 8'); 
INSERT INTO Language(creatureId, name) VALUES(233, ''); 
INSERT INTO ArmorClass(creatureId, value) VALUES(233, 13); 
INSERT INTO HitPoint(creatureId, value, hitDice) VALUES(233, 1, '1d4'); 
INSERT INTO Action(creatureId, name, description, attackBonus, damageDice, damageBonus, actionCategory) VALUES(233, 'Blood Frenzy', 'The quipper has advantage on melee attack rolls against any creature that doesn''t have all its hit points.', 0, NULL, NULL, 'SpecialAbility'); 
INSERT INTO Action(creatureId, name, description, attackBonus, damageDice, damageBonus, actionCategory) VALUES(233, 'Water Breathing', 'The quipper can breathe only underwater.', 0, NULL, NULL, 'SpecialAbility'); 
INSERT INTO Action(creatureId, name, description, attackBonus, damageDice, damageBonus, actionCategory) VALUES(233, 'Bite', 'Melee Weapon Attack: +5 to hit, reach 5 ft., one target. Hit: 1 piercing damage.', 5, NULL, 1, 'Action'); 
INSERT INTO Creature VALUES(234, 'Rakshasa', 'Medium', 'fiend', NULL, 'lawful evil', 14, 17, 18, 13, 16, 20, '13', 0); 
INSERT INTO Speed(creatureId, name) VALUES(234, '40 ft.'); 
INSERT INTO Skill (creatureId, name, modifier) VALUES(234, 'deception', 10); 
INSERT INTO Skill (creatureId, name, modifier) VALUES(234, 'insight', 8); 
INSERT INTO DamageVulnerability(creatureId, name) VALUES(234, 'piercing from magic weapons wielded by good creatures'); 
INSERT INTO DamageImmunity(creatureId, name) VALUES(234, 'bludgeoning, piercing, and slashing from nonmagical weapons'); 
INSERT INTO Sense(creatureId, description) VALUES(234, 'darkvision 60 ft.'); 
INSERT INTO Sense(creatureId, description) VALUES(234, ' passive Perception 13'); 
INSERT INTO Language(creatureId, name) VALUES(234, 'Common'); 
INSERT INTO Language(creatureId, name) VALUES(234, ' Infernal'); 
INSERT INTO ArmorClass(creatureId, value) VALUES(234, 16); 
INSERT INTO HitPoint(creatureId, value, hitDice) VALUES(234, 110, '13d8'); 
INSERT INTO Action(creatureId, name, description, attackBonus, damageDice, damageBonus, actionCategory) VALUES(234, 'Limited Magic Immunity', 'The rakshasa can''t be affected or detected by spells of 6th level or lower unless it wishes to be. It has advantage on saving throws against all other spells and magical effects.', 0, NULL, NULL, 'SpecialAbility'); 
INSERT INTO Action(creatureId, name, description, attackBonus, damageDice, damageBonus, actionCategory) VALUES(234, 'Innate Spellcasting', 'The rakshasa''s innate spellcasting ability is Charisma (spell save DC 18, +10 to hit with spell attacks). The rakshasa can innately cast the following spells, requiring no material components:

At will: detect thoughts, disguise self, mage hand, minor illusion
3/day each: charm person, detect magic, invisibility, major image, suggestion
1/day each: dominate person, fly, plane shift, true seeing', 0, NULL, NULL, 'SpecialAbility'); 
INSERT INTO Action(creatureId, name, description, attackBonus, damageDice, damageBonus, actionCategory) VALUES(234, 'Multiattack', 'The rakshasa makes two claw attacks', 0, NULL, NULL, 'Action'); 
INSERT INTO Action(creatureId, name, description, attackBonus, damageDice, damageBonus, actionCategory) VALUES(234, 'Claw', 'Melee Weapon Attack: +7 to hit, reach 5 ft., one target. Hit: 9 (2d6 + 2) slashing damage, and the target is cursed if it is a creature. The magical curse takes effect whenever the target takes a short or long rest, filling the target''s thoughts with horrible images and dreams. The cursed target gains no benefit from finishing a short or long rest. The curse lasts until it is lifted by a remove curse spell or similar magic.', 7, '2d6', 2, 'Action'); 
INSERT INTO Creature VALUES(235, 'Rat', 'Tiny', 'beast', NULL, 'unaligned', 2, 11, 9, 2, 10, 4, '0', 0); 
INSERT INTO Speed(creatureId, name) VALUES(235, '20 ft.'); 
INSERT INTO Sense(creatureId, description) VALUES(235, 'darkvision 30 ft.'); 
INSERT INTO Sense(creatureId, description) VALUES(235, ' passive Perception 10'); 
INSERT INTO Language(creatureId, name) VALUES(235, ''); 
INSERT INTO ArmorClass(creatureId, value) VALUES(235, 10); 
INSERT INTO HitPoint(creatureId, value, hitDice) VALUES(235, 1, '1d4'); 
INSERT INTO Action(creatureId, name, description, attackBonus, damageDice, damageBonus, actionCategory) VALUES(235, 'Keen Smell', 'The rat has advantage on Wisdom (Perception) checks that rely on smell.', 0, NULL, NULL, 'SpecialAbility'); 
INSERT INTO Action(creatureId, name, description, attackBonus, damageDice, damageBonus, actionCategory) VALUES(235, 'Bite', 'Melee Weapon Attack: +0 to hit, reach 5 ft., one target. Hit: 1 piercing damage.', 0, NULL, 1, 'Action'); 
INSERT INTO Creature VALUES(236, 'Raven', 'Tiny', 'beast', NULL, 'unaligned', 2, 14, 8, 2, 12, 6, '0', 0); 
INSERT INTO Speed(creatureId, name) VALUES(236, '10 ft.'); 
INSERT INTO Speed(creatureId, name) VALUES(236, ' fly 50 ft.'); 
INSERT INTO Skill (creatureId, name, modifier) VALUES(236, 'perception', 3); 
INSERT INTO Sense(creatureId, description) VALUES(236, 'passive Perception 13'); 
INSERT INTO Language(creatureId, name) VALUES(236, ''); 
INSERT INTO ArmorClass(creatureId, value) VALUES(236, 12); 
INSERT INTO HitPoint(creatureId, value, hitDice) VALUES(236, 1, '1d4'); 
INSERT INTO Action(creatureId, name, description, attackBonus, damageDice, damageBonus, actionCategory) VALUES(236, 'Mimicry', 'The raven can mimic simple sounds it has heard, such as a person whispering, a baby crying, or an animal chittering. A creature that hears the sounds can tell they are imitations with a successful DC 10 Wisdom (Insight) check.', 0, NULL, NULL, 'SpecialAbility'); 
INSERT INTO Action(creatureId, name, description, attackBonus, damageDice, damageBonus, actionCategory) VALUES(236, 'Beak', 'Melee Weapon Attack: +4 to hit, reach 5 ft., one target. Hit: 1 piercing damage.', 0, NULL, NULL, 'Action'); 
INSERT INTO Creature VALUES(237, 'Red Dragon Wyrmling', 'Medium', 'dragon', NULL, 'chaotic evil', 19, 10, 17, 12, 11, 15, '4', 0); 
INSERT INTO Speed(creatureId, name) VALUES(237, '30 ft.'); 
INSERT INTO Speed(creatureId, name) VALUES(237, ' climb 30 ft.'); 
INSERT INTO Speed(creatureId, name) VALUES(237, ' fly 60 ft.'); 
INSERT INTO SavingThrow (creatureId, name, modifier) VALUES(237, 'dexterity_save', 2); 
INSERT INTO SavingThrow (creatureId, name, modifier) VALUES(237, 'constitution_save', 5); 
INSERT INTO SavingThrow (creatureId, name, modifier) VALUES(237, 'wisdom_save', 2); 
INSERT INTO SavingThrow (creatureId, name, modifier) VALUES(237, 'charisma_save', 4); 
INSERT INTO Skill (creatureId, name, modifier) VALUES(237, 'perception', 4); 
INSERT INTO Skill (creatureId, name, modifier) VALUES(237, 'stealth', 2); 
INSERT INTO DamageImmunity(creatureId, name) VALUES(237, 'fire'); 
INSERT INTO Sense(creatureId, description) VALUES(237, 'blindsight 10 ft.'); 
INSERT INTO Sense(creatureId, description) VALUES(237, ' darkvision 60 ft.'); 
INSERT INTO Sense(creatureId, description) VALUES(237, ' passive Perception 14'); 
INSERT INTO Language(creatureId, name) VALUES(237, 'Draconic'); 
INSERT INTO ArmorClass(creatureId, value) VALUES(237, 17); 
INSERT INTO HitPoint(creatureId, value, hitDice) VALUES(237, 75, '10d8'); 
INSERT INTO Action(creatureId, name, description, attackBonus, damageDice, damageBonus, actionCategory) VALUES(237, 'Bite', 'Melee Weapon Attack: +6 to hit, reach 5 ft., one target. Hit: 9 (1d10 + 4) piercing damage plus 3 (1d6) fire damage.', 6, '1d10 + 1d6', 4, 'Action'); 
INSERT INTO Action(creatureId, name, description, attackBonus, damageDice, damageBonus, actionCategory) VALUES(237, 'Fire Breath (Recharge 5-6)', 'The dragon exhales fire in a 15-foot cone. Each creature in that area must make a DC l3 Dexterity saving throw, taking 24 (7d6) fire damage on a failed save, or half as much damage on a successful one.', 0, '7d6', NULL, 'Action'); 
INSERT INTO Creature VALUES(238, 'Reef Shark', 'Medium', 'beast', NULL, 'unaligned', 14, 13, 13, 1, 10, 4, '1/2', 0); 
INSERT INTO Speed(creatureId, name) VALUES(238, 'swim 40 ft.'); 
INSERT INTO Skill (creatureId, name, modifier) VALUES(238, 'perception', 2); 
INSERT INTO Sense(creatureId, description) VALUES(238, 'blindsight 30 ft.'); 
INSERT INTO Sense(creatureId, description) VALUES(238, ' passive Perception 12'); 
INSERT INTO Language(creatureId, name) VALUES(238, ''); 
INSERT INTO ArmorClass(creatureId, value) VALUES(238, 12); 
INSERT INTO HitPoint(creatureId, value, hitDice) VALUES(238, 22, '4d8'); 
INSERT INTO Action(creatureId, name, description, attackBonus, damageDice, damageBonus, actionCategory) VALUES(238, 'Pack Tactics', 'The shark has advantage on an attack roll against a creature if at least one of the shark''s allies is within 5 ft. of the creature and the ally isn''t incapacitated.', 0, NULL, NULL, 'SpecialAbility'); 
INSERT INTO Action(creatureId, name, description, attackBonus, damageDice, damageBonus, actionCategory) VALUES(238, 'Water Breathing', 'The shark can breathe only underwater.', 0, NULL, NULL, 'SpecialAbility'); 
INSERT INTO Action(creatureId, name, description, attackBonus, damageDice, damageBonus, actionCategory) VALUES(238, 'Bite', 'Melee Weapon Attack: +4 to hit, reach 5 ft., one target. Hit: 6 (1d8 + 2) piercing damage.', 4, '1d8', 2, 'Action'); 
INSERT INTO Creature VALUES(239, 'Remorhaz', 'Huge', 'monstrosity', NULL, 'unaligned', 24, 13, 21, 4, 10, 5, '11', 0); 
INSERT INTO Speed(creatureId, name) VALUES(239, '30 ft.'); 
INSERT INTO Speed(creatureId, name) VALUES(239, ' burrow 20 ft.'); 
INSERT INTO DamageImmunity(creatureId, name) VALUES(239, 'cold, fire'); 
INSERT INTO Sense(creatureId, description) VALUES(239, 'darkvision 60 ft.'); 
INSERT INTO Sense(creatureId, description) VALUES(239, ' tremorsense 60 ft.'); 
INSERT INTO Sense(creatureId, description) VALUES(239, ' passive Perception 10'); 
INSERT INTO Language(creatureId, name) VALUES(239, ''); 
INSERT INTO ArmorClass(creatureId, value) VALUES(239, 17); 
INSERT INTO HitPoint(creatureId, value, hitDice) VALUES(239, 195, '17d12'); 
INSERT INTO Action(creatureId, name, description, attackBonus, damageDice, damageBonus, actionCategory) VALUES(239, 'Heated Body', 'A creature that touches the remorhaz or hits it with a melee attack while within 5 feet of it takes 10 (3d6) fire damage.', 0, '3d6', NULL, 'SpecialAbility'); 
INSERT INTO Action(creatureId, name, description, attackBonus, damageDice, damageBonus, actionCategory) VALUES(239, 'Bite', 'Melee Weapon Attack: +11 to hit, reach 10 ft., one target. Hit: 40 (6d10 + 7) piercing damage plus 10 (3d6) fire damage. If the target is a creature, it is grappled (escape DC 17). Until this grapple ends, the target is restrained, and the remorhaz can''t bite another target.', 11, '6d10 + 3d6', 7, 'Action'); 
INSERT INTO Action(creatureId, name, description, attackBonus, damageDice, damageBonus, actionCategory) VALUES(239, 'Swallow', 'The remorhaz makes one bite attack against a Medium or smaller creature it is grappling. If the attack hits, that creature takes the bite''s damage and is swallowed, and the grapple ends. While swallowed, the creature is blinded and restrained, it has total cover against attacks and other effects outside the remorhaz, and it takes 21 (6d6) acid damage at the start of each of the remorhaz''s turns.
If the remorhaz takes 30 damage or more on a single turn from a creature inside it, the remorhaz must succeed on a DC 15 Constitution saving throw at the end of that turn or regurgitate all swallowed creatures, which fall prone in a space within 10 feet oft he remorhaz. If the remorhaz dies, a swallowed creature is no longer restrained by it and can escape from the corpse using 15 feet of movement, exiting prone.', 0, NULL, NULL, 'Action'); 
INSERT INTO Creature VALUES(240, 'Rhinoceros', 'Large', 'beast', NULL, 'unaligned', 21, 8, 15, 2, 12, 6, '2', 0); 
INSERT INTO Speed(creatureId, name) VALUES(240, '40 ft.'); 
INSERT INTO Sense(creatureId, description) VALUES(240, 'passive Perception 11'); 
INSERT INTO Language(creatureId, name) VALUES(240, ''); 
INSERT INTO ArmorClass(creatureId, value) VALUES(240, 11); 
INSERT INTO HitPoint(creatureId, value, hitDice) VALUES(240, 45, '6d10'); 
INSERT INTO Action(creatureId, name, description, attackBonus, damageDice, damageBonus, actionCategory) VALUES(240, 'Charge', 'If the rhinoceros moves at least 20 ft. straight toward a target and then hits it with a gore attack on the same turn, the target takes an extra 9 (2d8) bludgeoning damage. If the target is a creature, it must succeed on a DC 15 Strength saving throw or be knocked prone.', 0, '2d8', NULL, 'SpecialAbility'); 
INSERT INTO Action(creatureId, name, description, attackBonus, damageDice, damageBonus, actionCategory) VALUES(240, 'Gore', 'Melee Weapon Attack: +7 to hit, reach 5 ft., one target. Hit: 14 (2d8 + 5) bludgeoning damage.', 7, '2d8', 5, 'Action'); 
INSERT INTO Creature VALUES(241, 'Riding Horse', 'Large', 'beast', NULL, 'unaligned', 16, 10, 12, 2, 11, 7, '1/4', 0); 
INSERT INTO Speed(creatureId, name) VALUES(241, '60 ft.'); 
INSERT INTO Sense(creatureId, description) VALUES(241, 'passive Perception 10'); 
INSERT INTO Language(creatureId, name) VALUES(241, ''); 
INSERT INTO ArmorClass(creatureId, value) VALUES(241, 10); 
INSERT INTO HitPoint(creatureId, value, hitDice) VALUES(241, 13, '2d10'); 
INSERT INTO Action(creatureId, name, description, attackBonus, damageDice, damageBonus, actionCategory) VALUES(241, 'Hooves', 'Melee Weapon Attack: +5 to hit, reach 5 ft., one target. Hit: 8 (2d4 + 3) bludgeoning damage.', 5, '2d4', 3, 'Action'); 
INSERT INTO Creature VALUES(242, 'Roc', 'Gargantuan', 'monstrosity', NULL, 'unaligned', 28, 10, 20, 3, 10, 9, '11', 0); 
INSERT INTO Speed(creatureId, name) VALUES(242, '20 ft.'); 
INSERT INTO Speed(creatureId, name) VALUES(242, ' fly 120 ft.'); 
INSERT INTO SavingThrow (creatureId, name, modifier) VALUES(242, 'dexterity_save', 4); 
INSERT INTO SavingThrow (creatureId, name, modifier) VALUES(242, 'constitution_save', 9); 
INSERT INTO SavingThrow (creatureId, name, modifier) VALUES(242, 'wisdom_save', 4); 
INSERT INTO SavingThrow (creatureId, name, modifier) VALUES(242, 'charisma_save', 3); 
INSERT INTO Skill (creatureId, name, modifier) VALUES(242, 'perception', 4); 
INSERT INTO Sense(creatureId, description) VALUES(242, 'passive Perception 14'); 
INSERT INTO Language(creatureId, name) VALUES(242, ''); 
INSERT INTO ArmorClass(creatureId, value) VALUES(242, 15); 
INSERT INTO HitPoint(creatureId, value, hitDice) VALUES(242, 248, '16d20'); 
INSERT INTO Action(creatureId, name, description, attackBonus, damageDice, damageBonus, actionCategory) VALUES(242, 'Keen Sight', 'The roc has advantage on Wisdom (Perception) checks that rely on sight.', 0, NULL, NULL, 'SpecialAbility'); 
INSERT INTO Action(creatureId, name, description, attackBonus, damageDice, damageBonus, actionCategory) VALUES(242, 'Multiattack', 'The roc makes two attacks: one with its beak and one with its talons.', 0, NULL, NULL, 'Action'); 
INSERT INTO Action(creatureId, name, description, attackBonus, damageDice, damageBonus, actionCategory) VALUES(242, 'Beak', 'Melee Weapon Attack: +13 to hit, reach 10 ft., one target. Hit: 27 (4d8 + 9) piercing damage.', 13, '4d8', 9, 'Action'); 
INSERT INTO Action(creatureId, name, description, attackBonus, damageDice, damageBonus, actionCategory) VALUES(242, 'Talons', 'Melee Weapon Attack: +13 to hit, reach 5 ft., one target. Hit: 23 (4d6 + 9) slashing damage, and the target is grappled (escape DC 19). Until this grapple ends, the target is restrained, and the roc can''t use its talons on another target.', 13, '4d6', 9, 'Action'); 
INSERT INTO Creature VALUES(243, 'Roper', 'Large', 'monstrosity', NULL, 'neutral evil', 18, 8, 17, 7, 16, 6, '5', 0); 
INSERT INTO Speed(creatureId, name) VALUES(243, '10 ft.'); 
INSERT INTO Speed(creatureId, name) VALUES(243, ' climb 10 ft.'); 
INSERT INTO Skill (creatureId, name, modifier) VALUES(243, 'perception', 6); 
INSERT INTO Skill (creatureId, name, modifier) VALUES(243, 'stealth', 5); 
INSERT INTO Sense(creatureId, description) VALUES(243, 'darkvision 60 ft.'); 
INSERT INTO Sense(creatureId, description) VALUES(243, ' passive Perception 16'); 
INSERT INTO Language(creatureId, name) VALUES(243, ''); 
INSERT INTO ArmorClass(creatureId, value) VALUES(243, 20); 
INSERT INTO HitPoint(creatureId, value, hitDice) VALUES(243, 93, '11d10'); 
INSERT INTO Action(creatureId, name, description, attackBonus, damageDice, damageBonus, actionCategory) VALUES(243, 'False Appearance', 'While the roper remains motionless, it is indistinguishable from a normal cave formation, such as a stalagmite.', 0, NULL, NULL, 'SpecialAbility'); 
INSERT INTO Action(creatureId, name, description, attackBonus, damageDice, damageBonus, actionCategory) VALUES(243, 'Grasping Tendrils', 'The roper can have up to six tendrils at a time. Each tendril can be attacked (AC 20; 10 hit points; immunity to poison and psychic damage). Destroying a tendril deals no damage to the roper, which can extrude a replacement tendril on its next turn. A tendril can also be broken if a creature takes an action and succeeds on a DC 15 Strength check against it.', 0, NULL, NULL, 'SpecialAbility'); 
INSERT INTO Action(creatureId, name, description, attackBonus, damageDice, damageBonus, actionCategory) VALUES(243, 'Spider Climb', 'The roper can climb difficult surfaces, including upside down on ceilings, without needing to make an ability check.', 0, NULL, NULL, 'SpecialAbility'); 
INSERT INTO Action(creatureId, name, description, attackBonus, damageDice, damageBonus, actionCategory) VALUES(243, 'Multiattack', 'The roper makes four attacks with its tendrils, uses Reel, and makes one attack with its bite.', 0, NULL, NULL, 'Action'); 
INSERT INTO Action(creatureId, name, description, attackBonus, damageDice, damageBonus, actionCategory) VALUES(243, 'Bite', 'Melee Weapon Attack: +7 to hit, reach 5 ft., one target. Hit: 22 (4d8 + 4) piercing damage.', 7, '4d8', 4, 'Action'); 
INSERT INTO Action(creatureId, name, description, attackBonus, damageDice, damageBonus, actionCategory) VALUES(243, 'Tendril', 'Melee Weapon Attack: +7 to hit, reach 50 ft., one creature. Hit: The target is grappled (escape DC 15). Until the grapple ends, the target is restrained and has disadvantage on Strength checks and Strength saving throws, and the roper can''t use the same tendril on another target.', 7, NULL, NULL, 'Action'); 
INSERT INTO Action(creatureId, name, description, attackBonus, damageDice, damageBonus, actionCategory) VALUES(243, 'Reel', 'The roper pulls each creature grappled by it up to 25 ft. straight toward it.', 0, NULL, NULL, 'Action'); 
INSERT INTO Creature VALUES(244, 'Rug of Smothering', 'Large', 'construct', NULL, 'unaligned', 17, 14, 10, 1, 3, 1, '2', 0); 
INSERT INTO Speed(creatureId, name) VALUES(244, '10 ft.'); 
INSERT INTO DamageImmunity(creatureId, name) VALUES(244, 'poison, psychic'); 
INSERT INTO ConditionImmunity(creatureId, name) VALUES(244, 'blinded, charmed, deafened, frightened, paralyzed, petrified, poisoned'); 
INSERT INTO Sense(creatureId, description) VALUES(244, 'blindsight 60 ft. (blind beyond this radius)'); 
INSERT INTO Sense(creatureId, description) VALUES(244, ' passive Perception 6'); 
INSERT INTO Language(creatureId, name) VALUES(244, ''); 
INSERT INTO ArmorClass(creatureId, value) VALUES(244, 12); 
INSERT INTO HitPoint(creatureId, value, hitDice) VALUES(244, 33, '6d10'); 
INSERT INTO Action(creatureId, name, description, attackBonus, damageDice, damageBonus, actionCategory) VALUES(244, 'Antimagic Susceptibility', 'The rug is incapacitated while in the area of an antimagic field. If targeted by dispel magic, the rug must succeed on a Constitution saving throw against the caster''s spell save DC or fall unconscious for 1 minute.', 0, NULL, NULL, 'SpecialAbility'); 
INSERT INTO Action(creatureId, name, description, attackBonus, damageDice, damageBonus, actionCategory) VALUES(244, 'Damage Transfer', 'While it is grappling a creature, the rug takes only half the damage dealt to it, and the creature grappled by the rug takes the other half.', 0, NULL, NULL, 'SpecialAbility'); 
INSERT INTO Action(creatureId, name, description, attackBonus, damageDice, damageBonus, actionCategory) VALUES(244, 'False Appearance', 'While the rug remains motionless, it is indistinguishable from a normal rug.', 0, NULL, NULL, 'SpecialAbility'); 
INSERT INTO Action(creatureId, name, description, attackBonus, damageDice, damageBonus, actionCategory) VALUES(244, 'Smother', 'Melee Weapon Attack: +5 to hit, reach 5 ft., one Medium or smaller creature. Hit: The creature is grappled (escape DC 13). Until this grapple ends, the target is restrained, blinded, and at risk of suffocating, and the rug can''t smother another target. In addition, at the start of each of the target''s turns, the target takes 10 (2d6 + 3) bludgeoning damage.', 0, '2d6', 3, 'Action'); 
INSERT INTO Creature VALUES(245, 'Rust Monster', 'Medium', 'monstrosity', NULL, 'unaligned', 13, 12, 13, 2, 13, 6, '1/2', 0); 
INSERT INTO Speed(creatureId, name) VALUES(245, '40 ft.'); 
INSERT INTO Sense(creatureId, description) VALUES(245, 'darkvision 60 ft.'); 
INSERT INTO Sense(creatureId, description) VALUES(245, ' passive Perception 11'); 
INSERT INTO Language(creatureId, name) VALUES(245, ''); 
INSERT INTO ArmorClass(creatureId, value) VALUES(245, 14); 
INSERT INTO HitPoint(creatureId, value, hitDice) VALUES(245, 27, '5d8'); 
INSERT INTO Action(creatureId, name, description, attackBonus, damageDice, damageBonus, actionCategory) VALUES(245, 'Iron Scent', 'The rust monster can pinpoint, by scent, the location of ferrous metal within 30 feet of it.', 0, NULL, NULL, 'SpecialAbility'); 
INSERT INTO Action(creatureId, name, description, attackBonus, damageDice, damageBonus, actionCategory) VALUES(245, 'Rust Metal', 'Any nonmagical weapon made of metal that hits the rust monster corrodes. After dealing damage, the weapon takes a permanent and cumulative -1 penalty to damage rolls. If its penalty drops to -5, the weapon is destroyed. Non magical ammunition made of metal that hits the rust monster is destroyed after dealing damage.', 0, NULL, NULL, 'SpecialAbility'); 
INSERT INTO Action(creatureId, name, description, attackBonus, damageDice, damageBonus, actionCategory) VALUES(245, 'Bite', 'Melee Weapon Attack: +3 to hit, reach 5 ft., one target. Hit: 5 (1d8 + 1) piercing damage.', 3, '1d8', 1, 'Action'); 
INSERT INTO Action(creatureId, name, description, attackBonus, damageDice, damageBonus, actionCategory) VALUES(245, 'Antennae', 'The rust monster corrodes a nonmagical ferrous metal object it can see within 5 feet of it. If the object isn''t being worn or carried, the touch destroys a 1-foot cube of it. If the object is being worn or carried by a creature, the creature can make a DC 11 Dexterity saving throw to avoid the rust monster''s touch.
If the object touched is either metal armor or a metal shield being worn or carried, its takes a permanent and cumulative -1 penalty to the AC it offers. Armor reduced to an AC of 10 or a shield that drops to a +0 bonus is destroyed. If the object touched is a held metal weapon, it rusts as described in the Rust Metal trait.', 0, NULL, NULL, 'Action'); 
INSERT INTO Creature VALUES(246, 'Saber-Toothed Tiger', 'Large', 'beast', NULL, 'unaligned', 18, 14, 15, 3, 12, 8, '2', 0); 
INSERT INTO Speed(creatureId, name) VALUES(246, '40 ft.'); 
INSERT INTO Skill (creatureId, name, modifier) VALUES(246, 'perception', 3); 
INSERT INTO Skill (creatureId, name, modifier) VALUES(246, 'stealth', 6); 
INSERT INTO Sense(creatureId, description) VALUES(246, 'passive Perception 13'); 
INSERT INTO Language(creatureId, name) VALUES(246, ''); 
INSERT INTO ArmorClass(creatureId, value) VALUES(246, 12); 
INSERT INTO HitPoint(creatureId, value, hitDice) VALUES(246, 52, '7d10'); 
INSERT INTO Action(creatureId, name, description, attackBonus, damageDice, damageBonus, actionCategory) VALUES(246, 'Keen Smell', 'The tiger has advantage on Wisdom (Perception) checks that rely on smell.', 0, NULL, NULL, 'SpecialAbility'); 
INSERT INTO Action(creatureId, name, description, attackBonus, damageDice, damageBonus, actionCategory) VALUES(246, 'Pounce', 'If the tiger moves at least 20 ft. straight toward a creature and then hits it with a claw attack on the same turn, that target must succeed on a DC 14 Strength saving throw or be knocked prone. If the target is prone, the tiger can make one bite attack against it as a bonus action.', 0, NULL, NULL, 'SpecialAbility'); 
INSERT INTO Action(creatureId, name, description, attackBonus, damageDice, damageBonus, actionCategory) VALUES(246, 'Bite', 'Melee Weapon Attack: +6 to hit, reach 5 ft., one target. Hit: 10 (1d10 + 5) piercing damage.', 6, '1d10', 5, 'Action'); 
INSERT INTO Action(creatureId, name, description, attackBonus, damageDice, damageBonus, actionCategory) VALUES(246, 'Claw', 'Melee Weapon Attack: +6 to hit, reach 5 ft., one target. Hit: 12 (2d6 + 5) slashing damage.', 6, '2d6', 5, 'Action'); 
INSERT INTO Creature VALUES(247, 'Sahuagin', 'Medium', 'humanoid', 'sahuagin', 'lawful evil', 13, 11, 12, 12, 13, 9, '1/2', 0); 
INSERT INTO Speed(creatureId, name) VALUES(247, '30 ft.'); 
INSERT INTO Speed(creatureId, name) VALUES(247, ' swim 40 ft.'); 
INSERT INTO Skill (creatureId, name, modifier) VALUES(247, 'perception', 5); 
INSERT INTO Sense(creatureId, description) VALUES(247, 'darkvision 120 ft.'); 
INSERT INTO Sense(creatureId, description) VALUES(247, ' passive Perception 15'); 
INSERT INTO Language(creatureId, name) VALUES(247, 'Sahuagin'); 
INSERT INTO ArmorClass(creatureId, value) VALUES(247, 12); 
INSERT INTO HitPoint(creatureId, value, hitDice) VALUES(247, 22, '4d8'); 
INSERT INTO Action(creatureId, name, description, attackBonus, damageDice, damageBonus, actionCategory) VALUES(247, 'Blood Frenzy', 'The sahuagin has advantage on melee attack rolls against any creature that doesn''t have all its hit points.', 0, NULL, NULL, 'SpecialAbility'); 
INSERT INTO Action(creatureId, name, description, attackBonus, damageDice, damageBonus, actionCategory) VALUES(247, 'Limited Amphibiousness', 'The sahuagin can breathe air and water, but it needs to be submerged at least once every 4 hours to avoid suffocating.', 0, NULL, NULL, 'SpecialAbility'); 
INSERT INTO Action(creatureId, name, description, attackBonus, damageDice, damageBonus, actionCategory) VALUES(247, 'Shark Telepathy', 'The sahuagin can magically command any shark within 120 feet of it, using a limited telepathy.', 0, NULL, NULL, 'SpecialAbility'); 
INSERT INTO Action(creatureId, name, description, attackBonus, damageDice, damageBonus, actionCategory) VALUES(247, 'Multiattack', 'The sahuagin makes two melee attacks: one with its bite and one with its claws or spear.', 0, NULL, NULL, 'Action'); 
INSERT INTO Action(creatureId, name, description, attackBonus, damageDice, damageBonus, actionCategory) VALUES(247, 'Bite', 'Melee Weapon Attack: +3 to hit, reach 5 ft., one target. Hit: 3 (1d4 + 1) piercing damage.', 3, '1d4', 1, 'Action'); 
INSERT INTO Action(creatureId, name, description, attackBonus, damageDice, damageBonus, actionCategory) VALUES(247, 'Claws', 'Melee Weapon Attack: +3 to hit, reach 5 ft., one target. Hit: 3 (1d4 + 1) slashing damage.', 3, '1d4', 1, 'Action'); 
INSERT INTO Action(creatureId, name, description, attackBonus, damageDice, damageBonus, actionCategory) VALUES(247, 'Spear', 'Melee or Ranged Weapon Attack: +3 to hit, reach 5 ft. or range 20/60 ft., one target. Hit: 4 (1d6 + 1) piercing damage, or 5 (1d8 + 1) piercing damage if used with two hands to make a melee attack.', 3, '1d6', 1, 'Action'); 
INSERT INTO Creature VALUES(248, 'Salamander', 'Large', 'elemental', NULL, 'neutral evil', 18, 14, 15, 11, 10, 12, '5', 0); 
INSERT INTO Speed(creatureId, name) VALUES(248, '30 ft.'); 
INSERT INTO DamageVulnerability(creatureId, name) VALUES(248, 'cold'); 
INSERT INTO DamageResistance(creatureId, name) VALUES(248, 'bludgeoning, piercing, and slashing from nonmagical weapons'); 
INSERT INTO DamageImmunity(creatureId, name) VALUES(248, 'fire'); 
INSERT INTO Sense(creatureId, description) VALUES(248, 'darkvision 60 ft.'); 
INSERT INTO Sense(creatureId, description) VALUES(248, ' passive Perception 10'); 
INSERT INTO Language(creatureId, name) VALUES(248, 'Ignan'); 
INSERT INTO ArmorClass(creatureId, value) VALUES(248, 15); 
INSERT INTO HitPoint(creatureId, value, hitDice) VALUES(248, 90, '12d10'); 
INSERT INTO Action(creatureId, name, description, attackBonus, damageDice, damageBonus, actionCategory) VALUES(248, 'Heated Body', 'A creature that touches the salamander or hits it with a melee attack while within 5 ft. of it takes 7 (2d6) fire damage.', 0, '2d6', NULL, 'SpecialAbility'); 
INSERT INTO Action(creatureId, name, description, attackBonus, damageDice, damageBonus, actionCategory) VALUES(248, 'Heated Weapons', 'Any metal melee weapon the salamander wields deals an extra 3 (1d6) fire damage on a hit (included in the attack).', 0, NULL, NULL, 'SpecialAbility'); 
INSERT INTO Action(creatureId, name, description, attackBonus, damageDice, damageBonus, actionCategory) VALUES(248, 'Multiattack', 'The salamander makes two attacks: one with its spear and one with its tail.', 0, NULL, NULL, 'Action'); 
INSERT INTO Action(creatureId, name, description, attackBonus, damageDice, damageBonus, actionCategory) VALUES(248, 'Spear', 'Melee or Ranged Weapon Attack: +7 to hit, reach 5 ft. or range 20 ft./60 ft., one target. Hit: 11 (2d6 + 4) piercing damage, or 13 (2d8 + 4) piercing damage if used with two hands to make a melee attack, plus 3 (1d6) fire damage.', 7, '2d6', 4, 'Action'); 
INSERT INTO Action(creatureId, name, description, attackBonus, damageDice, damageBonus, actionCategory) VALUES(248, 'Tail', 'Melee Weapon Attack: +7 to hit, reach 10 ft., one target. Hit: 11 (2d6 + 4) bludgeoning damage plus 7 (2d6) fire damage, and the target is grappled (escape DC 14). Until this grapple ends, the target is restrained, the salamander can automatically hit the target with its tail, and the salamander can''t make tail attacks against other targets.', 7, '2d6 + 2d6', 4, 'Action'); 
INSERT INTO Creature VALUES(249, 'Satyr', 'Medium', 'fey', NULL, 'chaotic neutral', 12, 16, 11, 12, 10, 14, '1/2', 0); 
INSERT INTO Speed(creatureId, name) VALUES(249, '40 ft.'); 
INSERT INTO Skill (creatureId, name, modifier) VALUES(249, 'perception', 2); 
INSERT INTO Skill (creatureId, name, modifier) VALUES(249, 'performance', 6); 
INSERT INTO Skill (creatureId, name, modifier) VALUES(249, 'stealth', 5); 
INSERT INTO Sense(creatureId, description) VALUES(249, 'passive Perception 12'); 
INSERT INTO Language(creatureId, name) VALUES(249, 'Common'); 
INSERT INTO Language(creatureId, name) VALUES(249, ' Elvish'); 
INSERT INTO Language(creatureId, name) VALUES(249, ' Sylvan'); 
INSERT INTO ArmorClass(creatureId, value) VALUES(249, 14); 
INSERT INTO HitPoint(creatureId, value, hitDice) VALUES(249, 31, '7d8'); 
INSERT INTO Action(creatureId, name, description, attackBonus, damageDice, damageBonus, actionCategory) VALUES(249, 'Magic Resistance', 'The satyr has advantage on saving throws against spells and other magical effects.', 0, NULL, NULL, 'SpecialAbility'); 
INSERT INTO Action(creatureId, name, description, attackBonus, damageDice, damageBonus, actionCategory) VALUES(249, 'Ram', 'Melee Weapon Attack: +3 to hit, reach 5 ft., one target. Hit: 6 (2d4 + 1) bludgeoning damage.', 3, '2d4', 1, 'Action'); 
INSERT INTO Action(creatureId, name, description, attackBonus, damageDice, damageBonus, actionCategory) VALUES(249, 'Shortsword', 'Melee Weapon Attack: +5 to hit, reach 5 ft., one target. Hit: 6 (1 d6 + 3) piercing damage.', 5, '1d6', 3, 'Action'); 
INSERT INTO Action(creatureId, name, description, attackBonus, damageDice, damageBonus, actionCategory) VALUES(249, 'Shortbow', 'Ranged Weapon Attack: +5 to hit, range 80/320 ft., one target. Hit: 6 (1d6 + 3) piercing damage.', 5, '1d6', 3, 'Action'); 
INSERT INTO Action(creatureId, name, description, attackBonus, damageDice, damageBonus, actionCategory) VALUES(249, 'Variant: Panpipes', 'Gentle Lullaby. The creature falls asleep and is unconscious for 1 minute. The effect ends if the creature takes damage or if someone takes an action to shake the creature awake.', 0, NULL, NULL, 'Action'); 
INSERT INTO Creature VALUES(250, 'Scorpion', 'Tiny', 'beast', NULL, 'unaligned', 2, 11, 8, 1, 8, 2, '0', 0); 
INSERT INTO Speed(creatureId, name) VALUES(250, '10 ft.'); 
INSERT INTO Sense(creatureId, description) VALUES(250, 'blindsight 10 ft.'); 
INSERT INTO Sense(creatureId, description) VALUES(250, ' passive Perception 9'); 
INSERT INTO Language(creatureId, name) VALUES(250, ''); 
INSERT INTO ArmorClass(creatureId, value) VALUES(250, 11); 
INSERT INTO HitPoint(creatureId, value, hitDice) VALUES(250, 1, '1d4'); 
INSERT INTO Action(creatureId, name, description, attackBonus, damageDice, damageBonus, actionCategory) VALUES(250, 'Sting', 'Melee Weapon Attack: +2 to hit, reach 5 ft., one creature. Hit: 1 piercing damage, and the target must make a DC 9 Constitution saving throw, taking 4 (1d8) poison damage on a failed save, or half as much damage on a successful one.', 2, NULL, 1, 'Action'); 
INSERT INTO Creature VALUES(251, 'Scout', 'Medium', 'humanoid', 'any race', 'any alignment', 11, 14, 12, 11, 13, 11, '1/2', 0); 
INSERT INTO Speed(creatureId, name) VALUES(251, '30 ft.'); 
INSERT INTO Skill (creatureId, name, modifier) VALUES(251, 'nature', 4); 
INSERT INTO Skill (creatureId, name, modifier) VALUES(251, 'perception', 5); 
INSERT INTO Skill (creatureId, name, modifier) VALUES(251, 'stealth', 6); 
INSERT INTO Skill (creatureId, name, modifier) VALUES(251, 'survival', 5); 
INSERT INTO Sense(creatureId, description) VALUES(251, 'passive Perception 15'); 
INSERT INTO Language(creatureId, name) VALUES(251, 'any one language (usually Common)'); 
INSERT INTO ArmorClass(creatureId, value) VALUES(251, 13); 
INSERT INTO HitPoint(creatureId, value, hitDice) VALUES(251, 16, '3d8'); 
INSERT INTO Action(creatureId, name, description, attackBonus, damageDice, damageBonus, actionCategory) VALUES(251, 'Keen Hearing and Sight', 'The scout has advantage on Wisdom (Perception) checks that rely on hearing or sight.', 0, NULL, NULL, 'SpecialAbility'); 
INSERT INTO Action(creatureId, name, description, attackBonus, damageDice, damageBonus, actionCategory) VALUES(251, 'Multiattack', 'The scout makes two melee attacks or two ranged attacks.', 0, NULL, NULL, 'Action'); 
INSERT INTO Action(creatureId, name, description, attackBonus, damageDice, damageBonus, actionCategory) VALUES(251, 'Shortsword', 'Melee Weapon Attack: +4 to hit, reach 5 ft., one target. Hit: 5 (1d6 + 2) piercing damage.', 4, '1d6', 2, 'Action'); 
INSERT INTO Action(creatureId, name, description, attackBonus, damageDice, damageBonus, actionCategory) VALUES(251, 'Longbow', 'Ranged Weapon Attack: +4 to hit, ranged 150/600 ft., one target. Hit: 6 (1d8 + 2) piercing damage.', 4, '1d8', 2, 'Action'); 
INSERT INTO Creature VALUES(252, 'Sea Hag', 'Medium', 'fey', NULL, 'chaotic evil', 16, 13, 16, 12, 12, 13, '2', 0); 
INSERT INTO Speed(creatureId, name) VALUES(252, '30 ft.'); 
INSERT INTO Speed(creatureId, name) VALUES(252, ' swim 40 ft.'); 
INSERT INTO Sense(creatureId, description) VALUES(252, 'darkvision 60 ft.'); 
INSERT INTO Sense(creatureId, description) VALUES(252, ' passive Perception 11'); 
INSERT INTO Language(creatureId, name) VALUES(252, 'Aquan'); 
INSERT INTO Language(creatureId, name) VALUES(252, ' Common'); 
INSERT INTO Language(creatureId, name) VALUES(252, ' Giant'); 
INSERT INTO ArmorClass(creatureId, value) VALUES(252, 14); 
INSERT INTO HitPoint(creatureId, value, hitDice) VALUES(252, 52, '7d8'); 
INSERT INTO Action(creatureId, name, description, attackBonus, damageDice, damageBonus, actionCategory) VALUES(252, 'Amphibious', 'The hag can breathe air and water.', 0, NULL, NULL, 'SpecialAbility'); 
INSERT INTO Action(creatureId, name, description, attackBonus, damageDice, damageBonus, actionCategory) VALUES(252, 'Horrific Appearance', 'Any humanoid that starts its turn within 30 feet of the hag and can see the hag''s true form must make a DC 11 Wisdom saving throw. On a failed save, the creature is frightened for 1 minute. A creature can repeat the saving throw at the end of each of its turns, with disadvantage if the hag is within line of sight, ending the effect on itself on a success. If a creature''s saving throw is successful or the effect ends for it, the creature is immune to the hag''s Horrific Appearance for the next 24 hours.
Unless the target is surprised or the revelation of the hag''s true form is sudden, the target can avert its eyes and avoid making the initial saving throw. Until the start of its next turn, a creature that averts its eyes has disadvantage on attack rolls against the hag.', 0, NULL, NULL, 'SpecialAbility'); 
INSERT INTO Action(creatureId, name, description, attackBonus, damageDice, damageBonus, actionCategory) VALUES(252, 'Hag Coven', 'When hags must work together, they form covens, in spite of their selfish natures. A coven is made up of hags of any type, all of whom are equals within the group. However, each of the hags continues to desire more personal power.
A coven consists of three hags so that any arguments between two hags can be settled by the third. If more than three hags ever come together, as might happen if two covens come into conflict, the result is usually chaos.', 0, NULL, NULL, 'SpecialAbility'); 
INSERT INTO Action(creatureId, name, description, attackBonus, damageDice, damageBonus, actionCategory) VALUES(252, 'Shared Spellcasting (Coven Only)', 'While all three members of a hag coven are within 30 feet of one another, they can each cast the following spells from the wizard''s spell list but must share the spell slots among themselves:

• 1st level (4 slots): identify, ray of sickness
• 2nd level (3 slots): hold person, locate object
• 3rd level (3 slots): bestow curse, counterspell, lightning bolt
• 4th level (3 slots): phantasmal killer, polymorph
• 5th level (2 slots): contact other plane, scrying
• 6th level (1 slot): eye bite

For casting these spells, each hag is a 12th-level spellcaster that uses Intelligence as her spellcasting ability. The spell save DC is 12+the hag''s Intelligence modifier, and the spell attack bonus is 4+the hag''s Intelligence modifier.', 0, NULL, NULL, 'SpecialAbility'); 
INSERT INTO Action(creatureId, name, description, attackBonus, damageDice, damageBonus, actionCategory) VALUES(252, 'Hag Eye (Coven Only)', 'A hag coven can craft a magic item called a hag eye, which is made from a real eye coated in varnish and often fitted to a pendant or other wearable item. The hag eye is usually entrusted to a minion for safekeeping and transport. A hag in the coven can take an action to see what the hag eye sees if the hag eye is on the same plane of existence. A hag eye has AC 10, 1 hit point, and darkvision with a radius of 60 feet. If it is destroyed, each coven member takes 3d10 psychic damage and is blinded for 24 hours.
A hag coven can have only one hag eye at a time, and creating a new one requires all three members of the coven to perform a ritual. The ritual takes 1 hour, and the hags can''t perform it while blinded. During the ritual, if the hags take any action other than performing the ritual, they must start over.', 0, NULL, NULL, 'SpecialAbility'); 
INSERT INTO Action(creatureId, name, description, attackBonus, damageDice, damageBonus, actionCategory) VALUES(252, 'Claws', 'Melee Weapon Attack: +5 to hit, reach 5 ft., one target. Hit: 10 (2d6 + 3) slashing damage.', 5, '2d6', 3, 'Action'); 
INSERT INTO Action(creatureId, name, description, attackBonus, damageDice, damageBonus, actionCategory) VALUES(252, 'Death Glare', 'The hag targets one frightened creature she can see within 30 ft. of her. If the target can see the hag, it must succeed on a DC 11 Wisdom saving throw against this magic or drop to 0 hit points.', 0, NULL, NULL, 'Action'); 
INSERT INTO Action(creatureId, name, description, attackBonus, damageDice, damageBonus, actionCategory) VALUES(252, 'Illusory Appearance', 'The hag covers herself and anything she is wearing or carrying with a magical illusion that makes her look like an ugly creature of her general size and humanoid shape. The effect ends if the hag takes a bonus action to end it or if she dies.
The changes wrought by this effect fail to hold up to physical inspection. For example, the hag could appear to have no claws, but someone touching her hand might feel the claws. Otherwise, a creature must take an action to visually inspect the illusion and succeed on a DC 16 Intelligence (Investigation) check to discern that the hag is disguised.', 0, NULL, NULL, 'Action'); 
INSERT INTO Creature VALUES(253, 'Sea Horse', 'Tiny', 'beast', NULL, 'unaligned', 1, 12, 8, 1, 10, 2, '0', 0); 
INSERT INTO Speed(creatureId, name) VALUES(253, 'swim 20 ft.'); 
INSERT INTO Sense(creatureId, description) VALUES(253, 'passive Perception 10'); 
INSERT INTO Language(creatureId, name) VALUES(253, ''); 
INSERT INTO ArmorClass(creatureId, value) VALUES(253, 11); 
INSERT INTO HitPoint(creatureId, value, hitDice) VALUES(253, 1, '1d4'); 
INSERT INTO Action(creatureId, name, description, attackBonus, damageDice, damageBonus, actionCategory) VALUES(253, 'Water Breathing', 'The sea horse can breathe only underwater.', 0, NULL, NULL, 'SpecialAbility'); 
INSERT INTO Creature VALUES(254, 'Shadow', 'Medium', 'undead', NULL, 'chaotic evil', 6, 14, 13, 6, 10, 8, '1/2', 0); 
INSERT INTO Speed(creatureId, name) VALUES(254, '40 ft.'); 
INSERT INTO Skill (creatureId, name, modifier) VALUES(254, 'stealth', 4); 
INSERT INTO DamageVulnerability(creatureId, name) VALUES(254, 'radiant'); 
INSERT INTO DamageResistance(creatureId, name) VALUES(254, 'acid, cold, fire, lightning, thunder; bludgeoning, piercing, and slashing from nonmagical weapons'); 
INSERT INTO DamageImmunity(creatureId, name) VALUES(254, 'necrotic, poison'); 
INSERT INTO ConditionImmunity(creatureId, name) VALUES(254, 'exhaustion, frightened, grappled, paralyzed, petrified, poisoned, prone, restrained'); 
INSERT INTO Sense(creatureId, description) VALUES(254, 'darkvision 60 ft.'); 
INSERT INTO Sense(creatureId, description) VALUES(254, ' passive Perception 10'); 
INSERT INTO Language(creatureId, name) VALUES(254, ''); 
INSERT INTO ArmorClass(creatureId, value) VALUES(254, 12); 
INSERT INTO HitPoint(creatureId, value, hitDice) VALUES(254, 16, '3d8'); 
INSERT INTO Action(creatureId, name, description, attackBonus, damageDice, damageBonus, actionCategory) VALUES(254, 'Amorphous', 'The shadow can move through a space as narrow as 1 inch wide without squeezing.', 0, NULL, NULL, 'SpecialAbility'); 
INSERT INTO Action(creatureId, name, description, attackBonus, damageDice, damageBonus, actionCategory) VALUES(254, 'Shadow Stealth', 'While in dim light or darkness, the shadow can take the Hide action as a bonus action. Its stealth bonus is also improved to +6.', 0, NULL, NULL, 'SpecialAbility'); 
INSERT INTO Action(creatureId, name, description, attackBonus, damageDice, damageBonus, actionCategory) VALUES(254, 'Sunlight Weakness', 'While in sunlight, the shadow has disadvantage on attack rolls, ability checks, and saving throws.', 0, NULL, NULL, 'SpecialAbility'); 
INSERT INTO Action(creatureId, name, description, attackBonus, damageDice, damageBonus, actionCategory) VALUES(254, 'Strength Drain', 'Melee Weapon Attack: +4 to hit, reach 5 ft., one creature. Hit: 9 (2d6 + 2) necrotic damage, and the target''s Strength score is reduced by 1d4. The target dies if this reduces its Strength to 0. Otherwise, the reduction lasts until the target finishes a short or long rest.
If a non-evil humanoid dies from this attack, a new shadow rises from the corpse 1d4 hours later.', 4, '2d6', 2, 'Action'); 
INSERT INTO Creature VALUES(255, 'Shambling Mound', 'Large', 'plant', NULL, 'unaligned', 18, 8, 16, 5, 10, 5, '5', 0); 
INSERT INTO Speed(creatureId, name) VALUES(255, '20 ft.'); 
INSERT INTO Speed(creatureId, name) VALUES(255, ' swim 20 ft.'); 
INSERT INTO Skill (creatureId, name, modifier) VALUES(255, 'stealth', 2); 
INSERT INTO DamageResistance(creatureId, name) VALUES(255, 'cold, fire'); 
INSERT INTO DamageImmunity(creatureId, name) VALUES(255, 'lightning'); 
INSERT INTO ConditionImmunity(creatureId, name) VALUES(255, 'blinded, deafened, exhaustion'); 
INSERT INTO Sense(creatureId, description) VALUES(255, 'blindsight 60 ft. (blind beyond this radius)'); 
INSERT INTO Sense(creatureId, description) VALUES(255, ' passive Perception 10'); 
INSERT INTO Language(creatureId, name) VALUES(255, ''); 
INSERT INTO ArmorClass(creatureId, value) VALUES(255, 15); 
INSERT INTO HitPoint(creatureId, value, hitDice) VALUES(255, 136, '16d10'); 
INSERT INTO Action(creatureId, name, description, attackBonus, damageDice, damageBonus, actionCategory) VALUES(255, 'Lightning Absorption', 'Whenever the shambling mound is subjected to lightning damage, it takes no damage and regains a number of hit points equal to the lightning damage dealt.', 0, NULL, NULL, 'SpecialAbility'); 
INSERT INTO Action(creatureId, name, description, attackBonus, damageDice, damageBonus, actionCategory) VALUES(255, 'Multiattack', 'The shambling mound makes two slam attacks. If both attacks hit a Medium or smaller target, the target is grappled (escape DC 14), and the shambling mound uses its Engulf on it.', 0, NULL, NULL, 'Action'); 
INSERT INTO Action(creatureId, name, description, attackBonus, damageDice, damageBonus, actionCategory) VALUES(255, 'Slam', 'Melee Weapon Attack: +7 to hit, reach 5 ft., one target. Hit: 13 (2d8 + 4) bludgeoning damage.', 7, '2d8', 4, 'Action'); 
INSERT INTO Action(creatureId, name, description, attackBonus, damageDice, damageBonus, actionCategory) VALUES(255, 'Engulf', 'The shambling mound engulfs a Medium or smaller creature grappled by it. The engulfed target is blinded, restrained, and unable to breathe, and it must succeed on a DC 14 Constitution saving throw at the start of each of the mound''s turns or take 13 (2d8 + 4) bludgeoning damage. If the mound moves, the engulfed target moves with it. The mound can have only one creature engulfed at a time.', 0, NULL, NULL, 'Action'); 
INSERT INTO Creature VALUES(256, 'Shield Guardian', 'Large', 'construct', NULL, 'unaligned', 18, 8, 18, 7, 10, 3, '7', 0); 
INSERT INTO Speed(creatureId, name) VALUES(256, '30 ft.'); 
INSERT INTO DamageImmunity(creatureId, name) VALUES(256, 'poison'); 
INSERT INTO ConditionImmunity(creatureId, name) VALUES(256, 'charmed, exhaustion, frightened, paralyzed, poisoned'); 
INSERT INTO Sense(creatureId, description) VALUES(256, 'blindsight 10 ft.'); 
INSERT INTO Sense(creatureId, description) VALUES(256, ' darkvision 60 ft.'); 
INSERT INTO Sense(creatureId, description) VALUES(256, ' passive Perception 10'); 
INSERT INTO Language(creatureId, name) VALUES(256, 'understands commands given in any language but can''t speak'); 
INSERT INTO ArmorClass(creatureId, value) VALUES(256, 17); 
INSERT INTO HitPoint(creatureId, value, hitDice) VALUES(256, 142, '15d10'); 
INSERT INTO Action(creatureId, name, description, attackBonus, damageDice, damageBonus, actionCategory) VALUES(256, 'Bound', 'The shield guardian is magically bound to an amulet. As long as the guardian and its amulet are on the same plane of existence, the amulet''s wearer can telepathically call the guardian to travel to it, and the guardian knows the distance and direction to the amulet. If the guardian is within 60 feet of the amulet''s wearer, half of any damage the wearer takes (rounded up) is transferred to the guardian.', 0, NULL, NULL, 'SpecialAbility'); 
INSERT INTO Action(creatureId, name, description, attackBonus, damageDice, damageBonus, actionCategory) VALUES(256, 'Regeneration', 'The shield guardian regains 10 hit points at the start of its turn if it has at least 1 hit. point.', 0, NULL, NULL, 'SpecialAbility'); 
INSERT INTO Action(creatureId, name, description, attackBonus, damageDice, damageBonus, actionCategory) VALUES(256, 'Spell Storing', 'A spellcaster who wears the shield guardian''s amulet can cause the guardian to store one spell of 4th level or lower. To do so, the wearer must cast the spell on the guardian. The spell has no effect but is stored within the guardian. When commanded to do so by the wearer or when a situation arises that was predefined by the spellcaster, the guardian casts the stored spell with any parameters set by the original caster, requiring no components. When the spell is cast or a new spell is stored, any previously stored spell is lost.', 0, NULL, NULL, 'SpecialAbility'); 
INSERT INTO Action(creatureId, name, description, attackBonus, damageDice, damageBonus, actionCategory) VALUES(256, 'Multiattack', 'The guardian makes two fist attacks.', 0, NULL, NULL, 'Action'); 
INSERT INTO Action(creatureId, name, description, attackBonus, damageDice, damageBonus, actionCategory) VALUES(256, 'Fist', 'Melee Weapon Attack: +7 to hit, reach 5 ft., one target. Hit: 11 (2d6 + 4) bludgeoning damage.', 7, '2d6', 4, 'Action'); 
INSERT INTO Action(creatureId, name, description, attackBonus, damageDice, damageBonus, actionCategory) VALUES(256, 'Shield', 'When a creature makes an attack against the wearer of the guardian''s amulet, the guardian grants a +2 bonus to the wearer''s AC if the guardian is within 5 feet of the wearer.', 0, NULL, NULL, 'Reaction'); 
INSERT INTO Creature VALUES(257, 'Shrieker', 'Medium', 'plant', NULL, 'unaligned', 1, 1, 10, 1, 3, 1, '0', 0); 
INSERT INTO Speed(creatureId, name) VALUES(257, '0 ft.'); 
INSERT INTO ConditionImmunity(creatureId, name) VALUES(257, 'blinded, deafened, frightened'); 
INSERT INTO Sense(creatureId, description) VALUES(257, 'blindsight 30 ft. (blind beyond this radius)'); 
INSERT INTO Sense(creatureId, description) VALUES(257, ' passive Perception 6'); 
INSERT INTO Language(creatureId, name) VALUES(257, ''); 
INSERT INTO ArmorClass(creatureId, value) VALUES(257, 5); 
INSERT INTO HitPoint(creatureId, value, hitDice) VALUES(257, 13, '3d8'); 
INSERT INTO Action(creatureId, name, description, attackBonus, damageDice, damageBonus, actionCategory) VALUES(257, 'False Appearance', 'While the shrieker remains motionless, it is indistinguishable from an ordinary fungus.', 0, NULL, NULL, 'SpecialAbility'); 
INSERT INTO Action(creatureId, name, description, attackBonus, damageDice, damageBonus, actionCategory) VALUES(257, 'Shriek', 'When bright light or a creature is within 30 feet of the shrieker, it emits a shriek audible within 300 feet of it. The shrieker continues to shriek until the disturbance moves out of range and for 1d4 of the shrieker''s turns afterward', 0, NULL, NULL, 'Action'); 
INSERT INTO Creature VALUES(258, 'Silver Dragon Wyrmling', 'Medium', 'dragon', NULL, 'lawful good', 19, 10, 17, 12, 11, 15, '2', 0); 
INSERT INTO Speed(creatureId, name) VALUES(258, '30 ft.'); 
INSERT INTO Speed(creatureId, name) VALUES(258, ' fly 60 ft.'); 
INSERT INTO SavingThrow (creatureId, name, modifier) VALUES(258, 'dexterity_save', 2); 
INSERT INTO SavingThrow (creatureId, name, modifier) VALUES(258, 'constitution_save', 5); 
INSERT INTO SavingThrow (creatureId, name, modifier) VALUES(258, 'wisdom_save', 2); 
INSERT INTO SavingThrow (creatureId, name, modifier) VALUES(258, 'charisma_save', 4); 
INSERT INTO Skill (creatureId, name, modifier) VALUES(258, 'perception', 4); 
INSERT INTO Skill (creatureId, name, modifier) VALUES(258, 'stealth', 2); 
INSERT INTO DamageImmunity(creatureId, name) VALUES(258, 'cold'); 
INSERT INTO Sense(creatureId, description) VALUES(258, 'blindsight 10 ft.'); 
INSERT INTO Sense(creatureId, description) VALUES(258, ' darkvision 60 ft.'); 
INSERT INTO Sense(creatureId, description) VALUES(258, ' passive Perception 14'); 
INSERT INTO Language(creatureId, name) VALUES(258, 'Draconic'); 
INSERT INTO ArmorClass(creatureId, value) VALUES(258, 17); 
INSERT INTO HitPoint(creatureId, value, hitDice) VALUES(258, 45, '6d8'); 
INSERT INTO Action(creatureId, name, description, attackBonus, damageDice, damageBonus, actionCategory) VALUES(258, 'Bite', 'Melee Weapon Attack: +6 to hit, reach 5 ft., one target. Hit: 9 (1d10 + 4) piercing damage.', 6, '1d10', 4, 'Action'); 
INSERT INTO Action(creatureId, name, description, attackBonus, damageDice, damageBonus, actionCategory) VALUES(258, 'Breath Weapons (Recharge 5-6)', 'The dragon uses one of the following breath weapons.
Cold Breath. The dragon exhales an icy blast in a 15-foot cone. Each creature in that area must make a DC 13 Constitution saving throw, taking 18 (4d8) cold damage on a failed save, or half as much damage on a successful one.
Paralyzing Breath. The dragon exhales paralyzing gas in a 15-foot cone. Each creature in that area must succeed on a DC 13 Constitution saving throw or be paralyzed for 1 minute. A creature can repeat the saving throw at the end of each of its turns, ending the effect on itself on a success.', 0, '4d8', NULL, 'Action'); 
INSERT INTO Creature VALUES(259, 'Skeleton', 'Medium', 'undead', NULL, 'lawful evil', 10, 14, 15, 6, 8, 5, '1/4', 0); 
INSERT INTO Speed(creatureId, name) VALUES(259, '30 ft.'); 
INSERT INTO DamageVulnerability(creatureId, name) VALUES(259, 'bludgeoning'); 
INSERT INTO ConditionImmunity(creatureId, name) VALUES(259, 'poisoned'); 
INSERT INTO Sense(creatureId, description) VALUES(259, 'darkvision 60 ft.'); 
INSERT INTO Sense(creatureId, description) VALUES(259, ' passive Perception 9'); 
INSERT INTO Language(creatureId, name) VALUES(259, 'understands all languages it spoke in life but can''t speak'); 
INSERT INTO ArmorClass(creatureId, value) VALUES(259, 13); 
INSERT INTO HitPoint(creatureId, value, hitDice) VALUES(259, 13, '2d8'); 
INSERT INTO Action(creatureId, name, description, attackBonus, damageDice, damageBonus, actionCategory) VALUES(259, 'Shortsword', 'Melee Weapon Attack: +4 to hit, reach 5 ft., one target. Hit: 5 (1d6 + 2) piercing damage.', 4, '1d6', 2, 'Action'); 
INSERT INTO Action(creatureId, name, description, attackBonus, damageDice, damageBonus, actionCategory) VALUES(259, 'Shortbow', 'Ranged Weapon Attack: +4 to hit, range 80/320 ft., one target. Hit: 5 (1d6 + 2) piercing damage.', 4, '1d6', 2, 'Action'); 
INSERT INTO Creature VALUES(260, 'Solar', 'Large', 'celestial', NULL, 'lawful good', 26, 22, 26, 25, 25, 30, '21', 0); 
INSERT INTO Speed(creatureId, name) VALUES(260, '50 ft.'); 
INSERT INTO Speed(creatureId, name) VALUES(260, ' fly 150 ft.'); 
INSERT INTO SavingThrow (creatureId, name, modifier) VALUES(260, 'intelligence_save', 14); 
INSERT INTO SavingThrow (creatureId, name, modifier) VALUES(260, 'wisdom_save', 14); 
INSERT INTO SavingThrow (creatureId, name, modifier) VALUES(260, 'charisma_save', 17); 
INSERT INTO Skill (creatureId, name, modifier) VALUES(260, 'perception', 14); 
INSERT INTO DamageResistance(creatureId, name) VALUES(260, 'radiant; bludgeoning, piercing, and slashing from nonmagical weapons'); 
INSERT INTO DamageImmunity(creatureId, name) VALUES(260, 'necrotic, poison'); 
INSERT INTO ConditionImmunity(creatureId, name) VALUES(260, 'charmed, exhaustion, frightened, poisoned'); 
INSERT INTO Sense(creatureId, description) VALUES(260, 'truesight 120 ft.'); 
INSERT INTO Sense(creatureId, description) VALUES(260, ' passive Perception 24'); 
INSERT INTO Language(creatureId, name) VALUES(260, 'all'); 
INSERT INTO Language(creatureId, name) VALUES(260, ' telepathy 120 ft.'); 
INSERT INTO ArmorClass(creatureId, value) VALUES(260, 21); 
INSERT INTO HitPoint(creatureId, value, hitDice) VALUES(260, 243, '18d10'); 
INSERT INTO Action(creatureId, name, description, attackBonus, damageDice, damageBonus, actionCategory) VALUES(260, 'Angelic Weapons', 'The solar''s weapon attacks are magical. When the solar hits with any weapon, the weapon deals an extra 6d8 radiant damage (included in the attack).', 0, NULL, NULL, 'SpecialAbility'); 
INSERT INTO Action(creatureId, name, description, attackBonus, damageDice, damageBonus, actionCategory) VALUES(260, 'Divine Awareness', 'The solar knows if it hears a lie.', 0, NULL, NULL, 'SpecialAbility'); 
INSERT INTO Action(creatureId, name, description, attackBonus, damageDice, damageBonus, actionCategory) VALUES(260, 'Innate Spellcasting', 'The solar''s spell casting ability is Charisma (spell save DC 25). It can innately cast the following spells, requiring no material components:
At will: detect evil and good, invisibility (self only)
3/day each: blade barrier, dispel evil and good, resurrection
1/day each: commune, control weather', 0, NULL, NULL, 'SpecialAbility'); 
INSERT INTO Action(creatureId, name, description, attackBonus, damageDice, damageBonus, actionCategory) VALUES(260, 'Magic Resistance', 'The solar has advantage on saving throws against spells and other magical effects.', 0, NULL, NULL, 'SpecialAbility'); 
INSERT INTO Action(creatureId, name, description, attackBonus, damageDice, damageBonus, actionCategory) VALUES(260, 'Multiattack', 'The solar makes two greatsword attacks.', 0, NULL, NULL, 'Action'); 
INSERT INTO Action(creatureId, name, description, attackBonus, damageDice, damageBonus, actionCategory) VALUES(260, 'Greatsword', 'Melee Weapon Attack: +15 to hit, reach 5 ft., one target. Hit: 22 (4d6 + 8) slashing damage plus 27 (6d8) radiant damage.', 15, '4d6 + 6d8', 8, 'Action'); 
INSERT INTO Action(creatureId, name, description, attackBonus, damageDice, damageBonus, actionCategory) VALUES(260, 'Slaying Longbow', 'Ranged Weapon Attack: +13 to hit, range 150/600 ft., one target. Hit: 15 (2d8 + 6) piercing damage plus 27 (6d8) radiant damage. If the target is a creature that has 190 hit points or fewer, it must succeed on a DC 15 Constitution saving throw or die.', 13, '2d8 + 6d8', 6, 'Action'); 
INSERT INTO Action(creatureId, name, description, attackBonus, damageDice, damageBonus, actionCategory) VALUES(260, 'Flying Sword', 'The solar releases its greatsword to hover magically in an unoccupied space within 5 ft. of it. If the solar can see the sword, the solar can mentally command it as a bonus action to fly up to 50 ft. and either make one attack against a target or return to the solar''s hands. If the hovering sword is targeted by any effect, the solar is considered to be holding it. The hovering sword falls if the solar dies.', 0, NULL, NULL, 'Action'); 
INSERT INTO Action(creatureId, name, description, attackBonus, damageDice, damageBonus, actionCategory) VALUES(260, 'Healing Touch (4/Day)', 'The solar touches another creature. The target magically regains 40 (8d8 + 4) hit points and is freed from any curse, disease, poison, blindness, or deafness.', 0, NULL, NULL, 'Action'); 
INSERT INTO Action(creatureId, name, description, attackBonus, damageDice, damageBonus, actionCategory) VALUES(260, 'Teleport', 'The solar magically teleports, along with any equipment it is wearing or carrying, up to 120 ft. to an unoccupied space it can see.', 0, NULL, NULL, 'LegendaryAction'); 
INSERT INTO Action(creatureId, name, description, attackBonus, damageDice, damageBonus, actionCategory) VALUES(260, 'Searing Burst (Costs 2 Actions)', 'The solar emits magical, divine energy. Each creature of its choice in a 10 -foot radius must make a DC 23 Dexterity saving throw, taking 14 (4d6) fire damage plus 14 (4d6) radiant damage on a failed save, or half as much damage on a successful one.', 0, NULL, NULL, 'LegendaryAction'); 
INSERT INTO Action(creatureId, name, description, attackBonus, damageDice, damageBonus, actionCategory) VALUES(260, 'Blinding Gaze (Costs 3 Actions)', 'The solar targets one creature it can see within 30 ft. of it. If the target can see it, the target must succeed on a DC 15 Constitution saving throw or be blinded until magic such as the lesser restoration spell removes the blindness.', 0, NULL, NULL, 'LegendaryAction'); 
INSERT INTO Creature VALUES(261, 'Specter', 'Medium', 'undead', NULL, 'chaotic evil', 1, 14, 11, 10, 10, 11, '1', 0); 
INSERT INTO Speed(creatureId, name) VALUES(261, '0 ft.'); 
INSERT INTO Speed(creatureId, name) VALUES(261, ' fly 50 ft. (hover)'); 
INSERT INTO DamageResistance(creatureId, name) VALUES(261, 'acid, cold, fire, lightning, thunder; bludgeoning, piercing, and slashing from nonmagical weapons'); 
INSERT INTO DamageImmunity(creatureId, name) VALUES(261, 'necrotic, poison'); 
INSERT INTO ConditionImmunity(creatureId, name) VALUES(261, 'charmed, exhaustion, grappled, paralyzed, petrified, poisoned, prone, restrained, unconscious'); 
INSERT INTO Sense(creatureId, description) VALUES(261, 'darkvision 60 ft.'); 
INSERT INTO Sense(creatureId, description) VALUES(261, ' passive Perception 10'); 
INSERT INTO Language(creatureId, name) VALUES(261, 'understands all languages it knew in life but can''t speak'); 
INSERT INTO ArmorClass(creatureId, value) VALUES(261, 12); 
INSERT INTO HitPoint(creatureId, value, hitDice) VALUES(261, 22, '5d8'); 
INSERT INTO Action(creatureId, name, description, attackBonus, damageDice, damageBonus, actionCategory) VALUES(261, 'Incorporeal Movement', 'The specter can move through other creatures and objects as if they were difficult terrain. It takes 5 (1d10) force damage if it ends its turn inside an object.', 0, NULL, NULL, 'SpecialAbility'); 
INSERT INTO Action(creatureId, name, description, attackBonus, damageDice, damageBonus, actionCategory) VALUES(261, 'Sunlight Sensitivity', 'While in sunlight, the specter has disadvantage on attack rolls, as well as on Wisdom (Perception) checks that rely on sight.', 0, NULL, NULL, 'SpecialAbility'); 
INSERT INTO Action(creatureId, name, description, attackBonus, damageDice, damageBonus, actionCategory) VALUES(261, 'Life Drain', 'Melee Spell Attack: +4 to hit, reach 5 ft., one creature. Hit: 10 (3d6) necrotic damage. The target must succeed on a DC 10 Constitution saving throw or its hit point maximum is reduced by an amount equal to the damage taken. This reduction lasts until the creature finishes a long rest. The target dies if this effect reduces its hit point maximum to 0.', 4, '3d6', NULL, 'Action'); 
INSERT INTO Creature VALUES(262, 'Spider', 'Tiny', 'beast', NULL, 'unaligned', 2, 14, 8, 1, 10, 2, '0', 0); 
INSERT INTO Speed(creatureId, name) VALUES(262, '20 ft.'); 
INSERT INTO Speed(creatureId, name) VALUES(262, ' climb 20 ft.'); 
INSERT INTO Skill (creatureId, name, modifier) VALUES(262, 'stealth', 4); 
INSERT INTO Sense(creatureId, description) VALUES(262, 'darkvision 30 ft.'); 
INSERT INTO Sense(creatureId, description) VALUES(262, ' passive Perception 12'); 
INSERT INTO Language(creatureId, name) VALUES(262, ''); 
INSERT INTO ArmorClass(creatureId, value) VALUES(262, 12); 
INSERT INTO HitPoint(creatureId, value, hitDice) VALUES(262, 1, '1d4'); 
INSERT INTO Action(creatureId, name, description, attackBonus, damageDice, damageBonus, actionCategory) VALUES(262, 'Spider Climb', 'The spider can climb difficult surfaces, including upside down on ceilings, without needing to make an ability check.', 0, NULL, NULL, 'SpecialAbility'); 
INSERT INTO Action(creatureId, name, description, attackBonus, damageDice, damageBonus, actionCategory) VALUES(262, 'Web Sense', 'While in contact with a web, the spider knows the exact location of any other creature in contact with the same web.', 0, NULL, NULL, 'SpecialAbility'); 
INSERT INTO Action(creatureId, name, description, attackBonus, damageDice, damageBonus, actionCategory) VALUES(262, 'Web Walker', 'The spider ignores movement restrictions caused by webbing.', 0, NULL, NULL, 'SpecialAbility'); 
INSERT INTO Action(creatureId, name, description, attackBonus, damageDice, damageBonus, actionCategory) VALUES(262, 'Bite', 'Melee Weapon Attack: +4 to hit, reach 5 ft., one creature. Hit: 1 piercing damage, and the target must succeed on a DC 9 Constitution saving throw or take 2 (1d4) poison damage.', 4, NULL, 1, 'Action'); 
INSERT INTO Creature VALUES(263, 'Spirit Naga', 'Large', 'monstrosity', NULL, 'chaotic evil', 18, 17, 14, 16, 15, 16, '8', 0); 
INSERT INTO Speed(creatureId, name) VALUES(263, '40 ft.'); 
INSERT INTO SavingThrow (creatureId, name, modifier) VALUES(263, 'dexterity_save', 6); 
INSERT INTO SavingThrow (creatureId, name, modifier) VALUES(263, 'constitution_save', 5); 
INSERT INTO SavingThrow (creatureId, name, modifier) VALUES(263, 'wisdom_save', 5); 
INSERT INTO SavingThrow (creatureId, name, modifier) VALUES(263, 'charisma_save', 6); 
INSERT INTO DamageImmunity(creatureId, name) VALUES(263, 'poison'); 
INSERT INTO ConditionImmunity(creatureId, name) VALUES(263, 'charmed, poisoned'); 
INSERT INTO Sense(creatureId, description) VALUES(263, 'darkvision 60 ft.'); 
INSERT INTO Sense(creatureId, description) VALUES(263, ' passive Perception 12'); 
INSERT INTO Language(creatureId, name) VALUES(263, 'Abyssal'); 
INSERT INTO Language(creatureId, name) VALUES(263, ' Common'); 
INSERT INTO ArmorClass(creatureId, value) VALUES(263, 15); 
INSERT INTO HitPoint(creatureId, value, hitDice) VALUES(263, 75, '10d10'); 
INSERT INTO Action(creatureId, name, description, attackBonus, damageDice, damageBonus, actionCategory) VALUES(263, 'Rejuvenation', 'If it dies, the naga returns to life in 1d6 days and regains all its hit points. Only a wish spell can prevent this trait from functioning.', 0, NULL, NULL, 'SpecialAbility'); 
INSERT INTO Action(creatureId, name, description, attackBonus, damageDice, damageBonus, actionCategory) VALUES(263, 'Spellcasting', 'The naga is a 10th-level spellcaster. Its spellcasting ability is Intelligence (spell save DC 14, +6 to hit with spell attacks), and it needs only verbal components to cast its spells. It has the following wizard spells prepared:

• Cantrips (at will): mage hand, minor illusion, ray of frost
• 1st level (4 slots): charm person, detect magic, sleep
• 2nd level (3 slots): detect thoughts, hold person
• 3rd level (3 slots): lightning bolt, water breathing
• 4th level (3 slots): blight, dimension door
• 5th level (2 slots): dominate person', 0, NULL, NULL, 'SpecialAbility'); 
INSERT INTO Action(creatureId, name, description, attackBonus, damageDice, damageBonus, actionCategory) VALUES(263, 'Bite', 'Melee Weapon Attack: +7 to hit, reach 10 ft., one creature. Hit: 7 (1d6 + 4) piercing damage, and the target must make a DC 13 Constitution saving throw, taking 31 (7d8) poison damage on a failed save, or half as much damage on a successful one.', 7, '1d6', 4, 'Action'); 
INSERT INTO Creature VALUES(264, 'Sprite', 'Tiny', 'fey', NULL, 'neutral good', 3, 18, 10, 14, 13, 11, '1/4', 0); 
INSERT INTO Speed(creatureId, name) VALUES(264, '10 ft.'); 
INSERT INTO Speed(creatureId, name) VALUES(264, ' fly 40 ft.'); 
INSERT INTO Skill (creatureId, name, modifier) VALUES(264, 'perception', 3); 
INSERT INTO Skill (creatureId, name, modifier) VALUES(264, 'stealth', 8); 
INSERT INTO Sense(creatureId, description) VALUES(264, 'passive Perception 13'); 
INSERT INTO Language(creatureId, name) VALUES(264, 'Common'); 
INSERT INTO Language(creatureId, name) VALUES(264, ' Elvish'); 
INSERT INTO Language(creatureId, name) VALUES(264, ' Sylvan'); 
INSERT INTO ArmorClass(creatureId, value) VALUES(264, 15); 
INSERT INTO HitPoint(creatureId, value, hitDice) VALUES(264, 2, '1d4'); 
INSERT INTO Action(creatureId, name, description, attackBonus, damageDice, damageBonus, actionCategory) VALUES(264, 'Longsword', 'Melee Weapon Attack: +2 to hit, reach 5 ft., one target. Hit: 1 slashing damage.', 2, NULL, 1, 'Action'); 
INSERT INTO Action(creatureId, name, description, attackBonus, damageDice, damageBonus, actionCategory) VALUES(264, 'Shortbow', 'Ranged Weapon Attack: +6 to hit, range 40/160 ft., one target. Hit: 1 piercing damage, and the target must succeed on a DC 10 Constitution saving throw or become poisoned for 1 minute. If its saving throw result is 5 or lower, the poisoned target falls unconscious for the same duration, or until it takes damage or another creature takes an action to shake it awake.', 6, NULL, 1, 'Action'); 
INSERT INTO Action(creatureId, name, description, attackBonus, damageDice, damageBonus, actionCategory) VALUES(264, 'Heart Sight', 'The sprite touches a creature and magically knows the creature''s current emotional state. If the target fails a DC 10 Charisma saving throw, the sprite also knows the creature''s alignment. Celestials, fiends, and undead automatically fail the saving throw.', 0, NULL, NULL, 'Action'); 
INSERT INTO Action(creatureId, name, description, attackBonus, damageDice, damageBonus, actionCategory) VALUES(264, 'Invisibility', 'The sprite magically turns invisible until it attacks or casts a spell, or until its concentration ends (as if concentrating on a spell). Any equipment the sprite wears or carries is invisible with it.', 0, NULL, NULL, 'Action'); 
INSERT INTO Creature VALUES(265, 'Spy', 'Medium', 'humanoid', 'any race', 'any alignment', 10, 15, 10, 12, 14, 16, '1', 0); 
INSERT INTO Speed(creatureId, name) VALUES(265, '30 ft.'); 
INSERT INTO Skill (creatureId, name, modifier) VALUES(265, 'deception', 5); 
INSERT INTO Skill (creatureId, name, modifier) VALUES(265, 'insight', 4); 
INSERT INTO Skill (creatureId, name, modifier) VALUES(265, 'investigation', 5); 
INSERT INTO Skill (creatureId, name, modifier) VALUES(265, 'perception', 6); 
INSERT INTO Skill (creatureId, name, modifier) VALUES(265, 'persuasion', 5); 
INSERT INTO Skill (creatureId, name, modifier) VALUES(265, 'stealth', 4); 
INSERT INTO Sense(creatureId, description) VALUES(265, 'passive Perception 16'); 
INSERT INTO Language(creatureId, name) VALUES(265, 'any two languages'); 
INSERT INTO ArmorClass(creatureId, value) VALUES(265, 12); 
INSERT INTO HitPoint(creatureId, value, hitDice) VALUES(265, 27, '6d8'); 
INSERT INTO Action(creatureId, name, description, attackBonus, damageDice, damageBonus, actionCategory) VALUES(265, 'Cunning Action', 'On each of its turns, the spy can use a bonus action to take the Dash, Disengage, or Hide action.', 0, NULL, NULL, 'SpecialAbility'); 
INSERT INTO Action(creatureId, name, description, attackBonus, damageDice, damageBonus, actionCategory) VALUES(265, 'Sneak Attack (1/Turn)', 'The spy deals an extra 7 (2d6) damage when it hits a target with a weapon attack and has advantage on the attack roll, or when the target is within 5 ft. of an ally of the spy that isn''t incapacitated and the spy doesn''t have disadvantage on the attack roll.', 0, '2d6', NULL, 'SpecialAbility'); 
INSERT INTO Action(creatureId, name, description, attackBonus, damageDice, damageBonus, actionCategory) VALUES(265, 'Multiattack', 'The spy makes two melee attacks.', 0, NULL, NULL, 'Action'); 
INSERT INTO Action(creatureId, name, description, attackBonus, damageDice, damageBonus, actionCategory) VALUES(265, 'Shortsword', 'Melee Weapon Attack: +4 to hit, reach 5 ft., one target. Hit: 5 (1d6 + 2) piercing damage.', 4, '1d6', 2, 'Action'); 
INSERT INTO Action(creatureId, name, description, attackBonus, damageDice, damageBonus, actionCategory) VALUES(265, 'Hand Crossbow', 'Ranged Weapon Attack: +4 to hit, range 30/120 ft., one target. Hit: 5 (1d6 + 2) piercing damage.', 4, '1d6', 2, 'Action'); 
INSERT INTO Creature VALUES(266, 'Steam Mephit', 'Small', 'elemental', NULL, 'neutral evil', 5, 11, 10, 11, 10, 12, '1/4', 0); 
INSERT INTO Speed(creatureId, name) VALUES(266, '30 ft.'); 
INSERT INTO Speed(creatureId, name) VALUES(266, ' fly 30 ft.'); 
INSERT INTO DamageImmunity(creatureId, name) VALUES(266, 'fire, poison'); 
INSERT INTO ConditionImmunity(creatureId, name) VALUES(266, 'poisoned'); 
INSERT INTO Sense(creatureId, description) VALUES(266, 'darkvision 60 ft.'); 
INSERT INTO Sense(creatureId, description) VALUES(266, ' passive Perception 10'); 
INSERT INTO Language(creatureId, name) VALUES(266, 'Aquan'); 
INSERT INTO Language(creatureId, name) VALUES(266, ' Ignan'); 
INSERT INTO ArmorClass(creatureId, value) VALUES(266, 10); 
INSERT INTO HitPoint(creatureId, value, hitDice) VALUES(266, 21, '6d6'); 
INSERT INTO Action(creatureId, name, description, attackBonus, damageDice, damageBonus, actionCategory) VALUES(266, 'Death Burst', 'When the mephit dies, it explodes in a cloud of steam. Each creature within 5 ft. of the mephit must succeed on a DC 10 Dexterity saving throw or take 4 (1d8) fire damage.', 0, '1d8', NULL, 'SpecialAbility'); 
INSERT INTO Action(creatureId, name, description, attackBonus, damageDice, damageBonus, actionCategory) VALUES(266, 'Innate Spellcasting (1/Day)', 'The mephit can innately cast blur, requiring no material components. Its innate spellcasting ability is Charisma.', 0, NULL, NULL, 'SpecialAbility'); 
INSERT INTO Action(creatureId, name, description, attackBonus, damageDice, damageBonus, actionCategory) VALUES(266, 'Claws', 'Melee Weapon Attack: +2 to hit, reach 5 ft., one creature. Hit: 2 (1d4) slashing damage plus 2 (1d4) fire damage.', 2, '2d4', NULL, 'Action'); 
INSERT INTO Action(creatureId, name, description, attackBonus, damageDice, damageBonus, actionCategory) VALUES(266, 'Steam Breath (Recharge 6)', 'The mephit exhales a 15-foot cone of scalding steam. Each creature in that area must succeed on a DC 10 Dexterity saving throw, taking 4 (1d8) fire damage on a failed save, or half as much damage on a successful one.', 0, NULL, NULL, 'Action'); 
INSERT INTO Action(creatureId, name, description, attackBonus, damageDice, damageBonus, actionCategory) VALUES(266, 'Variant: Summon Mephits (1/Day)', 'The mephit has a 25 percent chance of summoning 1d4 mephits of its kind. A summoned mephit appears in an unoccupied space within 60 feet of its summoner, acts as an ally of its summoner, and can''t summon other mephits. It remains for 1 minute, until it or its summoner dies, or until its summoner dismisses it as an action.', 0, NULL, NULL, 'Action'); 
INSERT INTO Creature VALUES(267, 'Stirge', 'Tiny', 'beast', NULL, 'unaligned', 4, 16, 11, 2, 8, 6, '1/8', 0); 
INSERT INTO Speed(creatureId, name) VALUES(267, '10 ft.'); 
INSERT INTO Speed(creatureId, name) VALUES(267, ' fly 40 ft.'); 
INSERT INTO Sense(creatureId, description) VALUES(267, 'darkvision 60 ft.'); 
INSERT INTO Sense(creatureId, description) VALUES(267, ' passive Perception 9'); 
INSERT INTO Language(creatureId, name) VALUES(267, ''); 
INSERT INTO ArmorClass(creatureId, value) VALUES(267, 14); 
INSERT INTO HitPoint(creatureId, value, hitDice) VALUES(267, 2, '1d4'); 
INSERT INTO Action(creatureId, name, description, attackBonus, damageDice, damageBonus, actionCategory) VALUES(267, 'Blood Drain', 'Melee Weapon Attack: +5 to hit, reach 5 ft., one creature. Hit: 5 (1d4 + 3) piercing damage, and the stirge attaches to the target. While attached, the stirge doesn''t attack. Instead, at the start of each of the stirge''s turns, the target loses 5 (1d4 + 3) hit points due to blood loss.
The stirge can detach itself by spending 5 feet of its movement. It does so after it drains 10 hit points of blood from the target or the target dies. A creature, including the target, can use its action to detach the stirge.', 5, '1d4', 3, 'Action'); 
INSERT INTO Creature VALUES(268, 'Stone Giant', 'Huge', 'giant', NULL, 'neutral', 23, 15, 20, 10, 12, 9, '7', 0); 
INSERT INTO Speed(creatureId, name) VALUES(268, '40 ft.'); 
INSERT INTO SavingThrow (creatureId, name, modifier) VALUES(268, 'dexterity_save', 5); 
INSERT INTO SavingThrow (creatureId, name, modifier) VALUES(268, 'constitution_save', 8); 
INSERT INTO SavingThrow (creatureId, name, modifier) VALUES(268, 'wisdom_save', 4); 
INSERT INTO Skill (creatureId, name, modifier) VALUES(268, 'athletics', 12); 
INSERT INTO Skill (creatureId, name, modifier) VALUES(268, 'perception', 4); 
INSERT INTO Sense(creatureId, description) VALUES(268, 'darkvision 60 ft.'); 
INSERT INTO Sense(creatureId, description) VALUES(268, ' passive Perception 14'); 
INSERT INTO Language(creatureId, name) VALUES(268, 'Giant'); 
INSERT INTO ArmorClass(creatureId, value) VALUES(268, 17); 
INSERT INTO HitPoint(creatureId, value, hitDice) VALUES(268, 126, '11d12'); 
INSERT INTO Action(creatureId, name, description, attackBonus, damageDice, damageBonus, actionCategory) VALUES(268, 'Stone Camouflage', 'The giant has advantage on Dexterity (Stealth) checks made to hide in rocky terrain.', 0, NULL, NULL, 'SpecialAbility'); 
INSERT INTO Action(creatureId, name, description, attackBonus, damageDice, damageBonus, actionCategory) VALUES(268, 'Multiattack', 'The giant makes two greatclub attacks.', 0, NULL, NULL, 'Action'); 
INSERT INTO Action(creatureId, name, description, attackBonus, damageDice, damageBonus, actionCategory) VALUES(268, 'Greatclub', 'Melee Weapon Attack: +9 to hit, reach 15 ft., one target. Hit: 19 (3d8 + 6) bludgeoning damage.', 9, '3d8', 6, 'Action'); 
INSERT INTO Action(creatureId, name, description, attackBonus, damageDice, damageBonus, actionCategory) VALUES(268, 'Rock', 'Ranged Weapon Attack: +9 to hit, range 60/240 ft., one target. Hit: 28 (4d10 + 6) bludgeoning damage. If the target is a creature, it must succeed on a DC 17 Strength saving throw or be knocked prone.', 9, '4d10', 6, 'Action'); 
INSERT INTO Action(creatureId, name, description, attackBonus, damageDice, damageBonus, actionCategory) VALUES(268, 'Rock Catching', 'If a rock or similar object is hurled at the giant, the giant can, with a successful DC 10 Dexterity saving throw, catch the missile and take no bludgeoning damage from it.', 0, NULL, NULL, 'Reaction'); 
INSERT INTO Creature VALUES(269, 'Stone Golem', 'Large', 'construct', NULL, 'unaligned', 22, 9, 20, 3, 11, 1, '10', 0); 
INSERT INTO Speed(creatureId, name) VALUES(269, '30 ft.'); 
INSERT INTO DamageImmunity(creatureId, name) VALUES(269, 'poison, psychic; bludgeoning, piercing, and slashing from nonmagical weapons that aren''t adamantine'); 
INSERT INTO ConditionImmunity(creatureId, name) VALUES(269, 'charmed, exhaustion, frightened, paralyzed, petrified, poisoned'); 
INSERT INTO Sense(creatureId, description) VALUES(269, 'darkvision 120 ft.'); 
INSERT INTO Sense(creatureId, description) VALUES(269, ' passive Perception 10'); 
INSERT INTO Language(creatureId, name) VALUES(269, 'understands the languages of its creator but can''t speak'); 
INSERT INTO ArmorClass(creatureId, value) VALUES(269, 17); 
INSERT INTO HitPoint(creatureId, value, hitDice) VALUES(269, 178, '17d10'); 
INSERT INTO Action(creatureId, name, description, attackBonus, damageDice, damageBonus, actionCategory) VALUES(269, 'Immutable Form', 'The golem is immune to any spell or effect that would alter its form.', 0, NULL, NULL, 'SpecialAbility'); 
INSERT INTO Action(creatureId, name, description, attackBonus, damageDice, damageBonus, actionCategory) VALUES(269, 'Magic Resistance', 'The golem has advantage on saving throws against spells and other magical effects.', 0, NULL, NULL, 'SpecialAbility'); 
INSERT INTO Action(creatureId, name, description, attackBonus, damageDice, damageBonus, actionCategory) VALUES(269, 'Magic Weapons', 'The golem''s weapon attacks are magical.', 0, NULL, NULL, 'SpecialAbility'); 
INSERT INTO Action(creatureId, name, description, attackBonus, damageDice, damageBonus, actionCategory) VALUES(269, 'Multiattack', 'The golem makes two slam attacks.', 0, NULL, NULL, 'Action'); 
INSERT INTO Action(creatureId, name, description, attackBonus, damageDice, damageBonus, actionCategory) VALUES(269, 'Slam', 'Melee Weapon Attack: +10 to hit, reach 5 ft., one target. Hit: 19 (3d8 + 6) bludgeoning damage.', 10, '3d8', 6, 'Action'); 
INSERT INTO Action(creatureId, name, description, attackBonus, damageDice, damageBonus, actionCategory) VALUES(269, 'Slow (Recharge 5-6)', 'The golem targets one or more creatures it can see within 10 ft. of it. Each target must make a DC 17 Wisdom saving throw against this magic. On a failed save, a target can''t use reactions, its speed is halved, and it can''t make more than one attack on its turn. In addition, the target can take either an action or a bonus action on its turn, not both. These effects last for 1 minute. A target can repeat the saving throw at the end of each of its turns, ending the effect on itself on a success.', 0, NULL, NULL, 'Action'); 
INSERT INTO Creature VALUES(270, 'Storm Giant', 'Huge', 'giant', NULL, 'chaotic good', 29, 14, 20, 16, 18, 18, '13', 0); 
INSERT INTO Speed(creatureId, name) VALUES(270, '50 ft.'); 
INSERT INTO Speed(creatureId, name) VALUES(270, ' swim 50 ft.'); 
INSERT INTO SavingThrow (creatureId, name, modifier) VALUES(270, 'strength_save', 14); 
INSERT INTO SavingThrow (creatureId, name, modifier) VALUES(270, 'constitution_save', 10); 
INSERT INTO SavingThrow (creatureId, name, modifier) VALUES(270, 'wisdom_save', 9); 
INSERT INTO SavingThrow (creatureId, name, modifier) VALUES(270, 'charisma_save', 9); 
INSERT INTO Skill (creatureId, name, modifier) VALUES(270, 'arcana', 8); 
INSERT INTO Skill (creatureId, name, modifier) VALUES(270, 'athletics', 14); 
INSERT INTO Skill (creatureId, name, modifier) VALUES(270, 'history', 8); 
INSERT INTO Skill (creatureId, name, modifier) VALUES(270, 'perception', 9); 
INSERT INTO DamageResistance(creatureId, name) VALUES(270, 'cold'); 
INSERT INTO DamageImmunity(creatureId, name) VALUES(270, 'lightning, thunder'); 
INSERT INTO Sense(creatureId, description) VALUES(270, 'passive Perception 19'); 
INSERT INTO Language(creatureId, name) VALUES(270, 'Common'); 
INSERT INTO Language(creatureId, name) VALUES(270, ' Giant'); 
INSERT INTO ArmorClass(creatureId, value) VALUES(270, 16); 
INSERT INTO HitPoint(creatureId, value, hitDice) VALUES(270, 230, '20d12'); 
INSERT INTO Action(creatureId, name, description, attackBonus, damageDice, damageBonus, actionCategory) VALUES(270, 'Amphibious', 'The giant can breathe air and water.', 0, NULL, NULL, 'SpecialAbility'); 
INSERT INTO Action(creatureId, name, description, attackBonus, damageDice, damageBonus, actionCategory) VALUES(270, 'Innate Spellcasting', 'The giant''s innate spellcasting ability is Charisma (spell save DC 17). It can innately cast the following spells, requiring no material components:

At will: detect magic, feather fall, levitate, light
3/day each: control weather, water breathing', 0, NULL, NULL, 'SpecialAbility'); 
INSERT INTO Action(creatureId, name, description, attackBonus, damageDice, damageBonus, actionCategory) VALUES(270, 'Multiattack', 'The giant makes two greatsword attacks.', 0, NULL, NULL, 'Action'); 
INSERT INTO Action(creatureId, name, description, attackBonus, damageDice, damageBonus, actionCategory) VALUES(270, 'Greatsword', 'Melee Weapon Attack: +14 to hit, reach 10 ft., one target. Hit: 30 (6d6 + 9) slashing damage.', 14, '6d6', 9, 'Action'); 
INSERT INTO Action(creatureId, name, description, attackBonus, damageDice, damageBonus, actionCategory) VALUES(270, 'Rock', 'Ranged Weapon Attack: +14 to hit, range 60/240 ft., one target. Hit: 35 (4d12 + 9) bludgeoning damage.', 14, '4d12', 9, 'Action'); 
INSERT INTO Action(creatureId, name, description, attackBonus, damageDice, damageBonus, actionCategory) VALUES(270, 'Lightning Strike (Recharge 5-6)', 'The giant hurls a magical lightning bolt at a point it can see within 500 feet of it. Each creature within 10 feet of that point must make a DC 17 Dexterity saving throw, taking 54 (12d8) lightning damage on a failed save, or half as much damage on a successful one.', 0, '12d8', NULL, 'Action'); 
INSERT INTO Creature VALUES(271, 'Succubus/Incubus', 'Medium', 'fiend', 'shapechanger', 'neutral evil', 8, 17, 13, 15, 12, 20, '4', 0); 
INSERT INTO Speed(creatureId, name) VALUES(271, '30 ft.'); 
INSERT INTO Speed(creatureId, name) VALUES(271, ' fly 60 ft.'); 
INSERT INTO Skill (creatureId, name, modifier) VALUES(271, 'deception', 9); 
INSERT INTO Skill (creatureId, name, modifier) VALUES(271, 'insight', 5); 
INSERT INTO Skill (creatureId, name, modifier) VALUES(271, 'perception', 5); 
INSERT INTO Skill (creatureId, name, modifier) VALUES(271, 'persuasion', 9); 
INSERT INTO Skill (creatureId, name, modifier) VALUES(271, 'stealth', 7); 
INSERT INTO DamageResistance(creatureId, name) VALUES(271, 'cold, fire, lightning, poison; bludgeoning, piercing, and slashing from nonmagical weapons'); 
INSERT INTO Sense(creatureId, description) VALUES(271, 'darkvision 60 ft.'); 
INSERT INTO Sense(creatureId, description) VALUES(271, ' passive Perception 15'); 
INSERT INTO Language(creatureId, name) VALUES(271, 'Abyssal'); 
INSERT INTO Language(creatureId, name) VALUES(271, ' Common'); 
INSERT INTO Language(creatureId, name) VALUES(271, ' Infernal'); 
INSERT INTO Language(creatureId, name) VALUES(271, ' telepathy 60 ft.'); 
INSERT INTO ArmorClass(creatureId, value) VALUES(271, 15); 
INSERT INTO HitPoint(creatureId, value, hitDice) VALUES(271, 66, '12d8'); 
INSERT INTO Action(creatureId, name, description, attackBonus, damageDice, damageBonus, actionCategory) VALUES(271, 'Telepathic Bond', 'The fiend ignores the range restriction on its telepathy when communicating with a creature it has charmed. The two don''t even need to be on the same plane of existence.', 0, NULL, NULL, 'SpecialAbility'); 
INSERT INTO Action(creatureId, name, description, attackBonus, damageDice, damageBonus, actionCategory) VALUES(271, 'Shapechanger', 'The fiend can use its action to polymorph into a Small or Medium humanoid, or back into its true form. Without wings, the fiend loses its flying speed. Other than its size and speed, its statistics are the same in each form. Any equipment it is wearing or carrying isn''t transformed. It reverts to its true form if it dies.', 0, NULL, NULL, 'SpecialAbility'); 
INSERT INTO Action(creatureId, name, description, attackBonus, damageDice, damageBonus, actionCategory) VALUES(271, 'Claw (Fiend Form Only)', 'Melee Weapon Attack: +5 to hit, reach 5 ft., one target. Hit: 6 (1d6 + 3) slashing damage.', 5, '1d6', 3, 'Action'); 
INSERT INTO Action(creatureId, name, description, attackBonus, damageDice, damageBonus, actionCategory) VALUES(271, 'Charm', 'One humanoid the fiend can see within 30 feet of it must succeed on a DC 15 Wisdom saving throw or be magically charmed for 1 day. The charmed target obeys the fiend''s verbal or telepathic commands. If the target suffers any harm or receives a suicidal command, it can repeat the saving throw, ending the effect on a success. If the target successfully saves against the effect, or if the effect on it ends, the target is immune to this fiend''s Charm for the next 24 hours.
The fiend can have only one target charmed at a time. If it charms another, the effect on the previous target ends.', 0, NULL, NULL, 'Action'); 
INSERT INTO Action(creatureId, name, description, attackBonus, damageDice, damageBonus, actionCategory) VALUES(271, 'Draining Kiss', 'The fiend kisses a creature charmed by it or a willing creature. The target must make a DC 15 Constitution saving throw against this magic, taking 32 (5d10 + 5) psychic damage on a failed save, or half as much damage on a successful one. The target''s hit point maximum is reduced by an amount equal to the damage taken. This reduction lasts until the target finishes a long rest. The target dies if this effect reduces its hit point maximum to 0.', 0, '5d10', 5, 'Action'); 
INSERT INTO Action(creatureId, name, description, attackBonus, damageDice, damageBonus, actionCategory) VALUES(271, 'Etherealness', 'The fiend magically enters the Ethereal Plane from the Material Plane, or vice versa.', 0, NULL, NULL, 'Action'); 
INSERT INTO Creature VALUES(272, 'Swarm of Bats', 'Medium', 'swarm of Tiny beasts', NULL, 'unaligned', 5, 15, 10, 2, 12, 4, '1/4', 0); 
INSERT INTO Speed(creatureId, name) VALUES(272, '0 ft.'); 
INSERT INTO Speed(creatureId, name) VALUES(272, ' fly 30 ft.'); 
INSERT INTO DamageResistance(creatureId, name) VALUES(272, 'bludgeoning, piercing, slashing'); 
INSERT INTO ConditionImmunity(creatureId, name) VALUES(272, 'charmed, frightened, grappled, paralyzed, petrified, prone, restrained, stunned'); 
INSERT INTO Sense(creatureId, description) VALUES(272, 'blindsight 60 ft.'); 
INSERT INTO Sense(creatureId, description) VALUES(272, ' passive Perception 11'); 
INSERT INTO Language(creatureId, name) VALUES(272, ''); 
INSERT INTO ArmorClass(creatureId, value) VALUES(272, 12); 
INSERT INTO HitPoint(creatureId, value, hitDice) VALUES(272, 22, '5d8'); 
INSERT INTO Action(creatureId, name, description, attackBonus, damageDice, damageBonus, actionCategory) VALUES(272, 'Echolocation', 'The swarm can''t use its blindsight while deafened.', 0, NULL, NULL, 'SpecialAbility'); 
INSERT INTO Action(creatureId, name, description, attackBonus, damageDice, damageBonus, actionCategory) VALUES(272, 'Keen Hearing', 'The swarm has advantage on Wisdom (Perception) checks that rely on hearing.', 0, NULL, NULL, 'SpecialAbility'); 
INSERT INTO Action(creatureId, name, description, attackBonus, damageDice, damageBonus, actionCategory) VALUES(272, 'Swarm', 'The swarm can occupy another creature''s space and vice versa, and the swarm can move through any opening large enough for a Tiny bat. The swarm can''t regain hit points or gain temporary hit points.', 0, NULL, NULL, 'SpecialAbility'); 
INSERT INTO Action(creatureId, name, description, attackBonus, damageDice, damageBonus, actionCategory) VALUES(272, 'Bites', 'Melee Weapon Attack: +4 to hit, reach 0 ft., one creature in the swarm''s space. Hit: 5 (2d4) piercing damage, or 2 (1d4) piercing damage if the swarm has half of its hit points or fewer.', 4, '2d4', NULL, 'Action'); 
INSERT INTO Creature VALUES(273, 'Swarm of Beetles', 'Medium', 'swarm of Tiny beasts', NULL, 'unaligned', 3, 13, 10, 1, 7, 1, '1/2', 0); 
INSERT INTO Speed(creatureId, name) VALUES(273, '20 ft.'); 
INSERT INTO Speed(creatureId, name) VALUES(273, ' burrow 5 ft.'); 
INSERT INTO Speed(creatureId, name) VALUES(273, ' climb 20 ft.'); 
INSERT INTO DamageResistance(creatureId, name) VALUES(273, 'bludgeoning, piercing, slashing'); 
INSERT INTO ConditionImmunity(creatureId, name) VALUES(273, 'charmed, frightened, grappled, paralyzed, petrified, prone, restrained, stunned'); 
INSERT INTO Sense(creatureId, description) VALUES(273, 'blindsight 10 ft.'); 
INSERT INTO Sense(creatureId, description) VALUES(273, ' passive Perception 8'); 
INSERT INTO Language(creatureId, name) VALUES(273, ''); 
INSERT INTO ArmorClass(creatureId, value) VALUES(273, 12); 
INSERT INTO HitPoint(creatureId, value, hitDice) VALUES(273, 22, '5d8'); 
INSERT INTO Action(creatureId, name, description, attackBonus, damageDice, damageBonus, actionCategory) VALUES(273, 'Swarm', 'The swarm can occupy another creature''s space and vice versa, and the swarm can move through any opening large enough for a Tiny insect. The swarm can''t regain hit points or gain temporary hit points.', 0, NULL, NULL, 'SpecialAbility'); 
INSERT INTO Action(creatureId, name, description, attackBonus, damageDice, damageBonus, actionCategory) VALUES(273, 'Bites', 'Melee Weapon Attack: +3 to hit, reach 0 ft., one target in the swarm''s space. Hit: 10 (4d4) piercing damage, or 5 (2d4) piercing damage if the swarm has half of its hit points or fewer.', 3, '4d4', NULL, 'Action'); 
INSERT INTO Creature VALUES(274, 'Swarm of Centipedes', 'Medium', 'swarm of Tiny beasts', NULL, 'unaligned', 3, 13, 10, 1, 7, 1, '1/2', 0); 
INSERT INTO Speed(creatureId, name) VALUES(274, '20 ft.'); 
INSERT INTO Speed(creatureId, name) VALUES(274, ' climb 20 ft.'); 
INSERT INTO DamageResistance(creatureId, name) VALUES(274, 'bludgeoning, piercing, slashing'); 
INSERT INTO ConditionImmunity(creatureId, name) VALUES(274, 'charmed, frightened, grappled, paralyzed, petrified, prone, restrained, stunned'); 
INSERT INTO Sense(creatureId, description) VALUES(274, 'blindsight 10 ft.'); 
INSERT INTO Sense(creatureId, description) VALUES(274, ' passive Perception 8'); 
INSERT INTO Language(creatureId, name) VALUES(274, ''); 
INSERT INTO ArmorClass(creatureId, value) VALUES(274, 12); 
INSERT INTO HitPoint(creatureId, value, hitDice) VALUES(274, 22, '5d8'); 
INSERT INTO Action(creatureId, name, description, attackBonus, damageDice, damageBonus, actionCategory) VALUES(274, 'Swarm', 'The swarm can occupy another creature''s space and vice versa, and the swarm can move through any opening large enough for a Tiny insect. The swarm can''t regain hit points or gain temporary hit points.', 0, NULL, NULL, 'SpecialAbility'); 
INSERT INTO Action(creatureId, name, description, attackBonus, damageDice, damageBonus, actionCategory) VALUES(274, 'Bites', 'Melee Weapon Attack: +3 to hit, reach 0 ft., one target in the swarm''s space. Hit: 10 (4d4) piercing damage, or 5 (2d4) piercing damage if the swarm has half of its hit points or fewer.
A creature reduced to 0 hit points by a swarm of centipedes is stable but poisoned for 1 hour, even after regaining hit points, and paralyzed while poisoned in this way.', 3, '4d4', NULL, 'Action'); 
INSERT INTO Creature VALUES(275, 'Swarm of Insects', 'Medium', 'swarm of Tiny beasts', NULL, 'unaligned', 3, 13, 10, 1, 7, 1, '1/2', 0); 
INSERT INTO Speed(creatureId, name) VALUES(275, '20 ft.'); 
INSERT INTO Speed(creatureId, name) VALUES(275, ' climb 20 ft.'); 
INSERT INTO DamageResistance(creatureId, name) VALUES(275, 'bludgeoning, piercing, slashing'); 
INSERT INTO ConditionImmunity(creatureId, name) VALUES(275, 'charmed, frightened, grappled, paralyzed, petrified, prone, restrained, stunned'); 
INSERT INTO Sense(creatureId, description) VALUES(275, 'blindsight 10 ft.'); 
INSERT INTO Sense(creatureId, description) VALUES(275, ' passive Perception 8'); 
INSERT INTO Language(creatureId, name) VALUES(275, ''); 
INSERT INTO ArmorClass(creatureId, value) VALUES(275, 12); 
INSERT INTO HitPoint(creatureId, value, hitDice) VALUES(275, 22, '5d8'); 
INSERT INTO Action(creatureId, name, description, attackBonus, damageDice, damageBonus, actionCategory) VALUES(275, 'Swarm', 'The swarm can occupy another creature''s space and vice versa, and the swarm can move through any opening large enough for a Tiny insect. The swarm can''t regain hit points or gain temporary hit points.', 0, NULL, NULL, 'SpecialAbility'); 
INSERT INTO Action(creatureId, name, description, attackBonus, damageDice, damageBonus, actionCategory) VALUES(275, 'Bites', 'Melee Weapon Attack: +3 to hit, reach 0 ft., one target in the swarm''s space. Hit: 10 (4d4) piercing damage, or 5 (2d4) piercing damage if the swarm has half of its hit points or fewer.', 3, '4d4', NULL, 'Action'); 
INSERT INTO Creature VALUES(276, 'Swarm of Poisonous Snakes', 'Medium', 'swarm of Tiny beasts', NULL, 'unaligned', 8, 18, 11, 1, 10, 3, '2', 0); 
INSERT INTO Speed(creatureId, name) VALUES(276, '30 ft.'); 
INSERT INTO Speed(creatureId, name) VALUES(276, ' swim 30 ft.'); 
INSERT INTO DamageResistance(creatureId, name) VALUES(276, 'bludgeoning, piercing, slashing'); 
INSERT INTO ConditionImmunity(creatureId, name) VALUES(276, 'charmed, frightened, grappled, paralyzed, petrified, prone, restrained, stunned'); 
INSERT INTO Sense(creatureId, description) VALUES(276, 'blindsight 10 ft.'); 
INSERT INTO Sense(creatureId, description) VALUES(276, ' passive Perception 10'); 
INSERT INTO Language(creatureId, name) VALUES(276, ''); 
INSERT INTO ArmorClass(creatureId, value) VALUES(276, 14); 
INSERT INTO HitPoint(creatureId, value, hitDice) VALUES(276, 36, '8d8'); 
INSERT INTO Action(creatureId, name, description, attackBonus, damageDice, damageBonus, actionCategory) VALUES(276, 'Swarm', 'The swarm can occupy another creature''s space and vice versa, and the swarm can move through any opening large enough for a Tiny snake. The swarm can''t regain hit points or gain temporary hit points.', 0, NULL, NULL, 'SpecialAbility'); 
INSERT INTO Action(creatureId, name, description, attackBonus, damageDice, damageBonus, actionCategory) VALUES(276, 'Bites', 'Melee Weapon Attack: +6 to hit, reach 0 ft., one creature in the swarm''s space. Hit: 7 (2d6) piercing damage, or 3 (1d6) piercing damage if the swarm has half of its hit points or fewer. The target must make a DC 10 Constitution saving throw, taking 14 (4d6) poison damage on a failed save, or half as much damage on a successful one.', 6, '2d6', NULL, 'Action'); 
INSERT INTO Creature VALUES(277, 'Swarm of Quippers', 'Medium', 'swarm of Tiny beasts', NULL, 'unaligned', 13, 16, 9, 1, 7, 2, '1', 0); 
INSERT INTO Speed(creatureId, name) VALUES(277, '0 ft.'); 
INSERT INTO Speed(creatureId, name) VALUES(277, ' swim 40 ft.'); 
INSERT INTO DamageResistance(creatureId, name) VALUES(277, 'bludgeoning, piercing, slashing'); 
INSERT INTO ConditionImmunity(creatureId, name) VALUES(277, 'charmed, frightened, grappled, paralyzed, petrified, prone, restrained, stunned'); 
INSERT INTO Sense(creatureId, description) VALUES(277, 'darkvision 60 ft.'); 
INSERT INTO Sense(creatureId, description) VALUES(277, ' passive Perception 8'); 
INSERT INTO Language(creatureId, name) VALUES(277, ''); 
INSERT INTO ArmorClass(creatureId, value) VALUES(277, 13); 
INSERT INTO HitPoint(creatureId, value, hitDice) VALUES(277, 28, '8d8'); 
INSERT INTO Action(creatureId, name, description, attackBonus, damageDice, damageBonus, actionCategory) VALUES(277, 'Blood Frenzy', 'The swarm has advantage on melee attack rolls against any creature that doesn''t have all its hit points.', 0, NULL, NULL, 'SpecialAbility'); 
INSERT INTO Action(creatureId, name, description, attackBonus, damageDice, damageBonus, actionCategory) VALUES(277, 'Swarm', 'The swarm can occupy another creature''s space and vice versa, and the swarm can move through any opening large enough for a Tiny quipper. The swarm can''t regain hit points or gain temporary hit points.', 0, NULL, NULL, 'SpecialAbility'); 
INSERT INTO Action(creatureId, name, description, attackBonus, damageDice, damageBonus, actionCategory) VALUES(277, 'Water Breathing', 'The swarm can breathe only underwater.', 0, NULL, NULL, 'SpecialAbility'); 
INSERT INTO Action(creatureId, name, description, attackBonus, damageDice, damageBonus, actionCategory) VALUES(277, 'Bites', 'Melee Weapon Attack: +5 to hit, reach 0 ft., one creature in the swarm''s space. Hit: 14 (4d6) piercing damage, or 7 (2d6) piercing damage if the swarm has half of its hit points or fewer.', 5, '4d6', NULL, 'Action'); 
INSERT INTO Creature VALUES(278, 'Swarm of Rats', 'Medium', 'swarm of Tiny beasts', NULL, 'unaligned', 9, 11, 9, 2, 10, 3, '1/4', 0); 
INSERT INTO Speed(creatureId, name) VALUES(278, '30 ft.'); 
INSERT INTO DamageResistance(creatureId, name) VALUES(278, 'bludgeoning, piercing, slashing'); 
INSERT INTO ConditionImmunity(creatureId, name) VALUES(278, 'charmed, frightened, grappled, paralyzed, petrified, prone, restrained, stunned'); 
INSERT INTO Sense(creatureId, description) VALUES(278, 'darkvision 30 ft.'); 
INSERT INTO Sense(creatureId, description) VALUES(278, ' passive Perception 10'); 
INSERT INTO Language(creatureId, name) VALUES(278, ''); 
INSERT INTO ArmorClass(creatureId, value) VALUES(278, 10); 
INSERT INTO HitPoint(creatureId, value, hitDice) VALUES(278, 24, '7d8'); 
INSERT INTO Action(creatureId, name, description, attackBonus, damageDice, damageBonus, actionCategory) VALUES(278, 'Keen Smell', 'The swarm has advantage on Wisdom (Perception) checks that rely on smell.', 0, NULL, NULL, 'SpecialAbility'); 
INSERT INTO Action(creatureId, name, description, attackBonus, damageDice, damageBonus, actionCategory) VALUES(278, 'Swarm', 'The swarm can occupy another creature''s space and vice versa, and the swarm can move through any opening large enough for a Tiny rat. The swarm can''t regain hit points or gain temporary hit points.', 0, NULL, NULL, 'SpecialAbility'); 
INSERT INTO Action(creatureId, name, description, attackBonus, damageDice, damageBonus, actionCategory) VALUES(278, 'Bites', 'Melee Weapon Attack: +2 to hit, reach 0 ft., one target in the swarm''s space. Hit: 7 (2d6) piercing damage, or 3 (1d6) piercing damage if the swarm has half of its hit points or fewer.', 2, '2d6', NULL, 'Action'); 
INSERT INTO Creature VALUES(279, 'Swarm of Ravens', 'Medium', 'swarm of Tiny beasts', NULL, 'unaligned', 6, 14, 8, 3, 12, 6, '1/4', 0); 
INSERT INTO Speed(creatureId, name) VALUES(279, '10 ft.'); 
INSERT INTO Speed(creatureId, name) VALUES(279, ' fly 50 ft.'); 
INSERT INTO DamageResistance(creatureId, name) VALUES(279, 'bludgeoning, piercing, slashing'); 
INSERT INTO ConditionImmunity(creatureId, name) VALUES(279, 'charmed, frightened, grappled, paralyzed, petrified, prone, restrained, stunned'); 
INSERT INTO Sense(creatureId, description) VALUES(279, 'passive Perception 15'); 
INSERT INTO Language(creatureId, name) VALUES(279, ''); 
INSERT INTO ArmorClass(creatureId, value) VALUES(279, 12); 
INSERT INTO HitPoint(creatureId, value, hitDice) VALUES(279, 24, '7d8'); 
INSERT INTO Action(creatureId, name, description, attackBonus, damageDice, damageBonus, actionCategory) VALUES(279, 'Swarm', 'The swarm can occupy another creature''s space and vice versa, and the swarm can move through any opening large enough for a Tiny raven. The swarm can''t regain hit points or gain temporary hit points.', 0, NULL, NULL, 'SpecialAbility'); 
INSERT INTO Action(creatureId, name, description, attackBonus, damageDice, damageBonus, actionCategory) VALUES(279, 'Beaks', 'Melee Weapon Attack: +4 to hit, reach 5 ft., one target in the swarm''s space. Hit: 7 (2d6) piercing damage, or 3 (1d6) piercing damage if the swarm has half of its hit points or fewer.', 4, '2d6', NULL, 'Action'); 
INSERT INTO Creature VALUES(280, 'Swarm of Spiders', 'Medium', 'swarm of Tiny beasts', NULL, 'unaligned', 3, 13, 10, 1, 7, 1, '1/2', 0); 
INSERT INTO Speed(creatureId, name) VALUES(280, '20 ft.'); 
INSERT INTO Speed(creatureId, name) VALUES(280, ' climb 20 ft.'); 
INSERT INTO DamageResistance(creatureId, name) VALUES(280, 'bludgeoning, piercing, slashing'); 
INSERT INTO ConditionImmunity(creatureId, name) VALUES(280, 'charmed, frightened, paralyzed, petrified, prone, restrained, stunned'); 
INSERT INTO Sense(creatureId, description) VALUES(280, 'blindsight 10 ft.'); 
INSERT INTO Sense(creatureId, description) VALUES(280, ' passive Perception 8'); 
INSERT INTO Language(creatureId, name) VALUES(280, ''); 
INSERT INTO ArmorClass(creatureId, value) VALUES(280, 12); 
INSERT INTO HitPoint(creatureId, value, hitDice) VALUES(280, 22, '5d8'); 
INSERT INTO Action(creatureId, name, description, attackBonus, damageDice, damageBonus, actionCategory) VALUES(280, 'Swarm', 'The swarm can occupy another creature''s space and vice versa, and the swarm can move through any opening large enough for a Tiny insect. The swarm can''t regain hit points or gain temporary hit points.', 0, NULL, NULL, 'SpecialAbility'); 
INSERT INTO Action(creatureId, name, description, attackBonus, damageDice, damageBonus, actionCategory) VALUES(280, 'Spider Climb', 'The swarm can climb difficult surfaces, including upside down on ceilings, without needing to make an ability check.', 0, NULL, NULL, 'SpecialAbility'); 
INSERT INTO Action(creatureId, name, description, attackBonus, damageDice, damageBonus, actionCategory) VALUES(280, 'Web Sense', 'While in contact with a web, the swarm knows the exact location of any other creature in contact with the same web.', 0, NULL, NULL, 'SpecialAbility'); 
INSERT INTO Action(creatureId, name, description, attackBonus, damageDice, damageBonus, actionCategory) VALUES(280, 'Web Walker', 'The swarm ignores movement restrictions caused by webbing.', 0, NULL, NULL, 'SpecialAbility'); 
INSERT INTO Action(creatureId, name, description, attackBonus, damageDice, damageBonus, actionCategory) VALUES(280, 'Bites', 'Melee Weapon Attack: +3 to hit, reach 0 ft., one target in the swarm''s space. Hit: 10 (4d4) piercing damage, or 5 (2d4) piercing damage if the swarm has half of its hit points or fewer.', 3, '4d4', NULL, 'Action'); 
INSERT INTO Creature VALUES(281, 'Swarm of Wasps', 'Medium', 'swarm of Tiny beasts', NULL, 'unaligned', 3, 13, 10, 1, 7, 1, '1/2', 0); 
INSERT INTO Speed(creatureId, name) VALUES(281, '5 ft.'); 
INSERT INTO Speed(creatureId, name) VALUES(281, ' fly 30 ft.'); 
INSERT INTO DamageResistance(creatureId, name) VALUES(281, 'bludgeoning, piercing, slashing'); 
INSERT INTO ConditionImmunity(creatureId, name) VALUES(281, 'charmed, frightened, grappled, paralyzed, petrified, prone, restrained, stunned'); 
INSERT INTO Sense(creatureId, description) VALUES(281, 'blindsight 10 ft.'); 
INSERT INTO Sense(creatureId, description) VALUES(281, ' passive Perception 8'); 
INSERT INTO Language(creatureId, name) VALUES(281, ''); 
INSERT INTO ArmorClass(creatureId, value) VALUES(281, 12); 
INSERT INTO HitPoint(creatureId, value, hitDice) VALUES(281, 22, '5d8'); 
INSERT INTO Action(creatureId, name, description, attackBonus, damageDice, damageBonus, actionCategory) VALUES(281, 'Swarm', 'The swarm can occupy another creature''s space and vice versa, and the swarm can move through any opening large enough for a Tiny insect. The swarm can''t regain hit points or gain temporary hit points.', 0, NULL, NULL, 'SpecialAbility'); 
INSERT INTO Action(creatureId, name, description, attackBonus, damageDice, damageBonus, actionCategory) VALUES(281, 'Bites', 'Melee Weapon Attack: +3 to hit, reach 0 ft., one target in the swarm''s space. Hit: 10 (4d4) piercing damage, or 5 (2d4) piercing damage if the swarm has half of its hit points or fewer.', 3, '4d4', NULL, 'Action'); 
INSERT INTO Creature VALUES(282, 'Tarrasque', 'Gargantuan', 'monstrosity', 'titan', 'unaligned', 30, 11, 30, 3, 11, 11, '30', 0); 
INSERT INTO Speed(creatureId, name) VALUES(282, '40 ft.'); 
INSERT INTO SavingThrow (creatureId, name, modifier) VALUES(282, 'intelligence_save', 5); 
INSERT INTO SavingThrow (creatureId, name, modifier) VALUES(282, 'wisdom_save', 9); 
INSERT INTO SavingThrow (creatureId, name, modifier) VALUES(282, 'charisma_save', 9); 
INSERT INTO DamageImmunity(creatureId, name) VALUES(282, 'fire, poison; bludgeoning, piercing, and slashing from nonmagical weapons'); 
INSERT INTO ConditionImmunity(creatureId, name) VALUES(282, 'charmed, frightened, paralyzed, poisoned'); 
INSERT INTO Sense(creatureId, description) VALUES(282, 'blindsight 120 ft.'); 
INSERT INTO Sense(creatureId, description) VALUES(282, ' passive Perception 10'); 
INSERT INTO Language(creatureId, name) VALUES(282, ''); 
INSERT INTO ArmorClass(creatureId, value) VALUES(282, 25); 
INSERT INTO HitPoint(creatureId, value, hitDice) VALUES(282, 676, '33d20'); 
INSERT INTO Action(creatureId, name, description, attackBonus, damageDice, damageBonus, actionCategory) VALUES(282, 'Legendary Resistance (3/Day)', 'If the tarrasque fails a saving throw, it can choose to succeed instead.', 0, NULL, NULL, 'SpecialAbility'); 
INSERT INTO Action(creatureId, name, description, attackBonus, damageDice, damageBonus, actionCategory) VALUES(282, 'Magic Resistance', 'The tarrasque has advantage on saving throws against spells and other magical effects.', 0, NULL, NULL, 'SpecialAbility'); 
INSERT INTO Action(creatureId, name, description, attackBonus, damageDice, damageBonus, actionCategory) VALUES(282, 'Reflective Carapace', 'Any time the tarrasque is targeted by a magic missile spell, a line spell, or a spell that requires a ranged attack roll, roll a d6. On a 1 to 5, the tarrasque is unaffected. On a 6, the tarrasque is unaffected, and the effect is reflected back at the caster as though it originated from the tarrasque, turning the caster into the target.', 0, NULL, NULL, 'SpecialAbility'); 
INSERT INTO Action(creatureId, name, description, attackBonus, damageDice, damageBonus, actionCategory) VALUES(282, 'Siege Monster', 'The tarrasque deals double damage to objects and structures.', 0, NULL, NULL, 'SpecialAbility'); 
INSERT INTO Action(creatureId, name, description, attackBonus, damageDice, damageBonus, actionCategory) VALUES(282, 'Multiattack', 'The tarrasque can use its Frightful Presence. It then makes five attacks: one with its bite, two with its claws, one with its horns, and one with its tai l. It can use its Swallow instead of its bite.', 0, NULL, NULL, 'Action'); 
INSERT INTO Action(creatureId, name, description, attackBonus, damageDice, damageBonus, actionCategory) VALUES(282, 'Bite', 'Melee Weapon Attack: +19 to hit, reach 10 ft., one target. Hit: 36 (4d12 + 10) piercing damage. If the target is a creature, it is grappled (escape DC 20). Until this grapple ends, the target is restrained, and the tarrasque can''t bite another target.', 19, '4d12', 10, 'Action'); 
INSERT INTO Action(creatureId, name, description, attackBonus, damageDice, damageBonus, actionCategory) VALUES(282, 'Claw', 'Melee Weapon Attack: +19 to hit, reach 15 ft., one target. Hit: 28 (4d8 + 10) slashing damage.', 19, '4d8', 10, 'Action'); 
INSERT INTO Action(creatureId, name, description, attackBonus, damageDice, damageBonus, actionCategory) VALUES(282, 'Horns', 'Melee Weapon Attack: +19 to hit, reach 10 ft., one target. Hit: 32 (4d10 + 10) piercing damage.', 19, '4d10', 10, 'Action'); 
INSERT INTO Action(creatureId, name, description, attackBonus, damageDice, damageBonus, actionCategory) VALUES(282, 'Tail', 'Melee Weapon Attack: +19 to hit, reach 20 ft., one target. Hit: 24 (4d6 + 10) bludgeoning damage. If the target is a creature, it must succeed on a DC 20 Strength saving throw or be knocked prone.', 19, '4d6', 10, 'Action'); 
INSERT INTO Action(creatureId, name, description, attackBonus, damageDice, damageBonus, actionCategory) VALUES(282, 'Frightful Presence', 'Each creature of the tarrasque''s choice within 120 feet of it and aware of it must succeed on a DC 17 Wisdom saving throw or become frightened for 1 minute. A creature can repeat the saving throw at the end of each of its turns, with disadvantage if the tarrasque is within line of sight, ending the effect on itself on a success. If a creature''s saving throw is successful or the effect ends for it, the creature is immune to the tarrasque''s Frightful Presence for the next 24 hours.', 0, NULL, NULL, 'Action'); 
INSERT INTO Action(creatureId, name, description, attackBonus, damageDice, damageBonus, actionCategory) VALUES(282, 'Swallow', 'The tarrasque makes one bite attack against a Large or smaller creature it is grappling. If the attack hits, the target takes the bite''s damage, the target is swallowed, and the grapple ends. While swallowed, the creature is blinded and restrained, it has total cover against attacks and other effects outside the tarrasque, and it takes 56 (16d6) acid damage at the start of each of the tarrasque''s turns.
If the tarrasque takes 60 damage or more on a single turn from a creature inside it, the tarrasque must succeed on a DC 20 Constitution saving throw at the end of that turn or regurgitate all swallowed creatures, which fall prone in a space within 10 feet of the tarrasque. If the tarrasque dies, a swallowed creature is no longer restrained by it and can escape from the corpse by using 30 feet of movement, exiting prone.', 0, NULL, NULL, 'Action'); 
INSERT INTO Action(creatureId, name, description, attackBonus, damageDice, damageBonus, actionCategory) VALUES(282, 'Attack', 'The tarrasque makes one claw attack or tail attack.', 0, NULL, NULL, 'LegendaryAction'); 
INSERT INTO Action(creatureId, name, description, attackBonus, damageDice, damageBonus, actionCategory) VALUES(282, 'Move', 'The tarrasque moves up to half its speed.', 0, NULL, NULL, 'LegendaryAction'); 
INSERT INTO Action(creatureId, name, description, attackBonus, damageDice, damageBonus, actionCategory) VALUES(282, 'Chomp (Costs 2 Actions)', 'The tarrasque makes one bite attack or uses its Swallow.', 0, NULL, NULL, 'LegendaryAction'); 
INSERT INTO Creature VALUES(283, 'Thug', 'Medium', 'humanoid', 'any race', 'any non-good alignment', 15, 11, 14, 10, 10, 11, '1/2', 0); 
INSERT INTO Speed(creatureId, name) VALUES(283, '30 ft.'); 
INSERT INTO Skill (creatureId, name, modifier) VALUES(283, 'intimidation', 2); 
INSERT INTO Sense(creatureId, description) VALUES(283, 'passive Perception 10'); 
INSERT INTO Language(creatureId, name) VALUES(283, 'any one language (usually Common)'); 
INSERT INTO ArmorClass(creatureId, value) VALUES(283, 11); 
INSERT INTO HitPoint(creatureId, value, hitDice) VALUES(283, 32, '5d8'); 
INSERT INTO Action(creatureId, name, description, attackBonus, damageDice, damageBonus, actionCategory) VALUES(283, 'Pack Tactics', 'The thug has advantage on an attack roll against a creature if at least one of the thug''s allies is within 5 ft. of the creature and the ally isn''t incapacitated.', 0, NULL, NULL, 'SpecialAbility'); 
INSERT INTO Action(creatureId, name, description, attackBonus, damageDice, damageBonus, actionCategory) VALUES(283, 'Multiattack', 'The thug makes two melee attacks.', 0, NULL, NULL, 'Action'); 
INSERT INTO Action(creatureId, name, description, attackBonus, damageDice, damageBonus, actionCategory) VALUES(283, 'Mace', 'Melee Weapon Attack: +4 to hit, reach 5 ft., one creature. Hit: 5 (1d6 + 2) bludgeoning damage.', 4, '1d6', 2, 'Action'); 
INSERT INTO Action(creatureId, name, description, attackBonus, damageDice, damageBonus, actionCategory) VALUES(283, 'Heavy Crossbow', 'Ranged Weapon Attack: +2 to hit, range 100/400 ft., one target. Hit: 5 (1d10) piercing damage.', 2, '1d10', NULL, 'Action'); 
INSERT INTO Creature VALUES(284, 'Tiger', 'Large', 'beast', NULL, 'unaligned', 17, 15, 14, 3, 12, 8, '1', 0); 
INSERT INTO Speed(creatureId, name) VALUES(284, '40 ft.'); 
INSERT INTO Skill (creatureId, name, modifier) VALUES(284, 'perception', 3); 
INSERT INTO Skill (creatureId, name, modifier) VALUES(284, 'stealth', 6); 
INSERT INTO Sense(creatureId, description) VALUES(284, 'darkvision 60 ft.'); 
INSERT INTO Sense(creatureId, description) VALUES(284, ' passive Perception 13'); 
INSERT INTO Language(creatureId, name) VALUES(284, ''); 
INSERT INTO ArmorClass(creatureId, value) VALUES(284, 12); 
INSERT INTO HitPoint(creatureId, value, hitDice) VALUES(284, 37, '5d10'); 
INSERT INTO Action(creatureId, name, description, attackBonus, damageDice, damageBonus, actionCategory) VALUES(284, 'Keen Smell', 'The tiger has advantage on Wisdom (Perception) checks that rely on smell.', 0, NULL, NULL, 'SpecialAbility'); 
INSERT INTO Action(creatureId, name, description, attackBonus, damageDice, damageBonus, actionCategory) VALUES(284, 'Pounce', 'If the tiger moves at least 20 ft. straight toward a creature and then hits it with a claw attack on the same turn, that target must succeed on a DC 13 Strength saving throw or be knocked prone. If the target is prone, the tiger can make one bite attack against it as a bonus action.', 0, NULL, NULL, 'SpecialAbility'); 
INSERT INTO Action(creatureId, name, description, attackBonus, damageDice, damageBonus, actionCategory) VALUES(284, 'Bite', 'Melee Weapon Attack: +5 to hit, reach 5 ft., one target. Hit: 8 (1d10 + 3) piercing damage.', 5, '1d10', 3, 'Action'); 
INSERT INTO Action(creatureId, name, description, attackBonus, damageDice, damageBonus, actionCategory) VALUES(284, 'Claw', 'Melee Weapon Attack: +5 to hit, reach 5 ft., one target. Hit: 7 (1d8 + 3) slashing damage.', 0, NULL, NULL, 'Action'); 
INSERT INTO Creature VALUES(285, 'Treant', 'Huge', 'plant', NULL, 'chaotic good', 23, 8, 21, 12, 16, 12, '9', 0); 
INSERT INTO Speed(creatureId, name) VALUES(285, '30 ft.'); 
INSERT INTO DamageVulnerability(creatureId, name) VALUES(285, 'fire'); 
INSERT INTO DamageResistance(creatureId, name) VALUES(285, 'bludgeoning, piercing'); 
INSERT INTO Sense(creatureId, description) VALUES(285, 'passive Perception 13'); 
INSERT INTO Language(creatureId, name) VALUES(285, 'Common'); 
INSERT INTO Language(creatureId, name) VALUES(285, ' Druidic'); 
INSERT INTO Language(creatureId, name) VALUES(285, ' Elvish'); 
INSERT INTO Language(creatureId, name) VALUES(285, ' Sylvan'); 
INSERT INTO ArmorClass(creatureId, value) VALUES(285, 16); 
INSERT INTO HitPoint(creatureId, value, hitDice) VALUES(285, 138, '12d12'); 
INSERT INTO Action(creatureId, name, description, attackBonus, damageDice, damageBonus, actionCategory) VALUES(285, 'False Appearance', 'While the treant remains motionless, it is indistinguishable from a normal tree.', 0, NULL, NULL, 'SpecialAbility'); 
INSERT INTO Action(creatureId, name, description, attackBonus, damageDice, damageBonus, actionCategory) VALUES(285, 'Siege Monster', 'The treant deals double damage to objects and structures.', 0, NULL, NULL, 'SpecialAbility'); 
INSERT INTO Action(creatureId, name, description, attackBonus, damageDice, damageBonus, actionCategory) VALUES(285, 'Multiattack', 'The treant makes two slam attacks.', 0, NULL, NULL, 'Action'); 
INSERT INTO Action(creatureId, name, description, attackBonus, damageDice, damageBonus, actionCategory) VALUES(285, 'Slam', 'Melee Weapon Attack: +10 to hit, reach 5 ft., one target. Hit: 16 (3d6 + 6) bludgeoning damage.', 10, '3d6', 6, 'Action'); 
INSERT INTO Action(creatureId, name, description, attackBonus, damageDice, damageBonus, actionCategory) VALUES(285, 'Rock', 'Ranged Weapon Attack: +10 to hit, range 60/180 ft., one target. Hit: 28 (4d10 + 6) bludgeoning damage.', 10, '4d10', 6, 'Action'); 
INSERT INTO Action(creatureId, name, description, attackBonus, damageDice, damageBonus, actionCategory) VALUES(285, 'Animate Trees (1/Day)', 'The treant magically animates one or two trees it can see within 60 feet of it. These trees have the same statistics as a treant, except they have Intelligence and Charisma scores of 1, they can''t speak, and they have only the Slam action option. An animated tree acts as an ally of the treant. The tree remains animate for 1 day or until it dies; until the treant dies or is more than 120 feet from the tree; or until the treant takes a bonus action to turn it back into an inanimate tree. The tree then takes root if possible.', 0, NULL, NULL, 'Action'); 
INSERT INTO Creature VALUES(286, 'Tribal Warrior', 'Medium', 'humanoid', 'any race', 'any alignment', 13, 11, 12, 8, 11, 8, '1/8', 0); 
INSERT INTO Speed(creatureId, name) VALUES(286, '30 ft.'); 
INSERT INTO Sense(creatureId, description) VALUES(286, 'passive Perception 10'); 
INSERT INTO Language(creatureId, name) VALUES(286, 'any one language'); 
INSERT INTO ArmorClass(creatureId, value) VALUES(286, 12); 
INSERT INTO HitPoint(creatureId, value, hitDice) VALUES(286, 11, '2d8'); 
INSERT INTO Action(creatureId, name, description, attackBonus, damageDice, damageBonus, actionCategory) VALUES(286, 'Pack Tactics', 'The warrior has advantage on an attack roll against a creature if at least one of the warrior''s allies is within 5 ft. of the creature and the ally isn''t incapacitated.', 0, NULL, NULL, 'SpecialAbility'); 
INSERT INTO Action(creatureId, name, description, attackBonus, damageDice, damageBonus, actionCategory) VALUES(286, 'Spear', 'Melee or Ranged Weapon Attack: +3 to hit, reach 5 ft. or range 20/60 ft., one target. Hit: 4 (1d6 + 1) piercing damage, or 5 (1d8 + 1) piercing damage if used with two hands to make a melee attack.', 3, '1d6', 1, 'Action'); 
INSERT INTO Creature VALUES(287, 'Triceratops', 'Huge', 'beast', NULL, 'unaligned', 22, 9, 17, 2, 11, 5, '5', 0); 
INSERT INTO Speed(creatureId, name) VALUES(287, '50 ft.'); 
INSERT INTO Sense(creatureId, description) VALUES(287, 'passive Perception 10'); 
INSERT INTO Language(creatureId, name) VALUES(287, ''); 
INSERT INTO ArmorClass(creatureId, value) VALUES(287, 13); 
INSERT INTO HitPoint(creatureId, value, hitDice) VALUES(287, 95, '10d12'); 
INSERT INTO Action(creatureId, name, description, attackBonus, damageDice, damageBonus, actionCategory) VALUES(287, 'Trampling Charge', 'If the triceratops moves at least 20 ft. straight toward a creature and then hits it with a gore attack on the same turn, that target must succeed on a DC 13 Strength saving throw or be knocked prone. If the target is prone, the triceratops can make one stomp attack against it as a bonus action.', 0, NULL, NULL, 'SpecialAbility'); 
INSERT INTO Action(creatureId, name, description, attackBonus, damageDice, damageBonus, actionCategory) VALUES(287, 'Gore', 'Melee Weapon Attack: +9 to hit, reach 5 ft., one target. Hit: 24 (4d8 + 6) piercing damage.', 9, '4d8', 6, 'Action'); 
INSERT INTO Action(creatureId, name, description, attackBonus, damageDice, damageBonus, actionCategory) VALUES(287, 'Stomp', 'Melee Weapon Attack: +9 to hit, reach 5 ft., one prone creature. Hit: 22 (3d10 + 6) bludgeoning damage', 9, '3d10', 6, 'Action'); 
INSERT INTO Creature VALUES(288, 'Troll', 'Large', 'giant', NULL, 'chaotic evil', 18, 13, 20, 7, 9, 7, '5', 0); 
INSERT INTO Speed(creatureId, name) VALUES(288, '30 ft.'); 
INSERT INTO Skill (creatureId, name, modifier) VALUES(288, 'perception', 2); 
INSERT INTO Sense(creatureId, description) VALUES(288, 'darkvision 60 ft.'); 
INSERT INTO Sense(creatureId, description) VALUES(288, ' passive Perception 12'); 
INSERT INTO Language(creatureId, name) VALUES(288, 'Giant'); 
INSERT INTO ArmorClass(creatureId, value) VALUES(288, 15); 
INSERT INTO HitPoint(creatureId, value, hitDice) VALUES(288, 84, '8d10'); 
INSERT INTO Action(creatureId, name, description, attackBonus, damageDice, damageBonus, actionCategory) VALUES(288, 'Keen Smell', 'The troll has advantage on Wisdom (Perception) checks that rely on smell.', 0, NULL, NULL, 'SpecialAbility'); 
INSERT INTO Action(creatureId, name, description, attackBonus, damageDice, damageBonus, actionCategory) VALUES(288, 'Regeneration', 'The troll regains 10 hit points at the start of its turn. If the troll takes acid or fire damage, this trait doesn''t function at the start of the troll''s next turn. The troll dies only if it starts its turn with 0 hit points and doesn''t regenerate.', 0, NULL, NULL, 'SpecialAbility'); 
INSERT INTO Action(creatureId, name, description, attackBonus, damageDice, damageBonus, actionCategory) VALUES(288, 'Variant: Loathsome Limbs', 'Whenever the troll takes at least 15 slashing damage at one time, roll a d20 to determine what else happens to it:
1-10: Nothing else happens.
11-14: One leg is severed from the troll if it has any legs left.
15- 18: One arm is severed from the troll if it has any arms left.
19-20: The troll is decapitated, but the troll dies only if it can''t regenerate. If it dies, so does the severed head.
If the troll finishes a short or long rest without reattaching a severed limb or head, the part regrows. At that point, the severed part dies. Until then, a severed part acts on the troll''s initiative and has its own action and movement. A severed part has AC 13, 10 hit points, and the troll''s Regeneration trait.
A severed leg is unable to attack and has a speed of 5 feet.
A severed arm has a speed of 5 feet and can make one claw attack on its turn, with disadvantage on the attack roll unless the troll can see the arm and its target. Each time the troll loses an arm, it loses a claw attack.
If its head is severed, the troll loses its bite attack and its body is blinded unless the head can see it. The severed head has a speed of 0 feet and the troll''s Keen Smell trait. It can make a bite attack but only against a target in its space.
The troll''s speed is halved if it''s missing a leg. If it loses both legs, it falls prone. If it has both arms, it can crawl. With only one arm, it can still crawl, but its speed is halved. With no arms or legs, its speed is 0, and it can''t benefit from bonuses to speed.', 0, NULL, NULL, 'SpecialAbility'); 
INSERT INTO Action(creatureId, name, description, attackBonus, damageDice, damageBonus, actionCategory) VALUES(288, 'Multiattack', 'The troll makes three attacks: one with its bite and two with its claws.', 0, NULL, NULL, 'Action'); 
INSERT INTO Action(creatureId, name, description, attackBonus, damageDice, damageBonus, actionCategory) VALUES(288, 'Bite', 'Melee Weapon Attack: +7 to hit, reach 5 ft., one target. Hit: 7 (1d6 + 4) piercing damage.', 7, '1d6', 4, 'Action'); 
INSERT INTO Action(creatureId, name, description, attackBonus, damageDice, damageBonus, actionCategory) VALUES(288, 'Claw', 'Melee Weapon Attack: +7 to hit, reach 5 ft., one target. Hit: 11 (2d6 + 4) slashing damage.', 7, '2d6', 4, 'Action'); 
INSERT INTO Creature VALUES(289, 'Tyrannosaurus Rex', 'Huge', 'beast', NULL, 'unaligned', 25, 10, 19, 2, 12, 9, '8', 0); 
INSERT INTO Speed(creatureId, name) VALUES(289, '50 ft.'); 
INSERT INTO Skill (creatureId, name, modifier) VALUES(289, 'perception', 4); 
INSERT INTO Sense(creatureId, description) VALUES(289, 'passive Perception 14'); 
INSERT INTO Language(creatureId, name) VALUES(289, ''); 
INSERT INTO ArmorClass(creatureId, value) VALUES(289, 13); 
INSERT INTO HitPoint(creatureId, value, hitDice) VALUES(289, 136, '13d12'); 
INSERT INTO Action(creatureId, name, description, attackBonus, damageDice, damageBonus, actionCategory) VALUES(289, 'Multiattack', 'The tyrannosaurus makes two attacks: one with its bite and one with its tail. It can''t make both attacks against the same target.', 0, NULL, NULL, 'Action'); 
INSERT INTO Action(creatureId, name, description, attackBonus, damageDice, damageBonus, actionCategory) VALUES(289, 'Bite', 'Melee Weapon Attack: +10 to hit, reach 10 ft., one target. Hit: 33 (4d12 + 7) piercing damage. If the target is a Medium or smaller creature, it is grappled (escape DC 17). Until this grapple ends, the target is restrained, and the tyrannosaurus can''t bite another target.', 10, '4d12', 7, 'Action'); 
INSERT INTO Action(creatureId, name, description, attackBonus, damageDice, damageBonus, actionCategory) VALUES(289, 'Tail', 'Melee Weapon Attack: +10 to hit, reach 10 ft., one target. Hit: 20 (3d8 + 7) bludgeoning damage.', 10, '3d8', 7, 'Action'); 
INSERT INTO Creature VALUES(290, 'Unicorn', 'Large', 'celestial', NULL, 'lawful good', 18, 14, 15, 11, 17, 16, '5', 0); 
INSERT INTO Speed(creatureId, name) VALUES(290, '50 ft.'); 
INSERT INTO DamageImmunity(creatureId, name) VALUES(290, 'poison'); 
INSERT INTO ConditionImmunity(creatureId, name) VALUES(290, 'charmed, paralyzed, poisoned'); 
INSERT INTO Sense(creatureId, description) VALUES(290, 'darkvision 60 ft.'); 
INSERT INTO Sense(creatureId, description) VALUES(290, ' passive Perception 13'); 
INSERT INTO Language(creatureId, name) VALUES(290, 'Celestial'); 
INSERT INTO Language(creatureId, name) VALUES(290, ' Elvish'); 
INSERT INTO Language(creatureId, name) VALUES(290, ' Sylvan'); 
INSERT INTO Language(creatureId, name) VALUES(290, ' telepathy 60 ft.'); 
INSERT INTO ArmorClass(creatureId, value) VALUES(290, 12); 
INSERT INTO HitPoint(creatureId, value, hitDice) VALUES(290, 67, '9d10'); 
INSERT INTO Action(creatureId, name, description, attackBonus, damageDice, damageBonus, actionCategory) VALUES(290, 'Charge', 'If the unicorn moves at least 20 ft. straight toward a target and then hits it with a horn attack on the same turn, the target takes an extra 9 (2d8) piercing damage. If the target is a creature, it must succeed on a DC 15 Strength saving throw or be knocked prone.', 0, '2d8', NULL, 'SpecialAbility'); 
INSERT INTO Action(creatureId, name, description, attackBonus, damageDice, damageBonus, actionCategory) VALUES(290, 'Innate Spellcasting', 'The unicorn''s innate spellcasting ability is Charisma (spell save DC 14). The unicorn can innately cast the following spells, requiring no components:

At will: detect evil and good, druidcraft, pass without trace
1/day each: calm emotions, dispel evil and good, entangle', 0, NULL, NULL, 'SpecialAbility'); 
INSERT INTO Action(creatureId, name, description, attackBonus, damageDice, damageBonus, actionCategory) VALUES(290, 'Magic Resistance', 'The unicorn has advantage on saving throws against spells and other magical effects.', 0, NULL, NULL, 'SpecialAbility'); 
INSERT INTO Action(creatureId, name, description, attackBonus, damageDice, damageBonus, actionCategory) VALUES(290, 'Magic Weapons', 'The unicorn''s weapon attacks are magical.', 0, NULL, NULL, 'SpecialAbility'); 
INSERT INTO Action(creatureId, name, description, attackBonus, damageDice, damageBonus, actionCategory) VALUES(290, 'Multiattack', 'The unicorn makes two attacks: one with its hooves and one with its horn.', 0, NULL, NULL, 'Action'); 
INSERT INTO Action(creatureId, name, description, attackBonus, damageDice, damageBonus, actionCategory) VALUES(290, 'Hooves', 'Melee Weapon Attack: +7 to hit, reach 5 ft ., one target. Hit: 11 (2d6 + 4) bludgeoning damage.', 7, '2d6', 4, 'Action'); 
INSERT INTO Action(creatureId, name, description, attackBonus, damageDice, damageBonus, actionCategory) VALUES(290, 'Horn', 'Melee Weapon Attack: +7 to hit, reach 5 ft ., one target. Hit: 8 (1d8 + 4) piercing damage.', 7, '1d8', 4, 'Action'); 
INSERT INTO Action(creatureId, name, description, attackBonus, damageDice, damageBonus, actionCategory) VALUES(290, 'Healing Touch (3/Day)', 'The unicorn touches another creature with its horn. The target magically regains 11 (2d8 + 2) hit points. In addition, the touch removes all diseases and neutralizes all poisons afflicting the target.', 0, NULL, NULL, 'Action'); 
INSERT INTO Action(creatureId, name, description, attackBonus, damageDice, damageBonus, actionCategory) VALUES(290, 'Teleport (1/Day)', 'The unicorn magically teleports itself and up to three willing creatures it can see within 5 ft. of it, along with any equipment they are wearing or carrying, to a location the unicorn is familiar with, up to 1 mile away.', 0, NULL, NULL, 'Action'); 
INSERT INTO Action(creatureId, name, description, attackBonus, damageDice, damageBonus, actionCategory) VALUES(290, 'Hooves', 'The unicorn makes one attack with its hooves.', 0, NULL, NULL, 'LegendaryAction'); 
INSERT INTO Action(creatureId, name, description, attackBonus, damageDice, damageBonus, actionCategory) VALUES(290, 'Shimmering Shield (Costs 2 Actions)', 'The unicorn creates a shimmering, magical field around itself or another creature it can see within 60 ft. of it. The target gains a +2 bonus to AC until the end of the unicorn''s next turn.', 0, NULL, NULL, 'LegendaryAction'); 
INSERT INTO Action(creatureId, name, description, attackBonus, damageDice, damageBonus, actionCategory) VALUES(290, 'Heal Self (Costs 3 Actions)', 'The unicorn magically regains 11 (2d8 + 2) hit points.', 0, NULL, NULL, 'LegendaryAction'); 
INSERT INTO Creature VALUES(291, 'Vampire', 'Medium', 'undead', 'shapechanger', 'lawful evil', 18, 18, 18, 17, 15, 18, '13', 0); 
INSERT INTO Speed(creatureId, name) VALUES(291, '30 ft.'); 
INSERT INTO SavingThrow (creatureId, name, modifier) VALUES(291, 'dexterity_save', 9); 
INSERT INTO SavingThrow (creatureId, name, modifier) VALUES(291, 'wisdom_save', 7); 
INSERT INTO SavingThrow (creatureId, name, modifier) VALUES(291, 'charisma_save', 9); 
INSERT INTO Skill (creatureId, name, modifier) VALUES(291, 'perception', 7); 
INSERT INTO Skill (creatureId, name, modifier) VALUES(291, 'stealth', 9); 
INSERT INTO DamageResistance(creatureId, name) VALUES(291, 'necrotic; bludgeoning, piercing, and slashing from nonmagical weapons'); 
INSERT INTO Sense(creatureId, description) VALUES(291, 'darkvision 120 ft.'); 
INSERT INTO Sense(creatureId, description) VALUES(291, ' passive Perception 17'); 
INSERT INTO Language(creatureId, name) VALUES(291, 'the languages it knew in life'); 
INSERT INTO ArmorClass(creatureId, value) VALUES(291, 16); 
INSERT INTO HitPoint(creatureId, value, hitDice) VALUES(291, 144, '17d8'); 
INSERT INTO Action(creatureId, name, description, attackBonus, damageDice, damageBonus, actionCategory) VALUES(291, 'Shapechanger', 'If the vampire isn''t in sun light or running water, it can use its action to polymorph into a Tiny bat or a Medium cloud of mist, or back into its true form.
While in bat form, the vampire can''t speak, its walking speed is 5 feet, and it has a flying speed of 30 feet. Its statistics, other than its size and speed, are unchanged. Anything it is wearing transforms with it, but nothing it is carrying does. It reverts to its true form if it dies.
While in mist form, the vampire can''t take any actions, speak, or manipulate objects. It is weightless, has a flying speed of 20 feet, can hover, and can enter a hostile creature''s space and stop there. In addition, if air can pass through a space, the mist can do so without squeezing, and it can''t pass through water. It has advantage on Strength, Dexterity, and Constitution saving throws, and it is immune to all nonmagical damage, except the damage it takes from sunlight.', 0, NULL, NULL, 'SpecialAbility'); 
INSERT INTO Action(creatureId, name, description, attackBonus, damageDice, damageBonus, actionCategory) VALUES(291, 'Legendary Resistance (3/Day)', 'If the vampire fails a saving throw, it can choose to succeed instead.', 0, NULL, NULL, 'SpecialAbility'); 
INSERT INTO Action(creatureId, name, description, attackBonus, damageDice, damageBonus, actionCategory) VALUES(291, 'Misty Escape', 'When it drops to 0 hit points outside its resting place, the vampire transforms into a cloud of mist (as in the Shapechanger trait) instead of falling unconscious, provided that it isn''t in sunlight or running water. If it can''t transform, it is destroyed.
While it has 0 hit points in mist form, it can''t revert to its vampire form, and it must reach its resting place within 2 hours or be destroyed. Once in its resting place, it reverts to its vampire form. It is then paralyzed until it regains at least 1 hit point. After spending 1 hour in its resting place with 0 hit points, it regains 1 hit point.', 0, NULL, NULL, 'SpecialAbility'); 
INSERT INTO Action(creatureId, name, description, attackBonus, damageDice, damageBonus, actionCategory) VALUES(291, 'Regeneration', 'The vampire regains 20 hit points at the start of its turn if it has at least 1 hit point and isn''t in sunlight or running water. If the vampire takes radiant damage or damage from holy water, this trait doesn''t function at the start of the vampire''s next turn.', 0, NULL, NULL, 'SpecialAbility'); 
INSERT INTO Action(creatureId, name, description, attackBonus, damageDice, damageBonus, actionCategory) VALUES(291, 'Spider Climb', 'The vampire can climb difficult surfaces, including upside down on ceilings, without needing to make an ability check.', 0, NULL, NULL, 'SpecialAbility'); 
INSERT INTO Action(creatureId, name, description, attackBonus, damageDice, damageBonus, actionCategory) VALUES(291, 'Vampire Weaknesses', 'The vampire has the following flaws:
Forbiddance. The vampire can''t enter a residence without an invitation from one of the occupants.
Harmed by Running Water. The vampire takes 20 acid damage if it ends its turn in running water.
Stake to the Heart. If a piercing weapon made of wood is driven into the vampire''s heart while the vampire is incapacitated in its resting place, the vampire is paralyzed until the stake is removed.
Sunlight Hypersensitivity. The vampire takes 20 radiant damage when it starts its turn in sunlight. While in sunlight, it has disadvantage on attack rolls and ability checks.', 0, NULL, NULL, 'SpecialAbility'); 
INSERT INTO Action(creatureId, name, description, attackBonus, damageDice, damageBonus, actionCategory) VALUES(291, 'Multiattack (Vampire Form Only)', 'The vampire makes two attacks, only one of which can be a bite attack.', 0, NULL, NULL, 'Action'); 
INSERT INTO Action(creatureId, name, description, attackBonus, damageDice, damageBonus, actionCategory) VALUES(291, 'Unarmed Strike (Vampire Form Only)', 'Melee Weapon Attack: +9 to hit, reach 5 ft., one creature. Hit: 8 (1d8 + 4) bludgeoning damage. Instead of dealing damage, the vampire can grapple the target (escape DC 18).', 9, '1d8', 4, 'Action'); 
INSERT INTO Action(creatureId, name, description, attackBonus, damageDice, damageBonus, actionCategory) VALUES(291, 'Bite (Bat or Vampire Form Only)', 'Melee Weapon Attack: +9 to hit, reach 5 ft., one willing creature, or a creature that is grappled by the vampire, incapacitated, or restrained. Hit: 7 (1d6 + 4) piercing damage plus 10 (3d6) necrotic damage. The target''s hit point maximum is reduced by an amount equal to the necrotic damage taken, and the vampire regains hit points equal to that amount. The reduction lasts until the target finishes a long rest. The target dies if this effect reduces its hit point maximum to 0. A humanoid slain in this way and then buried in the ground rises the following night as a vampire spawn under the vampire''s control.', 9, '1d6 + 3d6', 4, 'Action'); 
INSERT INTO Action(creatureId, name, description, attackBonus, damageDice, damageBonus, actionCategory) VALUES(291, 'Charm', 'The vampire targets one humanoid it can see within 30 ft. of it. If the target can see the vampire, the target must succeed on a DC 17 Wisdom saving throw against this magic or be charmed by the vampire. The charmed target regards the vampire as a trusted friend to be heeded and protected. Although the target isn''t under the vampire''s control, it takes the vampire''s requests or actions in the most favorable way it can, and it is a willing target for the vampire''s bit attack.
Each time the vampire or the vampire''s companions do anything harmful to the target, it can repeat the saving throw, ending the effect on itself on a success. Otherwise, the effect lasts 24 hours or until the vampire is destroyed, is on a different plane of existence than the target, or takes a bonus action to end the effect.', 0, NULL, NULL, 'Action'); 
INSERT INTO Action(creatureId, name, description, attackBonus, damageDice, damageBonus, actionCategory) VALUES(291, 'Children of the Night (1/Day)', 'The vampire magically calls 2d4 swarms of bats or rats, provided that the sun isn''t up. While outdoors, the vampire can call 3d6 wolves instead. The called creatures arrive in 1d4 rounds, acting as allies of the vampire and obeying its spoken commands. The beasts remain for 1 hour, until the vampire dies, or until the vampire dismisses them as a bonus action.', 0, NULL, NULL, 'Action'); 
INSERT INTO Action(creatureId, name, description, attackBonus, damageDice, damageBonus, actionCategory) VALUES(291, 'Move', 'The vampire moves up to its speed without provoking opportunity attacks.', 0, NULL, NULL, 'LegendaryAction'); 
INSERT INTO Action(creatureId, name, description, attackBonus, damageDice, damageBonus, actionCategory) VALUES(291, 'Unarmed Strike', 'The vampire makes one unarmed strike.', 0, NULL, NULL, 'LegendaryAction'); 
INSERT INTO Action(creatureId, name, description, attackBonus, damageDice, damageBonus, actionCategory) VALUES(291, 'Bite (Costs 2 Actions)', 'The vampire makes one bite attack.', 0, NULL, NULL, 'LegendaryAction'); 
INSERT INTO Creature VALUES(292, 'Vampire Spawn', 'Medium', 'undead', NULL, 'neutral evil', 16, 16, 16, 11, 10, 12, '5', 0); 
INSERT INTO Speed(creatureId, name) VALUES(292, '30 ft.'); 
INSERT INTO SavingThrow (creatureId, name, modifier) VALUES(292, 'dexterity_save', 6); 
INSERT INTO SavingThrow (creatureId, name, modifier) VALUES(292, 'wisdom_save', 3); 
INSERT INTO Skill (creatureId, name, modifier) VALUES(292, 'perception', 3); 
INSERT INTO Skill (creatureId, name, modifier) VALUES(292, 'stealth', 6); 
INSERT INTO DamageResistance(creatureId, name) VALUES(292, 'necrotic; bludgeoning, piercing, and slashing from nonmagical weapons'); 
INSERT INTO Sense(creatureId, description) VALUES(292, 'darkvision 60 ft.'); 
INSERT INTO Sense(creatureId, description) VALUES(292, ' passive Perception 13'); 
INSERT INTO Language(creatureId, name) VALUES(292, 'the languages it knew in life'); 
INSERT INTO ArmorClass(creatureId, value) VALUES(292, 15); 
INSERT INTO HitPoint(creatureId, value, hitDice) VALUES(292, 82, '11d8'); 
INSERT INTO Action(creatureId, name, description, attackBonus, damageDice, damageBonus, actionCategory) VALUES(292, 'Regeneration', 'The vampire regains 10 hit points at the start of its turn if it has at least 1 hit point and isn''t in sunlight or running water. If the vampire takes radiant damage or damage from holy water, this trait doesn''t function at the start of the vampire''s next turn.', 0, NULL, NULL, 'SpecialAbility'); 
INSERT INTO Action(creatureId, name, description, attackBonus, damageDice, damageBonus, actionCategory) VALUES(292, 'Spider Climb', 'The vampire can climb difficult surfaces, including upside down on ceilings, without needing to make an ability check.', 0, NULL, NULL, 'SpecialAbility'); 
INSERT INTO Action(creatureId, name, description, attackBonus, damageDice, damageBonus, actionCategory) VALUES(292, 'Vampire Weaknesses', 'The vampire has the following flaws:
Forbiddance. The vampire can''t enter a residence without an invitation from one of the occupants.
Harmed by Running Water. The vampire takes 20 acid damage when it ends its turn in running water.
Stake to the Heart. The vampire is destroyed if a piercing weapon made of wood is driven into its heart while it is incapacitated in its resting place.
Sunlight Hypersensitivity. The vampire takes 20 radiant damage when it starts its turn in sunlight. While in sunlight, it has disadvantage on attack rolls and ability checks.', 0, NULL, NULL, 'SpecialAbility'); 
INSERT INTO Action(creatureId, name, description, attackBonus, damageDice, damageBonus, actionCategory) VALUES(292, 'Multiattack', 'The vampire makes two attacks, only one of which can be a bite attack.', 0, NULL, NULL, 'Action'); 
INSERT INTO Action(creatureId, name, description, attackBonus, damageDice, damageBonus, actionCategory) VALUES(292, 'Bite', 'Melee Weapon Attack: +6 to hit, reach 5 ft., one willing creature, or a creature that is grappled by the vampire, incapacitated, or restrained. Hit: 6 (1d6 + 3) piercing damage plus 7 (2d6) necrotic damage. The target''s hit point maximum is reduced by an amount equal to the necrotic damage taken, and the vampire regains hit points equal to that amount. The reduction lasts until the target finishes a long rest. The target dies if this effect reduces its hit point maximum to 0.', 61, NULL, NULL, 'Action'); 
INSERT INTO Action(creatureId, name, description, attackBonus, damageDice, damageBonus, actionCategory) VALUES(292, 'Claws', 'Melee Weapon Attack: +6 to hit, reach 5 ft., one creature. Hit: 8 (2d4 + 3) slashing damage. Instead of dealing damage, the vampire can grapple the target (escape DC 13).', 6, '2d4', 3, 'Action'); 
INSERT INTO Creature VALUES(293, 'Veteran', 'Medium', 'humanoid', 'any race', 'any alignment', 16, 13, 14, 10, 11, 10, '3', 0); 
INSERT INTO Speed(creatureId, name) VALUES(293, '30 ft.'); 
INSERT INTO Skill (creatureId, name, modifier) VALUES(293, 'athletics', 5); 
INSERT INTO Skill (creatureId, name, modifier) VALUES(293, 'perception', 2); 
INSERT INTO Sense(creatureId, description) VALUES(293, 'passive Perception 12'); 
INSERT INTO Language(creatureId, name) VALUES(293, 'any one language (usually Common)'); 
INSERT INTO ArmorClass(creatureId, value) VALUES(293, 17); 
INSERT INTO HitPoint(creatureId, value, hitDice) VALUES(293, 58, '9d8'); 
INSERT INTO Action(creatureId, name, description, attackBonus, damageDice, damageBonus, actionCategory) VALUES(293, 'Multiattack', 'The veteran makes two longsword attacks. If it has a shortsword drawn, it can also make a shortsword attack.', 0, NULL, NULL, 'Action'); 
INSERT INTO Action(creatureId, name, description, attackBonus, damageDice, damageBonus, actionCategory) VALUES(293, 'Longsword', 'Melee Weapon Attack: +5 to hit, reach 5 ft., one target. Hit: 7 (1d8 + 3) slashing damage, or 8 (1d10 + 3) slashing damage if used with two hands.', 5, '1d8', 3, 'Action'); 
INSERT INTO Action(creatureId, name, description, attackBonus, damageDice, damageBonus, actionCategory) VALUES(293, 'Shortsword', 'Melee Weapon Attack: +5 to hit, reach 5 ft., one target. Hit: 6 (1d6 + 3) piercing damage.', 5, '1d6', 3, 'Action'); 
INSERT INTO Action(creatureId, name, description, attackBonus, damageDice, damageBonus, actionCategory) VALUES(293, 'Heavy Crossbow', 'Ranged Weapon Attack: +3 to hit, range 100/400 ft., one target. Hit: 6 (1d10 + 1) piercing damage.', 3, '1d10', 1, 'Action'); 
INSERT INTO Creature VALUES(294, 'Violet Fungus', 'Medium', 'plant', NULL, 'unaligned', 3, 1, 10, 1, 3, 1, '1/4', 0); 
INSERT INTO Speed(creatureId, name) VALUES(294, '5 ft.'); 
INSERT INTO ConditionImmunity(creatureId, name) VALUES(294, 'blinded, deafened, frightened'); 
INSERT INTO Sense(creatureId, description) VALUES(294, 'blindsight 30 ft. (blind beyond this radius)'); 
INSERT INTO Sense(creatureId, description) VALUES(294, ' passive Perception 6'); 
INSERT INTO Language(creatureId, name) VALUES(294, ''); 
INSERT INTO ArmorClass(creatureId, value) VALUES(294, 5); 
INSERT INTO HitPoint(creatureId, value, hitDice) VALUES(294, 18, '4d8'); 
INSERT INTO Action(creatureId, name, description, attackBonus, damageDice, damageBonus, actionCategory) VALUES(294, 'False Appearance', 'While the violet fungus remains motionless, it is indistinguishable from an ordinary fungus.', 0, NULL, NULL, 'SpecialAbility'); 
INSERT INTO Action(creatureId, name, description, attackBonus, damageDice, damageBonus, actionCategory) VALUES(294, 'Multiattack', 'The fungus makes 1d4 Rotting Touch attacks.', 0, NULL, NULL, 'Action'); 
INSERT INTO Action(creatureId, name, description, attackBonus, damageDice, damageBonus, actionCategory) VALUES(294, 'Rotting Touch', 'Melee Weapon Attack: +2 to hit, reach 10 ft., one creature. Hit: 4 (1d8) necrotic damage.', 2, '1d8', NULL, 'Action'); 
INSERT INTO Creature VALUES(295, 'Vrock', 'Large', 'fiend', 'demon', 'chaotic evil', 17, 15, 18, 8, 13, 8, '6', 0); 
INSERT INTO Speed(creatureId, name) VALUES(295, '40 ft.'); 
INSERT INTO Speed(creatureId, name) VALUES(295, ' fly 60 ft.'); 
INSERT INTO SavingThrow (creatureId, name, modifier) VALUES(295, 'dexterity_save', 5); 
INSERT INTO SavingThrow (creatureId, name, modifier) VALUES(295, 'wisdom_save', 4); 
INSERT INTO SavingThrow (creatureId, name, modifier) VALUES(295, 'charisma_save', 2); 
INSERT INTO DamageResistance(creatureId, name) VALUES(295, 'cold, fire, lightning; bludgeoning, piercing, and slashing from nonmagical weapons'); 
INSERT INTO DamageImmunity(creatureId, name) VALUES(295, 'poison'); 
INSERT INTO ConditionImmunity(creatureId, name) VALUES(295, 'poisoned'); 
INSERT INTO Sense(creatureId, description) VALUES(295, 'darkvision 120 ft.'); 
INSERT INTO Sense(creatureId, description) VALUES(295, ' passive Perception 11'); 
INSERT INTO Language(creatureId, name) VALUES(295, 'Abyssal'); 
INSERT INTO Language(creatureId, name) VALUES(295, ' telepathy 120 ft.'); 
INSERT INTO ArmorClass(creatureId, value) VALUES(295, 15); 
INSERT INTO HitPoint(creatureId, value, hitDice) VALUES(295, 104, '11d10'); 
INSERT INTO Action(creatureId, name, description, attackBonus, damageDice, damageBonus, actionCategory) VALUES(295, 'Magic Resistance', 'The vrock has advantage on saving throws against spells and other magical effects.', 0, NULL, NULL, 'SpecialAbility'); 
INSERT INTO Action(creatureId, name, description, attackBonus, damageDice, damageBonus, actionCategory) VALUES(295, 'Multiattack', 'The vrock makes two attacks: one with its beak and one with its talons.', 0, NULL, NULL, 'Action'); 
INSERT INTO Action(creatureId, name, description, attackBonus, damageDice, damageBonus, actionCategory) VALUES(295, 'Beak', 'Melee Weapon Attack: +6 to hit, reach 5 ft., one target. Hit: 10 (2d6 + 3) piercing damage.', 6, '2d6', 3, 'Action'); 
INSERT INTO Action(creatureId, name, description, attackBonus, damageDice, damageBonus, actionCategory) VALUES(295, 'Talons', 'Melee Weapon Attack: +6 to hit, reach 5 ft., one target. Hit: 14 (2d10 + 3) slashing damage.', 6, '2d10', 3, 'Action'); 
INSERT INTO Action(creatureId, name, description, attackBonus, damageDice, damageBonus, actionCategory) VALUES(295, 'Spores (Recharge 6)', 'A 15-foot-radius cloud of toxic spores extends out from the vrock. The spores spread around corners. Each creature in that area must succeed on a DC 14 Constitution saving throw or become poisoned. While poisoned in this way, a target takes 5 (1d10) poison damage at the start of each of its turns. A target can repeat the saving throw at the end of each of its turns, ending the effect on itself on a success. Emptying a vial of holy water on the target also ends the effect on it.', 0, NULL, NULL, 'Action'); 
INSERT INTO Action(creatureId, name, description, attackBonus, damageDice, damageBonus, actionCategory) VALUES(295, 'Stunning Screech (1/Day)', 'The vrock emits a horrific screech. Each creature within 20 feet of it that can hear it and that isn''t a demon must succeed on a DC 14 Constitution saving throw or be stunned until the end of the vrock''s next turn .', 0, NULL, NULL, 'Action'); 
INSERT INTO Action(creatureId, name, description, attackBonus, damageDice, damageBonus, actionCategory) VALUES(295, 'Variant: Summon Demon (1/Day)', 'The demon chooses what to summon and attempts a magical summoning.
A vrock has a 30 percent chance of summoning 2d4 dretches or one vrock.
A summoned demon appears in an unoccupied space within 60 feet of its summoner, acts as an ally of its summoner, and can''t summon other demons. It remains for 1 minute, until it or its summoner dies, or until its summoner dismisses it as an action.', 0, NULL, NULL, 'Action'); 
INSERT INTO Creature VALUES(296, 'Vulture', 'Medium', 'beast', NULL, 'unaligned', 7, 10, 13, 2, 12, 4, '0', 0); 
INSERT INTO Speed(creatureId, name) VALUES(296, '10 ft.'); 
INSERT INTO Speed(creatureId, name) VALUES(296, ' fly 50 ft.'); 
INSERT INTO Skill (creatureId, name, modifier) VALUES(296, 'perception', 3); 
INSERT INTO Sense(creatureId, description) VALUES(296, 'passive Perception 13'); 
INSERT INTO Language(creatureId, name) VALUES(296, ''); 
INSERT INTO ArmorClass(creatureId, value) VALUES(296, 10); 
INSERT INTO HitPoint(creatureId, value, hitDice) VALUES(296, 5, '1d8'); 
INSERT INTO Action(creatureId, name, description, attackBonus, damageDice, damageBonus, actionCategory) VALUES(296, 'Keen Sight and Smell', 'The vulture has advantage on Wisdom (Perception) checks that rely on sight or smell.', 0, NULL, NULL, 'SpecialAbility'); 
INSERT INTO Action(creatureId, name, description, attackBonus, damageDice, damageBonus, actionCategory) VALUES(296, 'Pack Tactics', 'The vulture has advantage on an attack roll against a creature if at least one of the vulture''s allies is within 5 ft. of the creature and the ally isn''t incapacitated.', 0, NULL, NULL, 'SpecialAbility'); 
INSERT INTO Action(creatureId, name, description, attackBonus, damageDice, damageBonus, actionCategory) VALUES(296, 'Beak', 'Melee Weapon Attack: +2 to hit, reach 5 ft., one target. Hit: 2 (1d4) piercing damage.', 2, '1d4', NULL, 'Action'); 
INSERT INTO Creature VALUES(297, 'Warhorse', 'Large', 'beast', NULL, 'unaligned', 18, 12, 13, 2, 12, 7, '1/2', 0); 
INSERT INTO Speed(creatureId, name) VALUES(297, '60 ft.'); 
INSERT INTO Sense(creatureId, description) VALUES(297, 'passive Perception 11'); 
INSERT INTO Language(creatureId, name) VALUES(297, ''); 
INSERT INTO ArmorClass(creatureId, value) VALUES(297, 11); 
INSERT INTO HitPoint(creatureId, value, hitDice) VALUES(297, 19, '3d10'); 
INSERT INTO Action(creatureId, name, description, attackBonus, damageDice, damageBonus, actionCategory) VALUES(297, 'Trampling Charge', 'If the horse moves at least 20 ft. straight toward a creature and then hits it with a hooves attack on the same turn, that target must succeed on a DC 14 Strength saving throw or be knocked prone. If the target is prone, the horse can make another attack with its hooves against it as a bonus action.', 0, NULL, NULL, 'SpecialAbility'); 
INSERT INTO Action(creatureId, name, description, attackBonus, damageDice, damageBonus, actionCategory) VALUES(297, 'Hooves', 'Melee Weapon Attack: +6 to hit, reach 5 ft., one target. Hit: 11 (2d6 + 4) bludgeoning damage.', 6, '2d6', 4, 'Action'); 
INSERT INTO Creature VALUES(298, 'Warhorse Skeleton', 'Large', 'undead', NULL, 'lawful evil', 18, 12, 15, 2, 8, 5, '1/2', 0); 
INSERT INTO Speed(creatureId, name) VALUES(298, '60 ft.'); 
INSERT INTO DamageVulnerability(creatureId, name) VALUES(298, 'bludgeoning'); 
INSERT INTO DamageImmunity(creatureId, name) VALUES(298, 'poison'); 
INSERT INTO ConditionImmunity(creatureId, name) VALUES(298, 'exhaustion, poisoned'); 
INSERT INTO Sense(creatureId, description) VALUES(298, 'darkvision 60 ft.'); 
INSERT INTO Sense(creatureId, description) VALUES(298, ' passive Perception 9'); 
INSERT INTO Language(creatureId, name) VALUES(298, ''); 
INSERT INTO ArmorClass(creatureId, value) VALUES(298, 13); 
INSERT INTO HitPoint(creatureId, value, hitDice) VALUES(298, 22, '3d10'); 
INSERT INTO Action(creatureId, name, description, attackBonus, damageDice, damageBonus, actionCategory) VALUES(298, 'Hooves', 'Melee Weapon Attack: +6 to hit, reach 5 ft., one target. Hit: 11 (2d6 + 4) bludgeoning damage.', 6, '2d6', 4, 'Action'); 
INSERT INTO Creature VALUES(299, 'Water Elemental', 'Large', 'elemental', NULL, 'neutral', 18, 14, 18, 5, 10, 8, '5', 0); 
INSERT INTO Speed(creatureId, name) VALUES(299, '30 ft.'); 
INSERT INTO Speed(creatureId, name) VALUES(299, ' swim 90 ft.'); 
INSERT INTO DamageResistance(creatureId, name) VALUES(299, 'acid; bludgeoning, piercing, and slashing from nonmagical weapons'); 
INSERT INTO DamageImmunity(creatureId, name) VALUES(299, 'poison'); 
INSERT INTO ConditionImmunity(creatureId, name) VALUES(299, 'exhaustion, grappled, paralyzed, petrified, poisoned, prone, restrained, unconscious'); 
INSERT INTO Sense(creatureId, description) VALUES(299, 'darkvision 60 ft.'); 
INSERT INTO Sense(creatureId, description) VALUES(299, ' passive Perception 10'); 
INSERT INTO Language(creatureId, name) VALUES(299, 'Aquan'); 
INSERT INTO ArmorClass(creatureId, value) VALUES(299, 14); 
INSERT INTO HitPoint(creatureId, value, hitDice) VALUES(299, 114, '12d10'); 
INSERT INTO Action(creatureId, name, description, attackBonus, damageDice, damageBonus, actionCategory) VALUES(299, 'Water Form', 'The elemental can enter a hostile creature''s space and stop there. It can move through a space as narrow as 1 inch wide without squeezing.', 0, NULL, NULL, 'SpecialAbility'); 
INSERT INTO Action(creatureId, name, description, attackBonus, damageDice, damageBonus, actionCategory) VALUES(299, 'Freeze', 'If the elemental takes cold damage, it partially freezes; its speed is reduced by 20 ft. until the end of its next turn.', 0, NULL, NULL, 'SpecialAbility'); 
INSERT INTO Action(creatureId, name, description, attackBonus, damageDice, damageBonus, actionCategory) VALUES(299, 'Multiattack', 'The elemental makes two slam attacks.', 0, NULL, NULL, 'Action'); 
INSERT INTO Action(creatureId, name, description, attackBonus, damageDice, damageBonus, actionCategory) VALUES(299, 'Slam', 'Melee Weapon Attack: +7 to hit, reach 5 ft., one target. Hit: 13 (2d8 + 4) bludgeoning damage.', 7, '2d8', 4, 'Action'); 
INSERT INTO Action(creatureId, name, description, attackBonus, damageDice, damageBonus, actionCategory) VALUES(299, 'Whelm (Recharge 4-6)', 'Each creature in the elemental''s space must make a DC 15 Strength saving throw. On a failure, a target takes 13 (2d8 + 4) bludgeoning damage. If it is Large or smaller, it is also grappled (escape DC 14). Until this grapple ends, the target is restrained and unable to breathe unless it can breathe water. If the saving throw is successful, the target is pushed out of the elemental''s space.
The elemental can grapple one Large creature or up to two Medium or smaller creatures at one time. At the start of each of the elemental''s turns, each target grappled by it takes 13 (2d8 + 4) bludgeoning damage. A creature within 5 feet of the elemental can pull a creature or object out of it by taking an action to make a DC 14 Strength and succeeding.', 0, NULL, NULL, 'Action'); 
INSERT INTO Creature VALUES(300, 'Weasel', 'Tiny', 'beast', NULL, 'unaligned', 3, 16, 8, 2, 12, 3, '0', 0); 
INSERT INTO Speed(creatureId, name) VALUES(300, '30 ft.'); 
INSERT INTO Skill (creatureId, name, modifier) VALUES(300, 'perception', 3); 
INSERT INTO Skill (creatureId, name, modifier) VALUES(300, 'stealth', 5); 
INSERT INTO Sense(creatureId, description) VALUES(300, 'passive Perception 13'); 
INSERT INTO Language(creatureId, name) VALUES(300, ''); 
INSERT INTO ArmorClass(creatureId, value) VALUES(300, 13); 
INSERT INTO HitPoint(creatureId, value, hitDice) VALUES(300, 1, '1d4'); 
INSERT INTO Action(creatureId, name, description, attackBonus, damageDice, damageBonus, actionCategory) VALUES(300, 'Keen Hearing and Smell', 'The weasel has advantage on Wisdom (Perception) checks that rely on hearing or smell.', 0, NULL, NULL, 'SpecialAbility'); 
INSERT INTO Action(creatureId, name, description, attackBonus, damageDice, damageBonus, actionCategory) VALUES(300, 'Bite', 'Melee Weapon Attack: +5 to hit, reach 5 ft., one creature. Hit: 1 piercing damage.', 5, NULL, 1, 'Action'); 
INSERT INTO Creature VALUES(301, 'Werebear', 'Medium', 'humanoid', 'human', 'neutral good', 19, 10, 17, 11, 12, 12, '5', 0); 
INSERT INTO Speed(creatureId, name) VALUES(301, '30 ft. (40 ft.'); 
INSERT INTO Speed(creatureId, name) VALUES(301, ' climb 30 ft. in bear or hybrid form)'); 
INSERT INTO Skill (creatureId, name, modifier) VALUES(301, 'perception', 7); 
INSERT INTO DamageImmunity(creatureId, name) VALUES(301, 'bludgeoning, piercing, and slashing damage from nonmagical weapons that aren''t silvered'); 
INSERT INTO Sense(creatureId, description) VALUES(301, 'passive Perception 17'); 
INSERT INTO Language(creatureId, name) VALUES(301, 'Common (can''t speak in bear form)'); 
INSERT INTO ArmorClass(creatureId, value) VALUES(301, 10); 
INSERT INTO HitPoint(creatureId, value, hitDice) VALUES(301, 135, '18d8'); 
INSERT INTO Action(creatureId, name, description, attackBonus, damageDice, damageBonus, actionCategory) VALUES(301, 'Shapechanger', 'The werebear can use its action to polymorph into a Large bear-humanoid hybrid or into a Large bear, or back into its true form, which is humanoid. Its statistics, other than its size and AC, are the same in each form. Any equipment it. is wearing or carrying isn''t transformed. It reverts to its true form if it dies.', 0, NULL, NULL, 'SpecialAbility'); 
INSERT INTO Action(creatureId, name, description, attackBonus, damageDice, damageBonus, actionCategory) VALUES(301, 'Keen Smell', 'The werebear has advantage on WisGlom (Perception) checks that rely on smell.', 0, NULL, NULL, 'SpecialAbility'); 
INSERT INTO Action(creatureId, name, description, attackBonus, damageDice, damageBonus, actionCategory) VALUES(301, 'Multiattack', 'In bear form, the werebear makes two claw attacks. In humanoid form, it makes two greataxe attacks. In hybrid form, it can attack like a bear or a humanoid.', 0, NULL, NULL, 'Action'); 
INSERT INTO Action(creatureId, name, description, attackBonus, damageDice, damageBonus, actionCategory) VALUES(301, 'Bite (Bear or Hybrid Form Only)', 'Melee Weapon Attack: +7 to hit, reach 5 ft., one target. Hit: 15 (2d10 + 4) piercing damage. If the target is a humanoid, it must succeed on a DC 14 Constitution saving throw or be cursed with were bear lycanthropy.', 7, '2d10', 4, 'Action'); 
INSERT INTO Action(creatureId, name, description, attackBonus, damageDice, damageBonus, actionCategory) VALUES(301, 'Claw (Bear or Hybrid Form Only)', 'Melee Weapon Attack: +7 to hit, reach 5 ft., one target. Hit: 13 (2d8 + 4) slashing damage.', 7, '2d8', 4, 'Action'); 
INSERT INTO Action(creatureId, name, description, attackBonus, damageDice, damageBonus, actionCategory) VALUES(301, 'Greataxe (Humanoid or Hybrid Form Only)', 'Melee Weapon Attack: +7 to hit, reach 5 ft., one target. Hit: 10 (1d12 + 4) slashing damage.', 7, '1d12', 4, 'Action'); 
INSERT INTO Creature VALUES(302, 'Wereboar', 'Medium', 'humanoid', 'human', 'neutral evil', 17, 10, 15, 10, 11, 8, '4', 0); 
INSERT INTO Speed(creatureId, name) VALUES(302, '30 ft. (40 ft. in boar form)'); 
INSERT INTO Skill (creatureId, name, modifier) VALUES(302, 'perception', 2); 
INSERT INTO DamageImmunity(creatureId, name) VALUES(302, 'bludgeoning, piercing, and slashing damage from nonmagical weapons that aren''t silvered'); 
INSERT INTO Sense(creatureId, description) VALUES(302, 'passive Perception 12'); 
INSERT INTO Language(creatureId, name) VALUES(302, 'Common (can''t speak in boar form)'); 
INSERT INTO ArmorClass(creatureId, value) VALUES(302, 10); 
INSERT INTO HitPoint(creatureId, value, hitDice) VALUES(302, 78, '12d8'); 
INSERT INTO Action(creatureId, name, description, attackBonus, damageDice, damageBonus, actionCategory) VALUES(302, 'Shapechanger', 'The wereboar can use its action to polymorph into a boar-humanoid hybrid or into a boar, or back into its true form, which is humanoid. Its statistics, other than its AC, are the same in each form. Any equipment it is wearing or carrying isn''t transformed. It reverts to its true form if it dies.', 0, NULL, NULL, 'SpecialAbility'); 
INSERT INTO Action(creatureId, name, description, attackBonus, damageDice, damageBonus, actionCategory) VALUES(302, 'Charge (Boar or Hybrid Form Only)', 'If the wereboar moves at least 15 feet straight toward a target and then hits it with its tusks on the same turn, the target takes an extra 7 (2d6) slashing damage. If the target is a creature, it must succeed on a DC 13 Strength saving throw or be knocked prone.', 0, '2d6', NULL, 'SpecialAbility'); 
INSERT INTO Action(creatureId, name, description, attackBonus, damageDice, damageBonus, actionCategory) VALUES(302, 'Relentless (Recharges after a Short or Long Rest)', 'If the wereboar takes 14 damage or less that would reduce it to 0 hit points, it is reduced to 1 hit point instead.', 0, NULL, NULL, 'SpecialAbility'); 
INSERT INTO Action(creatureId, name, description, attackBonus, damageDice, damageBonus, actionCategory) VALUES(302, 'Multiattack (Humanoid or Hybrid Form Only)', 'The wereboar makes two attacks, only one of which can be with its tusks.', 0, NULL, NULL, 'Action'); 
INSERT INTO Action(creatureId, name, description, attackBonus, damageDice, damageBonus, actionCategory) VALUES(302, 'Maul (Humanoid or Hybrid Form Only)', 'Melee Weapon Attack: +5 to hit, reach 5 ft., one target. Hit: 10 (2d6 + 3) bludgeoning damage.', 5, '2d6', 3, 'Action'); 
INSERT INTO Action(creatureId, name, description, attackBonus, damageDice, damageBonus, actionCategory) VALUES(302, 'Tusks (Boar or Hybrid Form Only)', 'Melee Weapon Attack: +5 to hit, reach 5 ft., one target. Hit: 10 (2d6 + 3) slashing damage. If the target is a humanoid, it must succeed on a DC 12 Constitution saving throw or be cursed with wereboar lycanthropy.', 5, '2d6', 3, 'Action'); 
INSERT INTO Creature VALUES(303, 'Wererat', 'Medium', 'humanoid', 'human', 'lawful evil', 10, 15, 12, 11, 10, 8, '2', 0); 
INSERT INTO Speed(creatureId, name) VALUES(303, '30 ft.'); 
INSERT INTO Skill (creatureId, name, modifier) VALUES(303, 'perception', 2); 
INSERT INTO Skill (creatureId, name, modifier) VALUES(303, 'stealth', 4); 
INSERT INTO DamageImmunity(creatureId, name) VALUES(303, 'bludgeoning, piercing, and slashing damage from nonmagical weapons that aren''t silvered'); 
INSERT INTO Sense(creatureId, description) VALUES(303, 'darkvision 60 ft. (rat form only)'); 
INSERT INTO Sense(creatureId, description) VALUES(303, ' passive Perception 12'); 
INSERT INTO Language(creatureId, name) VALUES(303, 'Common (can''t speak in rat form)'); 
INSERT INTO ArmorClass(creatureId, value) VALUES(303, 12); 
INSERT INTO HitPoint(creatureId, value, hitDice) VALUES(303, 33, '6d8'); 
INSERT INTO Action(creatureId, name, description, attackBonus, damageDice, damageBonus, actionCategory) VALUES(303, 'Shapechanger', 'The wererat can use its action to polymorph into a rat-humanoid hybrid or into a giant rat, or back into its true form, which is humanoid. Its statistics, other than its size, are the same in each form. Any equipment it is wearing or carrying isn''t transformed. It reverts to its true form if it dies.', 0, NULL, NULL, 'SpecialAbility'); 
INSERT INTO Action(creatureId, name, description, attackBonus, damageDice, damageBonus, actionCategory) VALUES(303, 'Keen Smell', 'The wererat has advantage on Wisdom (Perception) checks that rely on smell.', 0, NULL, NULL, 'SpecialAbility'); 
INSERT INTO Action(creatureId, name, description, attackBonus, damageDice, damageBonus, actionCategory) VALUES(303, 'Multiattack (Humanoid or Hybrid Form Only)', 'The wererat makes two attacks, only one of which can be a bite.', 0, NULL, NULL, 'Action'); 
INSERT INTO Action(creatureId, name, description, attackBonus, damageDice, damageBonus, actionCategory) VALUES(303, 'Bite (Rat or Hybrid Form Only).', 'Melee Weapon Attack: +4 to hit, reach 5 ft., one target. Hit: 4 (1d4 + 2) piercing damage. If the target is a humanoid, it must succeed on a DC 11 Constitution saving throw or be cursed with wererat lycanthropy.', 4, '1d4', 2, 'Action'); 
INSERT INTO Action(creatureId, name, description, attackBonus, damageDice, damageBonus, actionCategory) VALUES(303, 'Shortsword (Humanoid or Hybrid Form Only)', 'Melee Weapon Attack: +4 to hit, reach 5 ft., one target. Hit: 5 (1d6 + 2) piercing damage.', 4, '1d6', 2, 'Action'); 
INSERT INTO Action(creatureId, name, description, attackBonus, damageDice, damageBonus, actionCategory) VALUES(303, 'Hand Crossbow (Humanoid or Hybrid Form Only)', 'Ranged Weapon Attack: +4 to hit, range 30/120 ft., one target. Hit: 5 (1d6 + 2) piercing damage.', 4, '1d6', 2, 'Action'); 
INSERT INTO Creature VALUES(304, 'Weretiger', 'Medium', 'humanoid', 'human', 'neutral', 17, 15, 16, 10, 13, 11, '4', 0); 
INSERT INTO Speed(creatureId, name) VALUES(304, '30 ft. (40 ft. in tiger form)'); 
INSERT INTO Skill (creatureId, name, modifier) VALUES(304, 'perception', 5); 
INSERT INTO Skill (creatureId, name, modifier) VALUES(304, 'stealth', 4); 
INSERT INTO DamageImmunity(creatureId, name) VALUES(304, 'bludgeoning, piercing, and slashing damage from nonmagical weapons that aren''t silvered'); 
INSERT INTO Sense(creatureId, description) VALUES(304, 'darkvision 60 ft.'); 
INSERT INTO Sense(creatureId, description) VALUES(304, ' passive Perception 15'); 
INSERT INTO Language(creatureId, name) VALUES(304, 'Common (can''t speak in tiger form)'); 
INSERT INTO ArmorClass(creatureId, value) VALUES(304, 12); 
INSERT INTO HitPoint(creatureId, value, hitDice) VALUES(304, 120, '16d8'); 
INSERT INTO Action(creatureId, name, description, attackBonus, damageDice, damageBonus, actionCategory) VALUES(304, 'Shapechanger', 'The weretiger can use its action to polymorph into a tiger-humanoid hybrid or into a tiger, or back into its true form, which is humanoid. Its statistics, other than its size, are the same in each form. Any equipment it is wearing or carrying isn''t transformed. It reverts to its true form if it dies.', 0, NULL, NULL, 'SpecialAbility'); 
INSERT INTO Action(creatureId, name, description, attackBonus, damageDice, damageBonus, actionCategory) VALUES(304, 'Keen Hearing and Smell', 'The weretiger has advantage on Wisdom (Perception) checks that rely on hearing or smell.', 0, NULL, NULL, 'SpecialAbility'); 
INSERT INTO Action(creatureId, name, description, attackBonus, damageDice, damageBonus, actionCategory) VALUES(304, 'Pounce (Tiger or Hybrid Form Only)', 'If the weretiger moves at least 15 feet straight toward a creature and then hits it with a claw attack on the same turn, that target must succeed on a DC 14 Strength saving throw or be knocked prone. If the target is prone, the weretiger can make one bite attack against it as a bonus action.', 0, NULL, NULL, 'SpecialAbility'); 
INSERT INTO Action(creatureId, name, description, attackBonus, damageDice, damageBonus, actionCategory) VALUES(304, 'Multiattack (Humanoid or Hybrid Form Only)', 'In humanoid form, the weretiger makes two scimitar attacks or two longbow attacks. In hybrid form, it can attack like a humanoid or make two claw attacks.', 0, NULL, NULL, 'Action'); 
INSERT INTO Action(creatureId, name, description, attackBonus, damageDice, damageBonus, actionCategory) VALUES(304, 'Bite (Tiger or Hybrid Form Only)', 'Melee Weapon Attack: +5 to hit, reach 5 ft., one target. Hit: 8 (1d10 + 3) piercing damage. If the target is a humanoid, it must succeed on a DC 13 Constitution saving throw or be cursed with weretiger lycanthropy.', 5, '1d10', 3, 'Action'); 
INSERT INTO Action(creatureId, name, description, attackBonus, damageDice, damageBonus, actionCategory) VALUES(304, 'Claw (Tiger or Hybrid Form Only)', 'Melee Weapon Attack: +5 to hit, reach 5 ft., one target. Hit: 7 (1d8 + 3) slashing damage.', 5, '1d8', 3, 'Action'); 
INSERT INTO Action(creatureId, name, description, attackBonus, damageDice, damageBonus, actionCategory) VALUES(304, 'Scimitar (Humanoid or Hybrid Form Only)', 'Melee Weapon Attack: +5 to hit, reach 5 ft., one target. Hit: 6 (1d6 + 3) slashing damage.', 5, '1d6', 3, 'Action'); 
INSERT INTO Action(creatureId, name, description, attackBonus, damageDice, damageBonus, actionCategory) VALUES(304, 'Longbow (Humanoid or Hybrid Form Only)', 'Ranged Weapon Attack: +4 to hit, range 150/600 ft., one target. Hit: 6 (1d8 + 2) piercing damage.', 4, '1d8', 2, 'Action'); 
INSERT INTO Creature VALUES(305, 'Werewolf', 'Medium', 'humanoid', 'human', 'chaotic evil', 15, 13, 14, 10, 11, 10, '3', 0); 
INSERT INTO Speed(creatureId, name) VALUES(305, '30 ft. (40 ft. in wolf form)'); 
INSERT INTO Skill (creatureId, name, modifier) VALUES(305, 'perception', 4); 
INSERT INTO DamageImmunity(creatureId, name) VALUES(305, 'bludgeoning, piercing, and slashing damage from nonmagical weapons that aren''t silvered'); 
INSERT INTO Sense(creatureId, description) VALUES(305, 'passive Perception 14'); 
INSERT INTO Language(creatureId, name) VALUES(305, 'Common (can''t speak in wolf form)'); 
INSERT INTO ArmorClass(creatureId, value) VALUES(305, 11); 
INSERT INTO HitPoint(creatureId, value, hitDice) VALUES(305, 58, '9d8'); 
INSERT INTO Action(creatureId, name, description, attackBonus, damageDice, damageBonus, actionCategory) VALUES(305, 'Shapechanger', 'The werewolf can use its action to polymorph into a wolf-humanoid hybrid or into a wolf, or back into its true form, which is humanoid. Its statistics, other than its AC, are the same in each form. Any equipment it is wearing or carrying isn''t transformed. It reverts to its true form if it dies.', 0, NULL, NULL, 'SpecialAbility'); 
INSERT INTO Action(creatureId, name, description, attackBonus, damageDice, damageBonus, actionCategory) VALUES(305, 'Keen Hearing and Smell', 'The werewolf has advantage on Wisdom (Perception) checks that rely on hearing or smell.', 0, NULL, NULL, 'SpecialAbility'); 
INSERT INTO Action(creatureId, name, description, attackBonus, damageDice, damageBonus, actionCategory) VALUES(305, 'Multiattack (Humanoid or Hybrid Form Only)', 'The werewolf makes two attacks: one with its bite and one with its claws or spear.', 0, NULL, NULL, 'Action'); 
INSERT INTO Action(creatureId, name, description, attackBonus, damageDice, damageBonus, actionCategory) VALUES(305, 'Bite (Wolf or Hybrid Form Only)', 'Melee Weapon Attack: +4 to hit, reach 5 ft., one target. Hit: 6 (1d8 + 2) piercing damage. If the target is a humanoid, it must succeed on a DC 12 Constitution saving throw or be cursed with werewolf lycanthropy.', 4, '1d8', 2, 'Action'); 
INSERT INTO Action(creatureId, name, description, attackBonus, damageDice, damageBonus, actionCategory) VALUES(305, 'Claws (Hybrid Form Only)', 'Melee Weapon Attack: +4 to hit, reach 5 ft., one creature. Hit: 7 (2d4 + 2) slashing damage.', 4, '2d4', 2, 'Action'); 
INSERT INTO Action(creatureId, name, description, attackBonus, damageDice, damageBonus, actionCategory) VALUES(305, 'Spear (Humanoid Form Only)', 'Melee or Ranged Weapon Attack: +4 to hit, reach 5 ft. or range 20/60 ft., one creature. Hit: 5 (1d6 + 2) piercing damage, or 6 (1d8 + 2) piercing damage if used with two hands to make a melee attack.', 4, '1d6', -2, 'Action'); 
INSERT INTO Creature VALUES(306, 'White Dragon Wyrmling', 'Medium', 'dragon', NULL, 'chaotic evil', 14, 10, 14, 5, 10, 11, '2', 0); 
INSERT INTO Speed(creatureId, name) VALUES(306, '30 ft.'); 
INSERT INTO Speed(creatureId, name) VALUES(306, ' burrow 15 ft.'); 
INSERT INTO Speed(creatureId, name) VALUES(306, ' fly 60 ft.'); 
INSERT INTO Speed(creatureId, name) VALUES(306, ' swim 30 ft.'); 
INSERT INTO SavingThrow (creatureId, name, modifier) VALUES(306, 'dexterity_save', 2); 
INSERT INTO SavingThrow (creatureId, name, modifier) VALUES(306, 'constitution_save', 4); 
INSERT INTO SavingThrow (creatureId, name, modifier) VALUES(306, 'wisdom_save', 2); 
INSERT INTO SavingThrow (creatureId, name, modifier) VALUES(306, 'charisma_save', 2); 
INSERT INTO Skill (creatureId, name, modifier) VALUES(306, 'perception', 4); 
INSERT INTO Skill (creatureId, name, modifier) VALUES(306, 'stealth', 2); 
INSERT INTO DamageImmunity(creatureId, name) VALUES(306, 'cold'); 
INSERT INTO Sense(creatureId, description) VALUES(306, 'blindsight 10 ft.'); 
INSERT INTO Sense(creatureId, description) VALUES(306, ' darkvision 60 ft.'); 
INSERT INTO Sense(creatureId, description) VALUES(306, ' passive Perception 14'); 
INSERT INTO Language(creatureId, name) VALUES(306, 'Draconic'); 
INSERT INTO ArmorClass(creatureId, value) VALUES(306, 16); 
INSERT INTO HitPoint(creatureId, value, hitDice) VALUES(306, 32, '5d8'); 
INSERT INTO Action(creatureId, name, description, attackBonus, damageDice, damageBonus, actionCategory) VALUES(306, 'Bite', 'Melee Weapon Attack: +4 to hit, reach 5 ft., one target. Hit: 7 (1d10 + 2) piercing damage plus 2 (1d4) cold damage.', 4, '1d10 + 1d4', 2, 'Action'); 
INSERT INTO Action(creatureId, name, description, attackBonus, damageDice, damageBonus, actionCategory) VALUES(306, 'Cold Breath (Recharge 5-6)', 'The dragon exhales an icy blast of hail in a 15-foot cone. Each creature in that area must make a DC 12 Constitution saving throw, taking 22 (5d8) cold damage on a failed save, or half as much damage on a successful one.', 0, '5d8', NULL, 'Action'); 
INSERT INTO Creature VALUES(307, 'Wight', 'Medium', 'undead', NULL, 'neutral evil', 15, 14, 16, 10, 13, 15, '3', 0); 
INSERT INTO Speed(creatureId, name) VALUES(307, '30 ft.'); 
INSERT INTO Skill (creatureId, name, modifier) VALUES(307, 'perception', 3); 
INSERT INTO Skill (creatureId, name, modifier) VALUES(307, 'stealth', 4); 
INSERT INTO DamageImmunity(creatureId, name) VALUES(307, 'necrotic; bludgeoning, piercing, and slashing from nonmagical weapons that aren''t silvered'); 
INSERT INTO ConditionImmunity(creatureId, name) VALUES(307, 'poisoned'); 
INSERT INTO Sense(creatureId, description) VALUES(307, 'darkvision 60 ft.'); 
INSERT INTO Sense(creatureId, description) VALUES(307, ' passive Perception 13'); 
INSERT INTO Language(creatureId, name) VALUES(307, 'the languages it knew in life'); 
INSERT INTO ArmorClass(creatureId, value) VALUES(307, 14); 
INSERT INTO HitPoint(creatureId, value, hitDice) VALUES(307, 45, '6d8'); 
INSERT INTO Action(creatureId, name, description, attackBonus, damageDice, damageBonus, actionCategory) VALUES(307, 'Sunlight Sensitivity', 'While in sunlight, the wight has disadvantage on attack rolls, as well as on Wisdom (Perception) checks that rely on sight.', 0, NULL, NULL, 'SpecialAbility'); 
INSERT INTO Action(creatureId, name, description, attackBonus, damageDice, damageBonus, actionCategory) VALUES(307, 'Multiattack', 'The wight makes two longsword attacks or two longbow attacks. It can use its Life Drain in place of one longsword attack.', 0, NULL, NULL, 'Action'); 
INSERT INTO Action(creatureId, name, description, attackBonus, damageDice, damageBonus, actionCategory) VALUES(307, 'Life Drain', 'Melee Weapon Attack: +4 to hit, reach 5 ft., one creature. Hit: 5 (1d6 + 2) necrotic damage. The target must succeed on a DC 13 Constitution saving throw or its hit point maximum is reduced by an amount equal to the damage taken. This reduction lasts until the target finishes a long rest. The target dies if this effect reduces its hit point maximum to 0.
A humanoid slain by this attack rises 24 hours later as a zombie under the wight''s control, unless the humanoid is restored to life or its body is destroyed. The wight can have no more than twelve zombies under its control at one time.', 4, '1d6', 2, 'Action'); 
INSERT INTO Action(creatureId, name, description, attackBonus, damageDice, damageBonus, actionCategory) VALUES(307, 'Longsword', 'Melee Weapon Attack: +4 to hit, reach 5 ft., one target. Hit: 6 (1d8 + 2) slashing damage, or 7 (1d10 + 2) slashing damage if used with two hands.', 4, '1d8', 2, 'Action'); 
INSERT INTO Action(creatureId, name, description, attackBonus, damageDice, damageBonus, actionCategory) VALUES(307, 'Longbow', 'Ranged Weapon Attack: +4 to hit, range 150/600 ft., one target. Hit: 6 (1d8 + 2) piercing damage.', 4, '1d8', 2, 'Action'); 
INSERT INTO Creature VALUES(308, 'Will-o''-Wisp', 'Tiny', 'undead', NULL, 'chaotic evil', 1, 28, 10, 13, 14, 11, '2', 0); 
INSERT INTO Speed(creatureId, name) VALUES(308, '0 ft.'); 
INSERT INTO Speed(creatureId, name) VALUES(308, ' fly 50 ft. (hover)'); 
INSERT INTO DamageResistance(creatureId, name) VALUES(308, 'acid, cold, fire, necrotic, thunder; bludgeoning, piercing, and slashing from nonmagical weapons'); 
INSERT INTO DamageImmunity(creatureId, name) VALUES(308, 'lightning, poison'); 
INSERT INTO ConditionImmunity(creatureId, name) VALUES(308, 'exhaustion, grappled, paralyzed, poisoned, prone, restrained, unconscious'); 
INSERT INTO Sense(creatureId, description) VALUES(308, 'darkvision 120 ft.'); 
INSERT INTO Sense(creatureId, description) VALUES(308, ' passive Perception 12'); 
INSERT INTO Language(creatureId, name) VALUES(308, 'the languages it knew in life'); 
INSERT INTO ArmorClass(creatureId, value) VALUES(308, 19); 
INSERT INTO HitPoint(creatureId, value, hitDice) VALUES(308, 22, '9d4'); 
INSERT INTO Action(creatureId, name, description, attackBonus, damageDice, damageBonus, actionCategory) VALUES(308, 'Consume Life', 'As a bonus action, the will-o''-wisp can target one creature it can see within 5 ft. of it that has 0 hit points and is still alive. The target must succeed on a DC 10 Constitution saving throw against this magic or die. If the target dies, the will-o''-wisp regains 10 (3d6) hit points.', 0, NULL, NULL, 'SpecialAbility'); 
INSERT INTO Action(creatureId, name, description, attackBonus, damageDice, damageBonus, actionCategory) VALUES(308, 'Ephemeral', 'The will-o''-wisp can''t wear or carry anything.', 0, NULL, NULL, 'SpecialAbility'); 
INSERT INTO Action(creatureId, name, description, attackBonus, damageDice, damageBonus, actionCategory) VALUES(308, 'Incorporeal Movement', 'The will-o''-wisp can move through other creatures and objects as if they were difficult terrain. It takes 5 (1d10) force damage if it ends its turn inside an object.', 0, NULL, NULL, 'SpecialAbility'); 
INSERT INTO Action(creatureId, name, description, attackBonus, damageDice, damageBonus, actionCategory) VALUES(308, 'Variable Illumination', 'The will-o''-wisp sheds bright light in a 5- to 20-foot radius and dim light for an additional number of ft. equal to the chosen radius. The will-o''-wisp can alter the radius as a bonus action.', 0, NULL, NULL, 'SpecialAbility'); 
INSERT INTO Action(creatureId, name, description, attackBonus, damageDice, damageBonus, actionCategory) VALUES(308, 'Shock', 'Melee Spell Attack: +4 to hit, reach 5 ft., one creature. Hit: 9 (2d8) lightning damage.', 4, '2d8', NULL, 'Action'); 
INSERT INTO Action(creatureId, name, description, attackBonus, damageDice, damageBonus, actionCategory) VALUES(308, 'Invisibility', 'The will-o''-wisp and its light magically become invisible until it attacks or uses its Consume Life, or until its concentration ends (as if concentrating on a spell).', 0, NULL, NULL, 'Action'); 
INSERT INTO Creature VALUES(309, 'Winter Wolf', 'Large', 'monstrosity', NULL, 'neutral evil', 18, 13, 14, 7, 12, 8, '3', 0); 
INSERT INTO Speed(creatureId, name) VALUES(309, '50 ft.'); 
INSERT INTO Skill (creatureId, name, modifier) VALUES(309, 'perception', 5); 
INSERT INTO Skill (creatureId, name, modifier) VALUES(309, 'stealth', 3); 
INSERT INTO DamageImmunity(creatureId, name) VALUES(309, 'cold'); 
INSERT INTO Sense(creatureId, description) VALUES(309, 'passive Perception 15'); 
INSERT INTO Language(creatureId, name) VALUES(309, 'Common'); 
INSERT INTO Language(creatureId, name) VALUES(309, ' Giant'); 
INSERT INTO Language(creatureId, name) VALUES(309, ' Winter Wolf'); 
INSERT INTO ArmorClass(creatureId, value) VALUES(309, 13); 
INSERT INTO HitPoint(creatureId, value, hitDice) VALUES(309, 75, '10d10'); 
INSERT INTO Action(creatureId, name, description, attackBonus, damageDice, damageBonus, actionCategory) VALUES(309, 'Keen Hearing and Smell', 'The wolf has advantage on Wisdom (Perception) checks that rely on hearing or smell.', 0, NULL, NULL, 'SpecialAbility'); 
INSERT INTO Action(creatureId, name, description, attackBonus, damageDice, damageBonus, actionCategory) VALUES(309, 'Pack Tactics', 'The wolf has advantage on an attack roll against a creature if at least one of the wolf''s allies is within 5 ft. of the creature and the ally isn''t incapacitated.', 0, NULL, NULL, 'SpecialAbility'); 
INSERT INTO Action(creatureId, name, description, attackBonus, damageDice, damageBonus, actionCategory) VALUES(309, 'Snow Camouflage', 'The wolf has advantage on Dexterity (Stealth) checks made to hide in snowy terrain.', 0, NULL, NULL, 'SpecialAbility'); 
INSERT INTO Action(creatureId, name, description, attackBonus, damageDice, damageBonus, actionCategory) VALUES(309, 'Bite', 'Melee Weapon Attack: +6 to hit, reach 5 ft., one target. Hit: 11 (2d6 + 4) piercing damage. If the target is a creature, it must succeed on a DC 14 Strength saving throw or be knocked prone.', 6, '2d6', 4, 'Action'); 
INSERT INTO Action(creatureId, name, description, attackBonus, damageDice, damageBonus, actionCategory) VALUES(309, 'Cold Breath (Recharge 5-6)', 'The wolf exhales a blast of freezing wind in a 15-foot cone. Each creature in that area must make a DC 12 Dexterity saving throw, taking 18 (4d8) cold damage on a failed save, or half as much damage on a successful one.', 0, '4d8', NULL, 'Action'); 
INSERT INTO Creature VALUES(310, 'Wolf', 'Medium', 'beast', NULL, 'unaligned', 12, 15, 12, 3, 12, 6, '1/4', 0); 
INSERT INTO Speed(creatureId, name) VALUES(310, '40 ft.'); 
INSERT INTO Skill (creatureId, name, modifier) VALUES(310, 'perception', 3); 
INSERT INTO Skill (creatureId, name, modifier) VALUES(310, 'stealth', 4); 
INSERT INTO Sense(creatureId, description) VALUES(310, 'passive Perception 13'); 
INSERT INTO Language(creatureId, name) VALUES(310, ''); 
INSERT INTO ArmorClass(creatureId, value) VALUES(310, 13); 
INSERT INTO HitPoint(creatureId, value, hitDice) VALUES(310, 11, '2d8'); 
INSERT INTO Action(creatureId, name, description, attackBonus, damageDice, damageBonus, actionCategory) VALUES(310, 'Keen Hearing and Smell', 'The wolf has advantage on Wisdom (Perception) checks that rely on hearing or smell.', 0, NULL, NULL, 'SpecialAbility'); 
INSERT INTO Action(creatureId, name, description, attackBonus, damageDice, damageBonus, actionCategory) VALUES(310, 'Pack Tactics', 'The wolf has advantage on an attack roll against a creature if at least one of the wolf''s allies is within 5 ft. of the creature and the ally isn''t incapacitated.', 0, NULL, NULL, 'SpecialAbility'); 
INSERT INTO Action(creatureId, name, description, attackBonus, damageDice, damageBonus, actionCategory) VALUES(310, 'Bite', 'Melee Weapon Attack: +4 to hit, reach 5 ft., one target. Hit: 7 (2d4 + 2) piercing damage. If the target is a creature, it must succeed on a DC 11 Strength saving throw or be knocked prone.', 4, '2d4', 2, 'Action'); 
INSERT INTO Creature VALUES(311, 'Worg', 'Large', 'monstrosity', NULL, 'neutral evil', 16, 13, 13, 7, 11, 8, '1/2', 0); 
INSERT INTO Speed(creatureId, name) VALUES(311, '50 ft.'); 
INSERT INTO Skill (creatureId, name, modifier) VALUES(311, 'perception', 4); 
INSERT INTO Sense(creatureId, description) VALUES(311, 'darkvision 60 ft.'); 
INSERT INTO Sense(creatureId, description) VALUES(311, ' passive Perception 14'); 
INSERT INTO Language(creatureId, name) VALUES(311, 'Goblin'); 
INSERT INTO Language(creatureId, name) VALUES(311, ' Worg'); 
INSERT INTO ArmorClass(creatureId, value) VALUES(311, 13); 
INSERT INTO HitPoint(creatureId, value, hitDice) VALUES(311, 26, '4d10'); 
INSERT INTO Action(creatureId, name, description, attackBonus, damageDice, damageBonus, actionCategory) VALUES(311, 'Keen Hearing and Smell', 'The worg has advantage on Wisdom (Perception) checks that rely on hearing or smell.', 0, NULL, NULL, 'SpecialAbility'); 
INSERT INTO Action(creatureId, name, description, attackBonus, damageDice, damageBonus, actionCategory) VALUES(311, 'Bite', 'Melee Weapon Attack: +5 to hit, reach 5 ft., one target. Hit: 10 (2d6 + 3) piercing damage. If the target is a creature, it must succeed on a DC 13 Strength saving throw or be knocked prone.', 5, '2d6', 3, 'Action'); 
INSERT INTO Creature VALUES(312, 'Wraith', 'Medium', 'undead', NULL, 'neutral evil', 6, 16, 16, 12, 14, 15, '5', 0); 
INSERT INTO Speed(creatureId, name) VALUES(312, '0 ft.'); 
INSERT INTO Speed(creatureId, name) VALUES(312, ' fly 60 ft. (hover)'); 
INSERT INTO DamageResistance(creatureId, name) VALUES(312, 'acid, cold, fire, lightning, thunder; bludgeoning, piercing, and slashing from nonmagical weapons that aren''t silvered'); 
INSERT INTO DamageImmunity(creatureId, name) VALUES(312, 'necrotic, poison'); 
INSERT INTO ConditionImmunity(creatureId, name) VALUES(312, 'charmed, exhaustion, grappled, paralyzed, petrified, poisoned, prone, restrained'); 
INSERT INTO Sense(creatureId, description) VALUES(312, 'darkvision 60 ft.'); 
INSERT INTO Sense(creatureId, description) VALUES(312, ' passive Perception 12'); 
INSERT INTO Language(creatureId, name) VALUES(312, 'the languages it knew in life'); 
INSERT INTO ArmorClass(creatureId, value) VALUES(312, 13); 
INSERT INTO HitPoint(creatureId, value, hitDice) VALUES(312, 67, '9d8'); 
INSERT INTO Action(creatureId, name, description, attackBonus, damageDice, damageBonus, actionCategory) VALUES(312, 'Incorporeal Movement', 'The wraith can move through other creatures and objects as if they were difficult terrain. It takes 5 (1d10) force damage if it ends its turn inside an object.', 0, NULL, NULL, 'SpecialAbility'); 
INSERT INTO Action(creatureId, name, description, attackBonus, damageDice, damageBonus, actionCategory) VALUES(312, 'Sunlight Sensitivity', 'While in sunlight, the wraith has disadvantage on attack rolls, as well as on Wisdom (Perception) checks that rely on sight.', 0, NULL, NULL, 'SpecialAbility'); 
INSERT INTO Action(creatureId, name, description, attackBonus, damageDice, damageBonus, actionCategory) VALUES(312, 'Life Drain', 'Melee Weapon Attack: +6 to hit, reach 5 ft., one creature. Hit: 21 (4d8 + 3) necrotic damage. The target must succeed on a DC 14 Constitution saving throw or its hit point maximum is reduced by an amount equal to the damage taken. This reduction lasts until the target finishes a long rest. The target dies if this effect reduces its hit point maximum to 0.', 6, '4d8', 3, 'Action'); 
INSERT INTO Action(creatureId, name, description, attackBonus, damageDice, damageBonus, actionCategory) VALUES(312, 'Create Specter', 'The wraith targets a humanoid within 10 feet of it that has been dead for no longer than 1 minute and died violently. The target''s spirit rises as a specter in the space of its corpse or in the nearest unoccupied space. The specter is under the wraith''s control. The wraith can have no more than seven specters under its control at one time.', 0, NULL, NULL, 'Action'); 
INSERT INTO Creature VALUES(313, 'Wyvern', 'Large', 'dragon', NULL, 'unaligned', 19, 10, 16, 5, 12, 6, '6', 0); 
INSERT INTO Speed(creatureId, name) VALUES(313, '20 ft.'); 
INSERT INTO Speed(creatureId, name) VALUES(313, ' fly 80 ft.'); 
INSERT INTO Skill (creatureId, name, modifier) VALUES(313, 'perception', 4); 
INSERT INTO Sense(creatureId, description) VALUES(313, 'darkvision 60 ft.'); 
INSERT INTO Sense(creatureId, description) VALUES(313, ' passive Perception 14'); 
INSERT INTO Language(creatureId, name) VALUES(313, ''); 
INSERT INTO ArmorClass(creatureId, value) VALUES(313, 13); 
INSERT INTO HitPoint(creatureId, value, hitDice) VALUES(313, 110, '13d10'); 
INSERT INTO Action(creatureId, name, description, attackBonus, damageDice, damageBonus, actionCategory) VALUES(313, 'Multiattack', 'The wyvern makes two attacks: one with its bite and one with its stinger. While flying, it can use its claws in place of one other attack.', 0, NULL, NULL, 'Action'); 
INSERT INTO Action(creatureId, name, description, attackBonus, damageDice, damageBonus, actionCategory) VALUES(313, 'Bite', 'Melee Weapon Attack: +7 to hit, reach 10 ft., one creature. Hit: 11 (2d6 + 4) piercing damage.', 7, '2d6', 4, 'Action'); 
INSERT INTO Action(creatureId, name, description, attackBonus, damageDice, damageBonus, actionCategory) VALUES(313, 'Claws', 'Melee Weapon Attack: +7 to hit, reach 5 ft., one target. Hit: 13 (2d8 + 4) slashing damage.', 7, '2d8', 4, 'Action'); 
INSERT INTO Action(creatureId, name, description, attackBonus, damageDice, damageBonus, actionCategory) VALUES(313, 'Stinger', 'Melee Weapon Attack: +7 to hit, reach 10 ft., one creature. Hit: 11 (2d6 + 4) piercing damage. The target must make a DC 15 Constitution saving throw, taking 24 (7d6) poison damage on a failed save, or half as much damage on a successful one.', 7, '2d6', 4, 'Action'); 
INSERT INTO Creature VALUES(314, 'Xorn', 'Medium', 'elemental', NULL, 'neutral', 17, 10, 22, 11, 10, 11, '5', 0); 
INSERT INTO Speed(creatureId, name) VALUES(314, '20 ft.'); 
INSERT INTO Speed(creatureId, name) VALUES(314, ' burrow 20 ft.'); 
INSERT INTO Skill (creatureId, name, modifier) VALUES(314, 'perception', 6); 
INSERT INTO Skill (creatureId, name, modifier) VALUES(314, 'stealth', 3); 
INSERT INTO DamageResistance(creatureId, name) VALUES(314, 'piercing and slashing from nonmagical weapons that aren''t adamantine'); 
INSERT INTO Sense(creatureId, description) VALUES(314, 'darkvision 60 ft.'); 
INSERT INTO Sense(creatureId, description) VALUES(314, ' tremorsense 60 ft.'); 
INSERT INTO Sense(creatureId, description) VALUES(314, ' passive Perception 16'); 
INSERT INTO Language(creatureId, name) VALUES(314, 'Terran'); 
INSERT INTO ArmorClass(creatureId, value) VALUES(314, 19); 
INSERT INTO HitPoint(creatureId, value, hitDice) VALUES(314, 73, '7d8'); 
INSERT INTO Action(creatureId, name, description, attackBonus, damageDice, damageBonus, actionCategory) VALUES(314, 'Earth Glide', 'The xorn can burrow through nonmagical, unworked earth and stone. While doing so, the xorn doesn''t disturb the material it moves through.', 0, NULL, NULL, 'SpecialAbility'); 
INSERT INTO Action(creatureId, name, description, attackBonus, damageDice, damageBonus, actionCategory) VALUES(314, 'Stone Camouflage', 'The xorn has advantage on Dexterity (Stealth) checks made to hide in rocky terrain.', 0, NULL, NULL, 'SpecialAbility'); 
INSERT INTO Action(creatureId, name, description, attackBonus, damageDice, damageBonus, actionCategory) VALUES(314, 'Treasure Sense', 'The xorn can pinpoint, by scent, the location of precious metals and stones, such as coins and gems, within 60 ft. of it.', 0, NULL, NULL, 'SpecialAbility'); 
INSERT INTO Action(creatureId, name, description, attackBonus, damageDice, damageBonus, actionCategory) VALUES(314, 'Multiattack', 'The xorn makes three claw attacks and one bite attack.', 0, NULL, NULL, 'Action'); 
INSERT INTO Action(creatureId, name, description, attackBonus, damageDice, damageBonus, actionCategory) VALUES(314, 'Bite', 'Melee Weapon Attack: +6 to hit, reach 5 ft., one target. Hit: 13 (3d6 + 3) piercing damage.', 6, '3d6', 3, 'Action'); 
INSERT INTO Action(creatureId, name, description, attackBonus, damageDice, damageBonus, actionCategory) VALUES(314, 'Claw', 'Melee Weapon Attack: +6 to hit, reach 5 ft., one target. Hit: 6 (1d6 + 3) slashing damage.', 6, '1d6', 3, 'Action'); 
INSERT INTO Creature VALUES(315, 'Young Black Dragon', 'Large', 'dragon', NULL, 'chaotic evil', 19, 14, 17, 12, 11, 15, '7', 0); 
INSERT INTO Speed(creatureId, name) VALUES(315, '40 ft.'); 
INSERT INTO Speed(creatureId, name) VALUES(315, ' fly 80 ft.'); 
INSERT INTO Speed(creatureId, name) VALUES(315, ' swim 40 ft.'); 
INSERT INTO SavingThrow (creatureId, name, modifier) VALUES(315, 'dexterity_save', 5); 
INSERT INTO SavingThrow (creatureId, name, modifier) VALUES(315, 'constitution_save', 6); 
INSERT INTO SavingThrow (creatureId, name, modifier) VALUES(315, 'wisdom_save', 3); 
INSERT INTO SavingThrow (creatureId, name, modifier) VALUES(315, 'charisma_save', 5); 
INSERT INTO Skill (creatureId, name, modifier) VALUES(315, 'perception', 6); 
INSERT INTO Skill (creatureId, name, modifier) VALUES(315, 'stealth', 5); 
INSERT INTO DamageImmunity(creatureId, name) VALUES(315, 'acid'); 
INSERT INTO Sense(creatureId, description) VALUES(315, 'blindsight 30 ft.'); 
INSERT INTO Sense(creatureId, description) VALUES(315, ' darkvision 120 ft.'); 
INSERT INTO Sense(creatureId, description) VALUES(315, ' passive Perception 16'); 
INSERT INTO Language(creatureId, name) VALUES(315, 'Common'); 
INSERT INTO Language(creatureId, name) VALUES(315, ' Draconic'); 
INSERT INTO ArmorClass(creatureId, value) VALUES(315, 18); 
INSERT INTO HitPoint(creatureId, value, hitDice) VALUES(315, 127, '15d10'); 
INSERT INTO Action(creatureId, name, description, attackBonus, damageDice, damageBonus, actionCategory) VALUES(315, 'Amphibious', 'The dragon can breathe air and water.', 0, NULL, NULL, 'SpecialAbility'); 
INSERT INTO Action(creatureId, name, description, attackBonus, damageDice, damageBonus, actionCategory) VALUES(315, 'Multiattack', 'The dragon makes three attacks: one with its bite and two with its claws.', 0, NULL, NULL, 'Action'); 
INSERT INTO Action(creatureId, name, description, attackBonus, damageDice, damageBonus, actionCategory) VALUES(315, 'Bite', 'Melee Weapon Attack: +7 to hit, reach 10 ft., one target. Hit: 15 (2d10 + 4) piercing damage plus 4 (1d8) acid damage.', 7, '2d10 + 1d8', 4, 'Action'); 
INSERT INTO Action(creatureId, name, description, attackBonus, damageDice, damageBonus, actionCategory) VALUES(315, 'Claw', 'Melee Weapon Attack: +7 to hit, reach 5 ft., one target. Hit: 11 (2d6 + 4) slashing damage.', 7, '2d6', 4, 'Action'); 
INSERT INTO Action(creatureId, name, description, attackBonus, damageDice, damageBonus, actionCategory) VALUES(315, 'Acid Breath (Recharge 5-6)', 'The dragon exhales acid in a 30-foot line that is 5 feet wide. Each creature in that line must make a DC 14 Dexterity saving throw, taking 49 (11d8) acid damage on a failed save, or half as much damage on a successful one.', 0, '11d8', NULL, 'Action'); 
INSERT INTO Creature VALUES(316, 'Young Blue Dragon', 'Large', 'dragon', NULL, 'lawful evil', 21, 10, 19, 14, 13, 17, '9', 0); 
INSERT INTO Speed(creatureId, name) VALUES(316, '40 ft.'); 
INSERT INTO Speed(creatureId, name) VALUES(316, ' burrow 40 ft.'); 
INSERT INTO Speed(creatureId, name) VALUES(316, ' fly 80 ft.'); 
INSERT INTO SavingThrow (creatureId, name, modifier) VALUES(316, 'dexterity_save', 4); 
INSERT INTO SavingThrow (creatureId, name, modifier) VALUES(316, 'constitution_save', 8); 
INSERT INTO SavingThrow (creatureId, name, modifier) VALUES(316, 'wisdom_save', 5); 
INSERT INTO SavingThrow (creatureId, name, modifier) VALUES(316, 'charisma_save', 7); 
INSERT INTO Skill (creatureId, name, modifier) VALUES(316, 'perception', 9); 
INSERT INTO Skill (creatureId, name, modifier) VALUES(316, 'stealth', 4); 
INSERT INTO DamageImmunity(creatureId, name) VALUES(316, 'lightning'); 
INSERT INTO Sense(creatureId, description) VALUES(316, 'blindsight 30 ft.'); 
INSERT INTO Sense(creatureId, description) VALUES(316, ' darkvision 120 ft.'); 
INSERT INTO Sense(creatureId, description) VALUES(316, ' passive Perception 19'); 
INSERT INTO Language(creatureId, name) VALUES(316, 'Common'); 
INSERT INTO Language(creatureId, name) VALUES(316, ' Draconic'); 
INSERT INTO ArmorClass(creatureId, value) VALUES(316, 18); 
INSERT INTO HitPoint(creatureId, value, hitDice) VALUES(316, 152, '16d10'); 
INSERT INTO Action(creatureId, name, description, attackBonus, damageDice, damageBonus, actionCategory) VALUES(316, 'Multiattack', 'The dragon makes three attacks: one with its bite and two with its claws.', 0, NULL, NULL, 'Action'); 
INSERT INTO Action(creatureId, name, description, attackBonus, damageDice, damageBonus, actionCategory) VALUES(316, 'Bite', 'Melee Weapon Attack: +9 to hit, reach 10 ft., one target. Hit: 16 (2d10 + 5) piercing damage plus 5 (1d10) lightning damage.', 9, '2d10 + 1d10', 5, 'Action'); 
INSERT INTO Action(creatureId, name, description, attackBonus, damageDice, damageBonus, actionCategory) VALUES(316, 'Claw', 'Melee Weapon Attack: +9 to hit, reach 5 ft., one target. Hit: 12 (2d6 + 5) slashing damage.', 9, '2d6', 5, 'Action'); 
INSERT INTO Action(creatureId, name, description, attackBonus, damageDice, damageBonus, actionCategory) VALUES(316, 'Lightning Breath (Recharge 5-6)', 'The dragon exhales lightning in an 60-foot line that is 5 feet wide. Each creature in that line must make a DC 16 Dexterity saving throw, taking 55 (10d10) lightning damage on a failed save, or half as much damage on a successful one.', 0, '10d10', NULL, 'Action'); 
INSERT INTO Creature VALUES(317, 'Young Brass Dragon', 'Large', 'dragon', NULL, 'chaotic good', 19, 10, 17, 12, 11, 15, '6', 0); 
INSERT INTO Speed(creatureId, name) VALUES(317, '40 ft.'); 
INSERT INTO Speed(creatureId, name) VALUES(317, ' burrow 20 ft.'); 
INSERT INTO Speed(creatureId, name) VALUES(317, ' fly 80 ft.'); 
INSERT INTO SavingThrow (creatureId, name, modifier) VALUES(317, 'dexterity_save', 3); 
INSERT INTO SavingThrow (creatureId, name, modifier) VALUES(317, 'constitution_save', 6); 
INSERT INTO SavingThrow (creatureId, name, modifier) VALUES(317, 'wisdom_save', 3); 
INSERT INTO SavingThrow (creatureId, name, modifier) VALUES(317, 'charisma_save', 5); 
INSERT INTO Skill (creatureId, name, modifier) VALUES(317, 'perception', 6); 
INSERT INTO Skill (creatureId, name, modifier) VALUES(317, 'persuasion', 5); 
INSERT INTO Skill (creatureId, name, modifier) VALUES(317, 'stealth', 3); 
INSERT INTO DamageImmunity(creatureId, name) VALUES(317, 'fire'); 
INSERT INTO Sense(creatureId, description) VALUES(317, 'blindsight 30 ft.'); 
INSERT INTO Sense(creatureId, description) VALUES(317, ' darkvision 120 ft.'); 
INSERT INTO Sense(creatureId, description) VALUES(317, ' passive Perception 16'); 
INSERT INTO Language(creatureId, name) VALUES(317, 'Common'); 
INSERT INTO Language(creatureId, name) VALUES(317, ' Draconic'); 
INSERT INTO ArmorClass(creatureId, value) VALUES(317, 17); 
INSERT INTO HitPoint(creatureId, value, hitDice) VALUES(317, 110, '13d10'); 
INSERT INTO Action(creatureId, name, description, attackBonus, damageDice, damageBonus, actionCategory) VALUES(317, 'Multiattack', 'The dragon makes three attacks: one with its bite and two with its claws.', 0, NULL, NULL, 'Action'); 
INSERT INTO Action(creatureId, name, description, attackBonus, damageDice, damageBonus, actionCategory) VALUES(317, 'Bite', 'Melee Weapon Attack: +7 to hit, reach 10 ft., one target. Hit: 15 (2d10 + 4) piercing damage.', 7, '2d10', 4, 'Action'); 
INSERT INTO Action(creatureId, name, description, attackBonus, damageDice, damageBonus, actionCategory) VALUES(317, 'Claw', 'Melee Weapon Attack: +7 to hit, reach 5 ft., one target. Hit: 11 (2d6 + 4) slashing damage.', 7, '2d6', 4, 'Action'); 
INSERT INTO Action(creatureId, name, description, attackBonus, damageDice, damageBonus, actionCategory) VALUES(317, 'Breath Weapons (Recharge 5-6)', 'The dragon uses one of the following breath weapons.
Fire Breath. The dragon exhales fire in a 40-foot line that is 5 feet wide. Each creature in that line must make a DC 14 Dexterity saving throw, taking 42 (12d6) fire damage on a failed save, or half as much damage on a successful one.
Sleep Breath. The dragon exhales sleep gas in a 30-foot cone. Each creature in that area must succeed on a DC 14 Constitution saving throw or fall unconscious for 5 minutes. This effect ends for a creature if the creature takes damage or someone uses an action to wake it.', 0, '12d6', NULL, 'Action'); 
INSERT INTO Creature VALUES(318, 'Young Bronze Dragon', 'Large', 'dragon', NULL, 'lawful good', 21, 10, 19, 14, 13, 17, '8', 0); 
INSERT INTO Speed(creatureId, name) VALUES(318, '40 ft.'); 
INSERT INTO Speed(creatureId, name) VALUES(318, ' fly 80 ft.'); 
INSERT INTO Speed(creatureId, name) VALUES(318, ' swim 40 ft.'); 
INSERT INTO SavingThrow (creatureId, name, modifier) VALUES(318, 'dexterity_save', 3); 
INSERT INTO SavingThrow (creatureId, name, modifier) VALUES(318, 'constitution_save', 7); 
INSERT INTO SavingThrow (creatureId, name, modifier) VALUES(318, 'wisdom_save', 4); 
INSERT INTO SavingThrow (creatureId, name, modifier) VALUES(318, 'charisma_save', 6); 
INSERT INTO Skill (creatureId, name, modifier) VALUES(318, 'insight', 4); 
INSERT INTO Skill (creatureId, name, modifier) VALUES(318, 'perception', 7); 
INSERT INTO Skill (creatureId, name, modifier) VALUES(318, 'stealth', 3); 
INSERT INTO DamageImmunity(creatureId, name) VALUES(318, 'lightning'); 
INSERT INTO Sense(creatureId, description) VALUES(318, 'blindsight 30 ft.'); 
INSERT INTO Sense(creatureId, description) VALUES(318, ' darkvision 120 ft.'); 
INSERT INTO Sense(creatureId, description) VALUES(318, ' passive Perception 17'); 
INSERT INTO Language(creatureId, name) VALUES(318, 'Common'); 
INSERT INTO Language(creatureId, name) VALUES(318, ' Draconic'); 
INSERT INTO ArmorClass(creatureId, value) VALUES(318, 18); 
INSERT INTO HitPoint(creatureId, value, hitDice) VALUES(318, 142, '15d10'); 
INSERT INTO Action(creatureId, name, description, attackBonus, damageDice, damageBonus, actionCategory) VALUES(318, 'Amphibious', 'The dragon can breathe air and water.', 0, NULL, NULL, 'SpecialAbility'); 
INSERT INTO Action(creatureId, name, description, attackBonus, damageDice, damageBonus, actionCategory) VALUES(318, 'Multiattack', 'The dragon makes three attacks: one with its bite and two with its claws.', 0, NULL, NULL, 'Action'); 
INSERT INTO Action(creatureId, name, description, attackBonus, damageDice, damageBonus, actionCategory) VALUES(318, 'Bite', 'Melee Weapon Attack: +8 to hit, reach 10 ft., one target. Hit: 16 (2d10 + 5) piercing damage.', 8, '2d10', 5, 'Action'); 
INSERT INTO Action(creatureId, name, description, attackBonus, damageDice, damageBonus, actionCategory) VALUES(318, 'Claw', 'Melee Weapon Attack: +8 to hit, reach 5 ft., one target. Hit: 12 (2d6 + 5) slashing damage.', 8, '2d6', 5, 'Action'); 
INSERT INTO Action(creatureId, name, description, attackBonus, damageDice, damageBonus, actionCategory) VALUES(318, 'Breath Weapons (Recharge 5-6)', 'The dragon uses one of the following breath weapons.
Lightning Breath. The dragon exhales lightning in a 60-foot line that is 5 feet wide. Each creature in that line must make a DC 15 Dexterity saving throw, taking 55 (10d10) lightning damage on a failed save, or half as much damage on a successful one.
Repulsion Breath. The dragon exhales repulsion energy in a 30-foot cone. Each creature in that area must succeed on a DC 15 Strength saving throw. On a failed save, the creature is pushed 40 feet away from the dragon.', 0, '10d10', NULL, 'Action'); 
INSERT INTO Creature VALUES(319, 'Young Copper Dragon', 'Large', 'dragon', NULL, 'chaotic good', 19, 12, 17, 16, 13, 15, '7', 0); 
INSERT INTO Speed(creatureId, name) VALUES(319, '40 ft.'); 
INSERT INTO Speed(creatureId, name) VALUES(319, ' climb 40 ft.'); 
INSERT INTO Speed(creatureId, name) VALUES(319, ' fly 80 ft.'); 
INSERT INTO SavingThrow (creatureId, name, modifier) VALUES(319, 'dexterity_save', 4); 
INSERT INTO SavingThrow (creatureId, name, modifier) VALUES(319, 'constitution_save', 6); 
INSERT INTO SavingThrow (creatureId, name, modifier) VALUES(319, 'wisdom_save', 4); 
INSERT INTO SavingThrow (creatureId, name, modifier) VALUES(319, 'charisma_save', 5); 
INSERT INTO Skill (creatureId, name, modifier) VALUES(319, 'deception', 5); 
INSERT INTO Skill (creatureId, name, modifier) VALUES(319, 'perception', 7); 
INSERT INTO Skill (creatureId, name, modifier) VALUES(319, 'stealth', 4); 
INSERT INTO DamageImmunity(creatureId, name) VALUES(319, 'acid'); 
INSERT INTO Sense(creatureId, description) VALUES(319, 'blindsight 30 ft.'); 
INSERT INTO Sense(creatureId, description) VALUES(319, ' darkvision 120 ft.'); 
INSERT INTO Sense(creatureId, description) VALUES(319, ' passive Perception 17'); 
INSERT INTO Language(creatureId, name) VALUES(319, 'Common'); 
INSERT INTO Language(creatureId, name) VALUES(319, ' Draconic'); 
INSERT INTO ArmorClass(creatureId, value) VALUES(319, 17); 
INSERT INTO HitPoint(creatureId, value, hitDice) VALUES(319, 119, '14d10'); 
INSERT INTO Action(creatureId, name, description, attackBonus, damageDice, damageBonus, actionCategory) VALUES(319, 'Multiattack', 'The dragon makes three attacks: one with its bite and two with its claws.', 0, NULL, NULL, 'Action'); 
INSERT INTO Action(creatureId, name, description, attackBonus, damageDice, damageBonus, actionCategory) VALUES(319, 'Bite', 'Melee Weapon Attack: +7 to hit, reach 10 ft., one target. Hit: 15 (2d10 + 4) piercing damage.', 7, '2d10', 4, 'Action'); 
INSERT INTO Action(creatureId, name, description, attackBonus, damageDice, damageBonus, actionCategory) VALUES(319, 'Claw', 'Melee Weapon Attack: +7 to hit, reach 5 ft., one target. Hit: 11 (2d6 + 4) slashing damage.', 7, '2d6', 4, 'Action'); 
INSERT INTO Action(creatureId, name, description, attackBonus, damageDice, damageBonus, actionCategory) VALUES(319, 'Breath Weapons (Recharge 5-6)', 'The dragon uses one of the following breath weapons.
Acid Breath. The dragon exhales acid in an 40-foot line that is 5 feet wide. Each creature in that line must make a DC 14 Dexterity saving throw, taking 40 (9d8) acid damage on a failed save, or half as much damage on a successful one.
Slowing Breath. The dragon exhales gas in a 30-foot cone. Each creature in that area must succeed on a DC 14 Constitution saving throw. On a failed save, the creature can''t use reactions, its speed is halved, and it can''t make more than one attack on its turn. In addition, the creature can use either an action or a bonus action on its turn, but not both. These effects last for 1 minute. The creature can repeat the saving throw at the end of each of its turns, ending the effect on itself with a successful save.', 0, '9d8', NULL, 'Action'); 
INSERT INTO Creature VALUES(320, 'Young Gold Dragon', 'Large', 'dragon', NULL, 'lawful good', 23, 14, 21, 16, 13, 20, '10', 0); 
INSERT INTO Speed(creatureId, name) VALUES(320, '40 ft.'); 
INSERT INTO Speed(creatureId, name) VALUES(320, ' fly 80 ft.'); 
INSERT INTO Speed(creatureId, name) VALUES(320, ' swim 40 ft.'); 
INSERT INTO SavingThrow (creatureId, name, modifier) VALUES(320, 'dexterity_save', 6); 
INSERT INTO SavingThrow (creatureId, name, modifier) VALUES(320, 'constitution_save', 9); 
INSERT INTO SavingThrow (creatureId, name, modifier) VALUES(320, 'wisdom_save', 5); 
INSERT INTO SavingThrow (creatureId, name, modifier) VALUES(320, 'charisma_save', 9); 
INSERT INTO Skill (creatureId, name, modifier) VALUES(320, 'insight', 5); 
INSERT INTO Skill (creatureId, name, modifier) VALUES(320, 'perception', 9); 
INSERT INTO Skill (creatureId, name, modifier) VALUES(320, 'persuasion', 9); 
INSERT INTO Skill (creatureId, name, modifier) VALUES(320, 'stealth', 6); 
INSERT INTO DamageImmunity(creatureId, name) VALUES(320, 'fire'); 
INSERT INTO Sense(creatureId, description) VALUES(320, 'blindsight 30 ft.'); 
INSERT INTO Sense(creatureId, description) VALUES(320, ' darkvision 120 ft.'); 
INSERT INTO Sense(creatureId, description) VALUES(320, ' passive Perception 19'); 
INSERT INTO Language(creatureId, name) VALUES(320, 'Common'); 
INSERT INTO Language(creatureId, name) VALUES(320, ' Draconic'); 
INSERT INTO ArmorClass(creatureId, value) VALUES(320, 18); 
INSERT INTO HitPoint(creatureId, value, hitDice) VALUES(320, 178, '17d10'); 
INSERT INTO Action(creatureId, name, description, attackBonus, damageDice, damageBonus, actionCategory) VALUES(320, 'Amphibious', 'The dragon can breathe air and water.', 0, NULL, NULL, 'SpecialAbility'); 
INSERT INTO Action(creatureId, name, description, attackBonus, damageDice, damageBonus, actionCategory) VALUES(320, 'Multiattack', 'The dragon makes three attacks: one with its bite and two with its claws.', 0, NULL, NULL, 'Action'); 
INSERT INTO Action(creatureId, name, description, attackBonus, damageDice, damageBonus, actionCategory) VALUES(320, 'Bite', 'Melee Weapon Attack: +10 to hit, reach 10 ft., one target. Hit: 17 (2d10 + 6) piercing damage.', 10, '2d10', 6, 'Action'); 
INSERT INTO Action(creatureId, name, description, attackBonus, damageDice, damageBonus, actionCategory) VALUES(320, 'Claw', 'Melee Weapon Attack: +10 to hit, reach 5 ft., one target. Hit: 13 (2d6 + 6) slashing damage.', 10, '2d6', 6, 'Action'); 
INSERT INTO Action(creatureId, name, description, attackBonus, damageDice, damageBonus, actionCategory) VALUES(320, 'Breath Weapons (Recharge 5-6)', 'The dragon uses one of the following breath weapons.
Fire Breath. The dragon exhales fire in a 30-foot cone. Each creature in that area must make a DC 17 Dexterity saving throw, taking 55 (10d10) fire damage on a failed save, or half as much damage on a successful one.
Weakening Breath. The dragon exhales gas in a 30-foot cone. Each creature in that area must succeed on a DC 17 Strength saving throw or have disadvantage on Strength-based attack rolls, Strength checks, and Strength saving throws for 1 minute. A creature can repeat the saving throw at the end of each of its turns, ending the effect on itself on a success.', 0, '10d10', NULL, 'Action'); 
INSERT INTO Creature VALUES(321, 'Young Green Dragon', 'Large', 'dragon', NULL, 'lawful evil', 19, 12, 17, 16, 13, 15, '8', 0); 
INSERT INTO Speed(creatureId, name) VALUES(321, '40 ft.'); 
INSERT INTO Speed(creatureId, name) VALUES(321, ' fly 80 ft.'); 
INSERT INTO Speed(creatureId, name) VALUES(321, ' swim 40 ft.'); 
INSERT INTO SavingThrow (creatureId, name, modifier) VALUES(321, 'dexterity_save', 4); 
INSERT INTO SavingThrow (creatureId, name, modifier) VALUES(321, 'constitution_save', 6); 
INSERT INTO SavingThrow (creatureId, name, modifier) VALUES(321, 'wisdom_save', 4); 
INSERT INTO SavingThrow (creatureId, name, modifier) VALUES(321, 'charisma_save', 5); 
INSERT INTO Skill (creatureId, name, modifier) VALUES(321, 'deception', 5); 
INSERT INTO Skill (creatureId, name, modifier) VALUES(321, 'perception', 7); 
INSERT INTO Skill (creatureId, name, modifier) VALUES(321, 'stealth', 4); 
INSERT INTO DamageImmunity(creatureId, name) VALUES(321, 'poison'); 
INSERT INTO ConditionImmunity(creatureId, name) VALUES(321, 'poisoned'); 
INSERT INTO Sense(creatureId, description) VALUES(321, 'blindsight 30 ft.'); 
INSERT INTO Sense(creatureId, description) VALUES(321, ' darkvision 120 ft.'); 
INSERT INTO Sense(creatureId, description) VALUES(321, ' passive Perception 17'); 
INSERT INTO Language(creatureId, name) VALUES(321, 'Common'); 
INSERT INTO Language(creatureId, name) VALUES(321, ' Draconic'); 
INSERT INTO ArmorClass(creatureId, value) VALUES(321, 18); 
INSERT INTO HitPoint(creatureId, value, hitDice) VALUES(321, 136, '16d10'); 
INSERT INTO Action(creatureId, name, description, attackBonus, damageDice, damageBonus, actionCategory) VALUES(321, 'Amphibious', 'The dragon can breathe air and water.', 0, NULL, NULL, 'SpecialAbility'); 
INSERT INTO Action(creatureId, name, description, attackBonus, damageDice, damageBonus, actionCategory) VALUES(321, 'Multiattack', 'The dragon makes three attacks: one with its bite and two with its claws.', 0, NULL, NULL, 'Action'); 
INSERT INTO Action(creatureId, name, description, attackBonus, damageDice, damageBonus, actionCategory) VALUES(321, 'Bite', 'Melee Weapon Attack: +7 to hit, reach 10 ft., one target. Hit: 15 (2d10 + 4) piercing damage plus 7 (2d6) poison damage.', 7, '2d10 + 2d6', 4, 'Action'); 
INSERT INTO Action(creatureId, name, description, attackBonus, damageDice, damageBonus, actionCategory) VALUES(321, 'Claw', 'Melee Weapon Attack: +7 to hit, reach 5 ft., one target. Hit: 11 (2d6 + 4) slashing damage.', 7, '2d6', 4, 'Action'); 
INSERT INTO Action(creatureId, name, description, attackBonus, damageDice, damageBonus, actionCategory) VALUES(321, 'Poison Breath (Recharge 5-6)', 'The dragon exhales poisonous gas in a 30-foot cone. Each creature in that area must make a DC 14 Constitution saving throw, taking 42 (12d6) poison damage on a failed save, or half as much damage on a successful one.', 0, '12d6', NULL, 'Action'); 
INSERT INTO Creature VALUES(322, 'Young Red Dragon', 'Large', 'dragon', NULL, 'chaotic evil', 23, 10, 21, 14, 11, 19, '10', 0); 
INSERT INTO Speed(creatureId, name) VALUES(322, '40 ft.'); 
INSERT INTO Speed(creatureId, name) VALUES(322, ' climb 40 ft.'); 
INSERT INTO Speed(creatureId, name) VALUES(322, ' fly 80 ft.'); 
INSERT INTO SavingThrow (creatureId, name, modifier) VALUES(322, 'dexterity_save', 4); 
INSERT INTO SavingThrow (creatureId, name, modifier) VALUES(322, 'constitution_save', 9); 
INSERT INTO SavingThrow (creatureId, name, modifier) VALUES(322, 'wisdom_save', 4); 
INSERT INTO SavingThrow (creatureId, name, modifier) VALUES(322, 'charisma_save', 8); 
INSERT INTO Skill (creatureId, name, modifier) VALUES(322, 'perception', 8); 
INSERT INTO Skill (creatureId, name, modifier) VALUES(322, 'stealth', 4); 
INSERT INTO DamageImmunity(creatureId, name) VALUES(322, 'fire'); 
INSERT INTO Sense(creatureId, description) VALUES(322, 'blindsight 30 ft.'); 
INSERT INTO Sense(creatureId, description) VALUES(322, ' darkvision 120 ft.'); 
INSERT INTO Sense(creatureId, description) VALUES(322, ' passive Perception 18'); 
INSERT INTO Language(creatureId, name) VALUES(322, 'Common'); 
INSERT INTO Language(creatureId, name) VALUES(322, ' Draconic'); 
INSERT INTO ArmorClass(creatureId, value) VALUES(322, 18); 
INSERT INTO HitPoint(creatureId, value, hitDice) VALUES(322, 178, '17d10'); 
INSERT INTO Action(creatureId, name, description, attackBonus, damageDice, damageBonus, actionCategory) VALUES(322, 'Multiattack', 'The dragon makes three attacks: one with its bite and two with its claws.', 0, NULL, NULL, 'Action'); 
INSERT INTO Action(creatureId, name, description, attackBonus, damageDice, damageBonus, actionCategory) VALUES(322, 'Bite', 'Melee Weapon Attack: +10 to hit, reach 10 ft., one target. Hit: 17 (2d10 + 6) piercing damage plus 3 (1d6) fire damage.', 10, '2d10 + 1d6', 6, 'Action'); 
INSERT INTO Action(creatureId, name, description, attackBonus, damageDice, damageBonus, actionCategory) VALUES(322, 'Claw', 'Melee Weapon Attack: +10 to hit, reach 5 ft., one target. Hit: 13 (2d6 + 6) slashing damage.', 10, '2d6', 6, 'Action'); 
INSERT INTO Action(creatureId, name, description, attackBonus, damageDice, damageBonus, actionCategory) VALUES(322, 'Fire Breath (Recharge 5-6)', 'The dragon exhales fire in a 30-foot cone. Each creature in that area must make a DC 17 Dexterity saving throw, taking 56 (16d6) fire damage on a failed save, or half as much damage on a successful one.', 0, '16d6', NULL, 'Action'); 
INSERT INTO Creature VALUES(323, 'Young Silver Dragon', 'Large', 'dragon', NULL, 'lawful good', 23, 10, 21, 14, 11, 19, '9', 0); 
INSERT INTO Speed(creatureId, name) VALUES(323, '40 ft.'); 
INSERT INTO Speed(creatureId, name) VALUES(323, ' fly 80 ft.'); 
INSERT INTO SavingThrow (creatureId, name, modifier) VALUES(323, 'dexterity_save', 4); 
INSERT INTO SavingThrow (creatureId, name, modifier) VALUES(323, 'constitution_save', 9); 
INSERT INTO SavingThrow (creatureId, name, modifier) VALUES(323, 'wisdom_save', 4); 
INSERT INTO SavingThrow (creatureId, name, modifier) VALUES(323, 'charisma_save', 8); 
INSERT INTO Skill (creatureId, name, modifier) VALUES(323, 'arcana', 6); 
INSERT INTO Skill (creatureId, name, modifier) VALUES(323, 'history', 6); 
INSERT INTO Skill (creatureId, name, modifier) VALUES(323, 'perception', 8); 
INSERT INTO Skill (creatureId, name, modifier) VALUES(323, 'stealth', 4); 
INSERT INTO DamageImmunity(creatureId, name) VALUES(323, 'cold'); 
INSERT INTO Sense(creatureId, description) VALUES(323, 'blindsight 30 ft.'); 
INSERT INTO Sense(creatureId, description) VALUES(323, ' darkvision 120 ft.'); 
INSERT INTO Sense(creatureId, description) VALUES(323, ' passive Perception 18'); 
INSERT INTO Language(creatureId, name) VALUES(323, 'Common'); 
INSERT INTO Language(creatureId, name) VALUES(323, ' Draconic'); 
INSERT INTO ArmorClass(creatureId, value) VALUES(323, 18); 
INSERT INTO HitPoint(creatureId, value, hitDice) VALUES(323, 168, '16d10'); 
INSERT INTO Action(creatureId, name, description, attackBonus, damageDice, damageBonus, actionCategory) VALUES(323, 'Multiattack', 'The dragon makes three attacks: one with its bite and two with its claws.', 0, NULL, NULL, 'Action'); 
INSERT INTO Action(creatureId, name, description, attackBonus, damageDice, damageBonus, actionCategory) VALUES(323, 'Bite', 'Melee Weapon Attack: +10 to hit, reach 10 ft., one target. Hit: 17 (2d10 + 6) piercing damage.', 10, '2d10', 6, 'Action'); 
INSERT INTO Action(creatureId, name, description, attackBonus, damageDice, damageBonus, actionCategory) VALUES(323, 'Claw', 'Melee Weapon Attack: +10 to hit, reach 5 ft., one target. Hit: 13 (2d6 + 6) slashing damage.', 10, '2d6', 6, 'Action'); 
INSERT INTO Action(creatureId, name, description, attackBonus, damageDice, damageBonus, actionCategory) VALUES(323, 'Breath Weapons (Recharge 5-6)', 'The dragon uses one of the following breath weapons.
Cold Breath. The dragon exhales an icy blast in a 30-foot cone. Each creature in that area must make a DC 17 Constitution saving throw, taking 54 (12d8) cold damage on a failed save, or half as much damage on a successful one.
Paralyzing Breath. The dragon exhales paralyzing gas in a 30-foot cone. Each creature in that area must succeed on a DC 17 Constitution saving throw or be paralyzed for 1 minute. A creature can repeat the saving throw at the end of each of its turns, ending the effect on itself on a success.', 0, '12d8', NULL, 'Action'); 
INSERT INTO Creature VALUES(324, 'Young White Dragon', 'Large', 'dragon', NULL, 'chaotic evil', 18, 10, 18, 6, 11, 12, '6', 0); 
INSERT INTO Speed(creatureId, name) VALUES(324, '40 ft.'); 
INSERT INTO Speed(creatureId, name) VALUES(324, ' burrow 20 ft.'); 
INSERT INTO Speed(creatureId, name) VALUES(324, ' fly 80 ft.'); 
INSERT INTO Speed(creatureId, name) VALUES(324, ' swim 40 ft.'); 
INSERT INTO SavingThrow (creatureId, name, modifier) VALUES(324, 'dexterity_save', 3); 
INSERT INTO SavingThrow (creatureId, name, modifier) VALUES(324, 'constitution_save', 7); 
INSERT INTO SavingThrow (creatureId, name, modifier) VALUES(324, 'wisdom_save', 3); 
INSERT INTO SavingThrow (creatureId, name, modifier) VALUES(324, 'charisma_save', 4); 
INSERT INTO Skill (creatureId, name, modifier) VALUES(324, 'perception', 6); 
INSERT INTO Skill (creatureId, name, modifier) VALUES(324, 'stealth', 3); 
INSERT INTO DamageImmunity(creatureId, name) VALUES(324, 'cold'); 
INSERT INTO Sense(creatureId, description) VALUES(324, 'blindsight 30 ft.'); 
INSERT INTO Sense(creatureId, description) VALUES(324, ' darkvision 120 ft.'); 
INSERT INTO Sense(creatureId, description) VALUES(324, ' passive Perception 16'); 
INSERT INTO Language(creatureId, name) VALUES(324, 'Common'); 
INSERT INTO Language(creatureId, name) VALUES(324, ' Draconic'); 
INSERT INTO ArmorClass(creatureId, value) VALUES(324, 17); 
INSERT INTO HitPoint(creatureId, value, hitDice) VALUES(324, 133, '14d10'); 
INSERT INTO Action(creatureId, name, description, attackBonus, damageDice, damageBonus, actionCategory) VALUES(324, 'Ice Walk', 'The dragon can move across and climb icy surfaces without needing to make an ability check. Additionally, difficult terrain composed of ice or snow doesn''t cost it extra moment.', 0, NULL, NULL, 'SpecialAbility'); 
INSERT INTO Action(creatureId, name, description, attackBonus, damageDice, damageBonus, actionCategory) VALUES(324, 'Multiattack', 'The dragon makes three attacks: one with its bite and two with its claws.', 0, NULL, NULL, 'Action'); 
INSERT INTO Action(creatureId, name, description, attackBonus, damageDice, damageBonus, actionCategory) VALUES(324, 'Bite', 'Melee Weapon Attack: +7 to hit, reach 10 ft., one target. Hit: 15 (2d10 + 4) piercing damage plus 4 (1d8) cold damage.', 7, '2d10 + 1d8', 4, 'Action'); 
INSERT INTO Action(creatureId, name, description, attackBonus, damageDice, damageBonus, actionCategory) VALUES(324, 'Claw', 'Melee Weapon Attack: +7 to hit, reach 5 ft., one target. Hit: 11 (2d6 + 4) slashing damage.', 7, '2d6', 4, 'Action'); 
INSERT INTO Action(creatureId, name, description, attackBonus, damageDice, damageBonus, actionCategory) VALUES(324, 'Cold Breath (Recharge 5-6)', 'The dragon exhales an icy blast in a 30-foot cone. Each creature in that area must make a DC 15 Constitution saving throw, taking 45 (10d8) cold damage on a failed save, or half as much damage on a successful one.', 0, '10d8', NULL, 'Action'); 
INSERT INTO Creature VALUES(325, 'Zombie', 'Medium', 'undead', NULL, 'neutral evil', 13, 6, 16, 3, 6, 5, '1/4', 0); 
INSERT INTO Speed(creatureId, name) VALUES(325, '20 ft.'); 
INSERT INTO SavingThrow (creatureId, name, modifier) VALUES(325, 'wisdom_save', 0); 
INSERT INTO ConditionImmunity(creatureId, name) VALUES(325, 'poisoned'); 
INSERT INTO Sense(creatureId, description) VALUES(325, 'darkvision 60 ft.'); 
INSERT INTO Sense(creatureId, description) VALUES(325, ' passive Perception 8'); 
INSERT INTO Language(creatureId, name) VALUES(325, 'understands all languages it spoke in life but can''t speak'); 
INSERT INTO ArmorClass(creatureId, value) VALUES(325, 8); 
INSERT INTO HitPoint(creatureId, value, hitDice) VALUES(325, 22, '3d8'); 
INSERT INTO Action(creatureId, name, description, attackBonus, damageDice, damageBonus, actionCategory) VALUES(325, 'Undead Fortitude', 'If damage reduces the zombie to 0 hit points, it must make a Constitution saving throw with a DC of 5+the damage taken, unless the damage is radiant or from a critical hit. On a success, the zombie drops to 1 hit point instead.', 0, NULL, NULL, 'SpecialAbility'); 
INSERT INTO Action(creatureId, name, description, attackBonus, damageDice, damageBonus, actionCategory) VALUES(325, 'Slam', 'Melee Weapon Attack: +3 to hit, reach 5 ft., one target. Hit: 4 (1d6 + 1) bludgeoning damage.', 3, '1d6', 1, 'Action'); 